municipio;provincia;ccaa;longitude;latitude
Hellín;Albacete;Castilla - La Mancha;-1.703138;38.525597
Villamalea;Albacete;Castilla - La Mancha;-1.608328;39.353107
Villarrobledo;Albacete;Castilla - La Mancha;-2.592007;39.276703
Caudete;Albacete;Castilla - La Mancha;-0.982179;38.70723
Casas-Ibáñez;Albacete;Castilla - La Mancha;-1.475396;39.28618
Albacete;Albacete;Castilla - La Mancha;-1.823691;38.96892
Albacete;Albacete;Castilla - La Mancha;-1.852448;38.996376
Albacete;Albacete;Castilla - La Mancha;-1.853826;38.983826
Albacete;Albacete;Castilla - La Mancha;-1.86342;38.99696
Hellín;Albacete;Castilla - La Mancha;-1.694384;38.53256
Albacete;Albacete;Castilla - La Mancha;-1.885834;39.006577
Albacete;Albacete;Castilla - La Mancha;-1.883171;39.007713
Albacete;Albacete;Castilla - La Mancha;-1.883201;39.007942
Albacete;Albacete;Castilla - La Mancha;-1.893863;39.016384
Hellín;Albacete;Castilla - La Mancha;-1.69813;38.50884
Tarazona de la Mancha;Albacete;Castilla - La Mancha;-1.918196;39.261654
Albacete;Albacete;Castilla - La Mancha;-1.845965;38.9842
Albacete;Albacete;Castilla - La Mancha;-1.845947;38.984135
Roda, La;Albacete;Castilla - La Mancha;-2.160749;39.204227
Gineta, La;Albacete;Castilla - La Mancha;-2.03989;39.13535
Albacete;Albacete;Castilla - La Mancha;-1.8881468;39.02962
Tarazona de la Mancha;Albacete;Castilla - La Mancha;-1.912183;39.256268
Albacete;Albacete;Castilla - La Mancha;-1.880189;39.008118
Albacete;Albacete;Castilla - La Mancha;-1.880095;39.008507
Albacete;Albacete;Castilla - La Mancha;-1.881468;38.94093
Albacete;Albacete;Castilla - La Mancha;-1.874904;39.01291
Villamalea;Albacete;Castilla - La Mancha;-1.592568;39.366665
Almansa;Albacete;Castilla - La Mancha;-1.100252;38.87484
Gineta, La;Albacete;Castilla - La Mancha;-1.990407;39.10762
Chinchilla de Monte-Aragón;Albacete;Castilla - La Mancha;-1.757928;38.937634
Elche de la Sierra;Albacete;Castilla - La Mancha;-2.044565;38.45115
Albacete;Albacete;Castilla - La Mancha;-1.863038;38.99837
Albacete;Albacete;Castilla - La Mancha;-1.878388;39.0069
Albacete;Albacete;Castilla - La Mancha;-1.876648;39.00926
Albacete;Albacete;Castilla - La Mancha;-1.849593;39.0009
Albacete;Albacete;Castilla - La Mancha;-1.89013;39.02596
Albacete;Albacete;Castilla - La Mancha;-1.8535;38.994595
Minaya;Albacete;Castilla - La Mancha;-2.32532;39.27403
Almansa;Albacete;Castilla - La Mancha;-1.123808;38.86826
Chinchilla de Monte-Aragón;Albacete;Castilla - La Mancha;-1.519374;38.900448
Roda, La;Albacete;Castilla - La Mancha;-2.148308;39.202175
Chinchilla de Monte-Aragón;Albacete;Castilla - La Mancha;-1.758911;38.938072
Albacete;Albacete;Castilla - La Mancha;-1.832255;38.93009
Albacete;Albacete;Castilla - La Mancha;-1.847515;38.99828
Alicante/Alacant;Alicante/Alacant;Valencia;-0.52295;38.3466
Alicante/Alacant;Alicante/Alacant;Valencia;-0.523464;38.346
Alcoy/Alcoi;Alicante/Alacant;Valencia;-0.475138;38.69797
Alicante/Alacant;Alicante/Alacant;Valencia;-0.500036;38.36444
Altea;Alicante/Alacant;Valencia;-0.0568;38.5987
Aspe;Alicante/Alacant;Valencia;-0.776662;38.3385
Biar;Alicante/Alacant;Valencia;-0.77442;38.627117
Castalla;Alicante/Alacant;Valencia;-0.671744;38.59398
Dénia;Alicante/Alacant;Valencia;0.119804;38.834736
Elche/Elx;Alicante/Alacant;Valencia;-0.62374;38.294167
Elche/Elx;Alicante/Alacant;Valencia;-0.726308;38.259014
Finestrat;Alicante/Alacant;Valencia;-0.176935;38.53953
Granja de Rocamora;Alicante/Alacant;Valencia;-0.89056;38.15459
Jávea/Xàbia;Alicante/Alacant;Valencia;0.172425;38.78792
Novelda;Alicante/Alacant;Valencia;-0.764488;38.38224
Orihuela;Alicante/Alacant;Valencia;-0.939216;38.091522
Torrevieja;Alicante/Alacant;Valencia;-0.718611;37.96299
Alicante/Alacant;Alicante/Alacant;Valencia;-0.43573;38.40172
Petrer;Alicante/Alacant;Valencia;-0.778572;38.49028
Santa Pola;Alicante/Alacant;Valencia;-0.564977;38.19119
Pilar de la Horadada;Alicante/Alacant;Valencia;-0.78204;37.86661
Elche/Elx;Alicante/Alacant;Valencia;-0.76604;37.87915
Cocentaina;Alicante/Alacant;Valencia;-0.441111;38.73515
Banyeres de Mariola;Alicante/Alacant;Valencia;-0.670299;38.72065
Cox;Alicante/Alacant;Valencia;-0.886352;38.14625
Elda;Alicante/Alacant;Valencia;-0.787742;38.477016
Guardamar del Segura;Alicante/Alacant;Valencia;-0.651899;38.065907
Mutxamel;Alicante/Alacant;Valencia;-0.446807;38.41727
Benimeli;Alicante/Alacant;Valencia;-0.032272;38.81829
Agost;Alicante/Alacant;Valencia;-0.636028;38.438484
Alcoy/Alcoi;Alicante/Alacant;Valencia;-0.465961;38.711784
Alicante/Alacant;Alicante/Alacant;Valencia;-0.524816;38.343643
Finestrat;Alicante/Alacant;Valencia;-0.173274;38.534218
Benissa;Alicante/Alacant;Valencia;0.05805;38.71713
Petrer;Alicante/Alacant;Valencia;-0.783455;38.478302
Busot;Alicante/Alacant;Valencia;-0.416068;38.485493
Pilar de la Horadada;Alicante/Alacant;Valencia;-0.781537;37.85934
Elche/Elx;Alicante/Alacant;Valencia;-0.771837;37.86651
Monforte del Cid;Alicante/Alacant;Valencia;-0.73085;38.3812
Santa Pola;Alicante/Alacant;Valencia;-0.551085;38.232796
Santa Pola;Alicante/Alacant;Valencia;-0.550035;38.233334
Albatera;Alicante/Alacant;Valencia;-0.87299;38.17642
Alicante/Alacant;Alicante/Alacant;Valencia;-0.501862;38.33672
Alicante/Alacant;Alicante/Alacant;Valencia;-0.505994;38.37438
Muro de Alcoy;Alicante/Alacant;Valencia;-0.436893;38.7802
Alicante/Alacant;Alicante/Alacant;Valencia;-0.488763;38.348495
Benissa;Alicante/Alacant;Valencia;0.04487;38.6887
Gata de Gorgos;Alicante/Alacant;Valencia;0.089651;38.77674
Monóvar/Monòver;Alicante/Alacant;Valencia;-0.842376;38.437798
Orihuela;Alicante/Alacant;Valencia;-0.736747;37.927982
Torrevieja;Alicante/Alacant;Valencia;-0.688681;37.992558
Ibi;Alicante/Alacant;Valencia;-0.575153;38.623524
Torrevieja;Alicante/Alacant;Valencia;-0.74049;37.95523
Jávea/Xàbia;Alicante/Alacant;Valencia;0.179311;38.794903
Villajoyosa/Vila Joiosa, la;Alicante/Alacant;Valencia;-0.170386;38.528423
Alicante/Alacant;Alicante/Alacant;Valencia;-0.417234;38.36523
Alicante/Alacant;Alicante/Alacant;Valencia;-0.555785;38.348522
Alicante/Alacant;Alicante/Alacant;Valencia;-0.451484;38.382797
Benidorm;Alicante/Alacant;Valencia;-0.120126;38.543095
Busot;Alicante/Alacant;Valencia;-0.423569;38.479256
Dénia;Alicante/Alacant;Valencia;0.095453;38.8464
Dénia;Alicante/Alacant;Valencia;0.149787;38.82533
Dénia;Alicante/Alacant;Valencia;0.095257;38.83936
Elche/Elx;Alicante/Alacant;Valencia;-0.668533;38.272537
Finestrat;Alicante/Alacant;Valencia;-0.211517;38.56898
Sax;Alicante/Alacant;Valencia;-0.816022;38.53718
Villena;Alicante/Alacant;Valencia;-0.859275;38.62051
Villajoyosa/Vila Joiosa, la;Alicante/Alacant;Valencia;-0.232546;38.512222
Alicante/Alacant;Alicante/Alacant;Valencia;-0.463482;38.369053
Banyeres de Mariola;Alicante/Alacant;Valencia;-0.65965;38.717567
Almudaina;Alicante/Alacant;Valencia;-0.378748;38.753574
Finestrat;Alicante/Alacant;Valencia;-0.171923;38.53453
Almoradí;Alicante/Alacant;Valencia;-0.78867;38.1116
Ibi;Alicante/Alacant;Valencia;-0.585144;38.61901
Ondara;Alicante/Alacant;Valencia;0.020513;38.81733
Ondara;Alicante/Alacant;Valencia;0.02378;38.81839
Poblets, els;Alicante/Alacant;Valencia;0.016283;38.84919
Ondara;Alicante/Alacant;Valencia;0.024529;38.81816
Alicante/Alacant;Alicante/Alacant;Valencia;-0.486502;38.337406
Alicante/Alacant;Alicante/Alacant;Valencia;-0.4446;38.3689
Elche/Elx;Alicante/Alacant;Valencia;-0.685025;38.25962
Benimantell;Alicante/Alacant;Valencia;-0.204622;38.679703
Campello, el;Alicante/Alacant;Valencia;-0.317895;38.474712
Jijona/Xixona;Alicante/Alacant;Valencia;-0.50134;38.54265
Orihuela;Alicante/Alacant;Valencia;-0.954704;38.08724
San Miguel de Salinas;Alicante/Alacant;Valencia;-0.779692;37.975693
Bolulla;Alicante/Alacant;Valencia;-0.104368;38.695107
Alicante/Alacant;Alicante/Alacant;Valencia;-0.42935;38.39756
San Vicente del Raspeig/Sant Vicent del Raspeig;Alicante/Alacant;Valencia;-0.51141;38.39146
Benimeli;Alicante/Alacant;Valencia;-0.049855;38.82143
Benidorm;Alicante/Alacant;Valencia;-0.138498;38.53779
Benidorm;Alicante/Alacant;Valencia;-0.131631;38.541424
Calp;Alicante/Alacant;Valencia;0.050358;38.646214
Villena;Alicante/Alacant;Valencia;-0.86612;38.62969
Alcalalí;Alicante/Alacant;Valencia;-0.0066;38.772
Teulada;Alicante/Alacant;Valencia;0.13521;38.689
Benitachell/Poble Nou de Benitatxell, el;Alicante/Alacant;Valencia;0.16213;38.7292
Mutxamel;Alicante/Alacant;Valencia;-0.430638;38.44443
Ondara;Alicante/Alacant;Valencia;0.017271;38.832306
Elche/Elx;Alicante/Alacant;Valencia;-0.719889;38.260113
Alicante/Alacant;Alicante/Alacant;Valencia;-0.519264;38.345173
Almoradí;Alicante/Alacant;Valencia;-0.78217;38.10461
Beniarbeig;Alicante/Alacant;Valencia;-0.001921;38.822
Benferri;Alicante/Alacant;Valencia;-0.963258;38.14215
Benidorm;Alicante/Alacant;Valencia;-0.129555;38.53905
Finestrat;Alicante/Alacant;Valencia;-0.179449;38.53643
Finestrat;Alicante/Alacant;Valencia;-0.172388;38.534412
Beniardá;Alicante/Alacant;Valencia;-0.199333;38.67582
Elche/Elx;Alicante/Alacant;Valencia;-0.671596;38.270294
Elche/Elx;Alicante/Alacant;Valencia;-0.721213;38.278404
Ondara;Alicante/Alacant;Valencia;0.022161;38.82211
Daya Vieja;Alicante/Alacant;Valencia;-0.657107;38.117607
Alicante/Alacant;Alicante/Alacant;Valencia;-0.4662;38.36976
Guardamar del Segura;Alicante/Alacant;Valencia;-0.64914;38.07902
Alicante/Alacant;Alicante/Alacant;Valencia;-0.498615;38.35458
San Vicente del Raspeig/Sant Vicent del Raspeig;Alicante/Alacant;Valencia;-0.51791;38.39962
Finestrat;Alicante/Alacant;Valencia;-0.172169;38.533257
Calp;Alicante/Alacant;Valencia;0.048847;38.645912
Alicante/Alacant;Alicante/Alacant;Valencia;-0.427699;38.401768
Pedreguer;Alicante/Alacant;Valencia;0.063078;38.79001
Pedreguer;Alicante/Alacant;Valencia;0.063435;38.791656
Poblets, els;Alicante/Alacant;Valencia;0.012828;38.862835
Finestrat;Alicante/Alacant;Valencia;-0.173006;38.534832
Villajoyosa/Vila Joiosa, la;Alicante/Alacant;Valencia;-0.2033622;38.534855
Villajoyosa/Vila Joiosa, la;Alicante/Alacant;Valencia;-0.2022194;38.53609
Ondara;Alicante/Alacant;Valencia;0.02096;38.82633
Alicante/Alacant;Alicante/Alacant;Valencia;-0.494975;38.34227
Calp;Alicante/Alacant;Valencia;0.045641;38.64342
Torrevieja;Alicante/Alacant;Valencia;-0.683925;37.97608
Dolores;Alicante/Alacant;Valencia;-0.759072;38.128506
Orihuela;Alicante/Alacant;Valencia;-0.937232;38.081707
Elche/Elx;Alicante/Alacant;Valencia;-0.668755;38.272427
Elche/Elx;Alicante/Alacant;Valencia;-0.668756;38.272427
Elche/Elx;Alicante/Alacant;Valencia;-0.719718;38.279377
Elche/Elx;Alicante/Alacant;Valencia;-0.691958;38.26399
Alicante/Alacant;Alicante/Alacant;Valencia;-0.489135;38.34334
Muro de Alcoy;Alicante/Alacant;Valencia;-0.430758;38.781635
Muro de Alcoy;Alicante/Alacant;Valencia;-0.430728;38.781605
Nucia, la;Alicante/Alacant;Valencia;-0.125949;38.581493
Nucia, la;Alicante/Alacant;Valencia;-0.125749;38.581474
Granja de Rocamora;Alicante/Alacant;Valencia;-0.88228;38.154568
Santa Pola;Alicante/Alacant;Valencia;-0.563431;38.19655
Ondara;Alicante/Alacant;Valencia;0.0200943;38.817425
Benissa;Alicante/Alacant;Valencia;0.1060201;38.677696
Finestrat;Alicante/Alacant;Valencia;-0.1784732;38.537148
Alicante/Alacant;Alicante/Alacant;Valencia;-0.4874857;38.36385
Cocentaina;Alicante/Alacant;Valencia;-0.4396248;38.74516
Alicante/Alacant;Alicante/Alacant;Valencia;-0.4395056;38.407974
Alicante/Alacant;Alicante/Alacant;Valencia;-0.4894164;38.363297
Finestrat;Alicante/Alacant;Valencia;-0.1819151;38.5383
Poblets, els;Alicante/Alacant;Valencia;0.005802;38.851574
Torrevieja;Alicante/Alacant;Valencia;-0.6735261;37.99416
Dénia;Alicante/Alacant;Valencia;0.1216042;38.838657
Jávea/Xàbia;Alicante/Alacant;Valencia;0.1867511;38.798767
Elche/Elx;Alicante/Alacant;Valencia;-0.719688;38.279346
Alicante/Alacant;Alicante/Alacant;Valencia;-0.519125;38.344955
Jávea/Xàbia;Alicante/Alacant;Valencia;0.189205;38.76287
Orihuela;Alicante/Alacant;Valencia;-0.953564;38.08761
Catral;Alicante/Alacant;Valencia;-0.8;38.162
Torrevieja;Alicante/Alacant;Valencia;-0.68426;37.98403
Torrevieja;Alicante/Alacant;Valencia;-0.704895;38.020496
Villajoyosa/Vila Joiosa, la;Alicante/Alacant;Valencia;-0.169893;38.527187
Alicante/Alacant;Alicante/Alacant;Valencia;-0.119227;38.64853
Formentera del Segura;Alicante/Alacant;Valencia;-0.70384;38.05669
Formentera del Segura;Alicante/Alacant;Valencia;-0.70357;38.05678
Alicante/Alacant;Alicante/Alacant;Valencia;-0.467428;38.35867
Alicante/Alacant;Alicante/Alacant;Valencia;-0.489797;38.347614
Campello, el;Alicante/Alacant;Valencia;-0.397384;38.432507
Villajoyosa/Vila Joiosa, la;Alicante/Alacant;Valencia;-0.172003;38.53102
Elda;Alicante/Alacant;Valencia;-0.785561;38.464874
Calp;Alicante/Alacant;Valencia;0.072857;38.649944
Villena;Alicante/Alacant;Valencia;-0.868269;38.63781
Elche/Elx;Alicante/Alacant;Valencia;-0.690417;38.272495
Dénia;Alicante/Alacant;Valencia;0.092768;38.83793
Alicante/Alacant;Alicante/Alacant;Valencia;-0.509315;38.37629
Elche/Elx;Alicante/Alacant;Valencia;-0.698257;38.250813
Dénia;Alicante/Alacant;Valencia;0.097714;38.839325
Torrevieja;Alicante/Alacant;Valencia;-0.687151;37.98816
Alicante/Alacant;Alicante/Alacant;Valencia;-0.497515;38.37026
Alicante/Alacant;Alicante/Alacant;Valencia;-0.523203;38.34496
Alcoy/Alcoi;Alicante/Alacant;Valencia;-0.472659;38.70958
Elche/Elx;Alicante/Alacant;Valencia;-0.678737;38.258636
Albatera;Alicante/Alacant;Valencia;-0.853956;38.174843
Castalla;Alicante/Alacant;Valencia;-0.669506;38.601162
San Vicente del Raspeig/Sant Vicent del Raspeig;Alicante/Alacant;Valencia;-0.534131;38.401493
Almoradí;Alicante/Alacant;Valencia;-0.797157;38.10547
Pinós, el/Pinoso;Alicante/Alacant;Valencia;-1.046852;38.40267
Elche/Elx;Alicante/Alacant;Valencia;-0.538824;38.27588
Almoradí;Alicante/Alacant;Valencia;-0.799904;38.101017
Teulada;Alicante/Alacant;Valencia;0.091984;38.729446
Calp;Alicante/Alacant;Valencia;0.04581;38.646046
Villajoyosa/Vila Joiosa, la;Alicante/Alacant;Valencia;-0.228598;38.511154
Crevillent;Alicante/Alacant;Valencia;-0.790679;38.23335
Elda;Alicante/Alacant;Valencia;-0.786906;38.467503
Finestrat;Alicante/Alacant;Valencia;-0.172849;38.538696
Alicante/Alacant;Alicante/Alacant;Valencia;-0.498731;38.376095
Crevillent;Alicante/Alacant;Valencia;-0.798186;38.248543
Alicante/Alacant;Alicante/Alacant;Valencia;-0.523061;38.344532
San Vicente del Raspeig/Sant Vicent del Raspeig;Alicante/Alacant;Valencia;-0.505632;38.390522
Benijófar;Alicante/Alacant;Valencia;-0.733703;38.068665
Alicante/Alacant;Alicante/Alacant;Valencia;-0.438919;38.406437
Elche/Elx;Alicante/Alacant;Valencia;-0.702185;38.177162
San Vicente del Raspeig/Sant Vicent del Raspeig;Alicante/Alacant;Valencia;-0.5118;38.3884
Mutxamel;Alicante/Alacant;Valencia;-0.4639;38.407
Algorfa;Alicante/Alacant;Valencia;-0.7464553;38.05856
Alicante/Alacant;Alicante/Alacant;Valencia;-0.467583;38.359688
Alicante/Alacant;Alicante/Alacant;Valencia;-0.470017;38.3573
Alfàs del Pi, l';Alicante/Alacant;Valencia;-0.095398;38.572956
Torrevieja;Alicante/Alacant;Valencia;-0.7431636;37.968998
Novelda;Alicante/Alacant;Valencia;-0.755092;38.38837
Benitachell/Poble Nou de Benitatxell, el;Alicante/Alacant;Valencia;0.140677;38.716415
Alcoy/Alcoi;Alicante/Alacant;Valencia;-0.480732;38.697636
Calp;Alicante/Alacant;Valencia;0.072172;38.65017
Ondara;Alicante/Alacant;Valencia;0.021604;38.81555
Elche/Elx;Alicante/Alacant;Valencia;-0.723604;38.278908
Daya Vieja;Alicante/Alacant;Valencia;-0.657141;38.11664
Finestrat;Alicante/Alacant;Valencia;-0.169479;38.534702
Ondara;Alicante/Alacant;Valencia;0.014397;38.830196
Alicante/Alacant;Alicante/Alacant;Valencia;-0.48708;38.33836
Alicante/Alacant;Alicante/Alacant;Valencia;-0.47881;38.34163
Alcoy/Alcoi;Alicante/Alacant;Valencia;-0.482249;38.699608
Aspe;Alicante/Alacant;Valencia;-0.769093;38.34756
Benidorm;Alicante/Alacant;Valencia;-0.148497;38.53855
Dénia;Alicante/Alacant;Valencia;0.093474;38.85254
Alcoy/Alcoi;Alicante/Alacant;Valencia;-0.477737;38.70333
Elche/Elx;Alicante/Alacant;Valencia;-0.612489;38.297413
Orihuela;Alicante/Alacant;Valencia;-0.726847;37.933033
Dénia;Alicante/Alacant;Valencia;-0.1153;38.8413
Villajoyosa/Vila Joiosa, la;Alicante/Alacant;Valencia;-0.22275;38.51786
Alcoy/Alcoi;Alicante/Alacant;Valencia;-0.48439;38.69607
Alcoy/Alcoi;Alicante/Alacant;Valencia;-0.45939;38.71169
Altea;Alicante/Alacant;Valencia;-0.059192;38.59027
Biar;Alicante/Alacant;Valencia;-0.77667;38.63198
Dénia;Alicante/Alacant;Valencia;0.107614;38.844017
Orba;Alicante/Alacant;Valencia;-0.061976;38.781364
Orihuela;Alicante/Alacant;Valencia;-0.867809;37.99146
Orihuela;Alicante/Alacant;Valencia;-0.945446;38.082382
Petrer;Alicante/Alacant;Valencia;-0.772131;38.48092
Formentera del Segura;Alicante/Alacant;Valencia;-0.711171;38.04874
Alcoy/Alcoi;Alicante/Alacant;Valencia;-0.4741;38.69879
Altea;Alicante/Alacant;Valencia;-0.049307;38.60414
Alfàs del Pi, l';Alicante/Alacant;Valencia;-0.378237;38.81955
Benidorm;Alicante/Alacant;Valencia;-0.1517;38.5366
Biar;Alicante/Alacant;Valencia;-0.763922;38.627953
Dénia;Alicante/Alacant;Valencia;0.109101;38.836983
Elche/Elx;Alicante/Alacant;Valencia;-0.69297;38.25891
Jávea/Xàbia;Alicante/Alacant;Valencia;0.181058;38.76559
Mutxamel;Alicante/Alacant;Valencia;-0.449257;38.41227
Mutxamel;Alicante/Alacant;Valencia;-0.443544;38.414406
Muro de Alcoy;Alicante/Alacant;Valencia;-0.435313;38.7813
Orihuela;Alicante/Alacant;Valencia;-0.948649;38.084812
Elda;Alicante/Alacant;Valencia;-0.782324;38.462013
Petrer;Alicante/Alacant;Valencia;-0.77131;38.4852
Santa Pola;Alicante/Alacant;Valencia;-0.549659;38.18976
Torrevieja;Alicante/Alacant;Valencia;-0.6839;37.9778
Villajoyosa/Vila Joiosa, la;Alicante/Alacant;Valencia;-0.231547;38.506214
Villajoyosa/Vila Joiosa, la;Alicante/Alacant;Valencia;-0.232369;38.508347
Aspe;Alicante/Alacant;Valencia;-0.764966;38.34988
Alcoy/Alcoi;Alicante/Alacant;Valencia;-0.47246;38.69752
Benidorm;Alicante/Alacant;Valencia;-0.096418;38.551067
Benidorm;Alicante/Alacant;Valencia;-0.12666;38.54252
Benidorm;Alicante/Alacant;Valencia;-0.14926;38.53814
Beneixama;Alicante/Alacant;Valencia;-0.7761;38.6878
Castalla;Alicante/Alacant;Valencia;-0.667671;38.59652
Muro de Alcoy;Alicante/Alacant;Valencia;-0.440126;38.777378
Orihuela;Alicante/Alacant;Valencia;-0.964337;38.169746
Santa Pola;Alicante/Alacant;Valencia;-0.56019;38.19528
Villena;Alicante/Alacant;Valencia;-0.846287;38.631256
Alicante/Alacant;Alicante/Alacant;Valencia;-0.48713;38.33806
Banyeres de Mariola;Alicante/Alacant;Valencia;-0.659499;38.712822
Benidorm;Alicante/Alacant;Valencia;-0.12487;38.55165
Benidorm;Alicante/Alacant;Valencia;-0.09769;38.5554
Benidorm;Alicante/Alacant;Valencia;-0.106891;38.537457
Benidorm;Alicante/Alacant;Valencia;-0.116118;38.53632
Balones;Alicante/Alacant;Valencia;-0.290664;38.74905
Benissa;Alicante/Alacant;Valencia;0.0873;38.664684
Dénia;Alicante/Alacant;Valencia;0.10261;38.83419
Dénia;Alicante/Alacant;Valencia;0.075703;38.80817
Elche/Elx;Alicante/Alacant;Valencia;-0.69222;38.26375
Elche/Elx;Alicante/Alacant;Valencia;-0.69449;38.26274
Elda;Alicante/Alacant;Valencia;-0.798752;38.471
Orihuela;Alicante/Alacant;Valencia;-0.938341;38.08882
Orihuela;Alicante/Alacant;Valencia;-0.723439;37.924152
Dénia;Alicante/Alacant;Valencia;-0.120816;38.839
Torrevieja;Alicante/Alacant;Valencia;-0.67684;37.996365
Alcoy/Alcoi;Alicante/Alacant;Valencia;-0.46267;38.71052
Alcoy/Alcoi;Alicante/Alacant;Valencia;-0.474022;38.69348
Alcoy/Alcoi;Alicante/Alacant;Valencia;-0.48994;38.6916
Algueña;Alicante/Alacant;Valencia;-1.00336;38.3403
Alicante/Alacant;Alicante/Alacant;Valencia;-0.424747;38.37525
Altea;Alicante/Alacant;Valencia;-0.04393;38.6304
Altea;Alicante/Alacant;Valencia;-0.02806;38.6201
Altea;Alicante/Alacant;Valencia;-0.04413;38.60497
Aspe;Alicante/Alacant;Valencia;-0.761007;38.342937
Benidorm;Alicante/Alacant;Valencia;-0.12956;38.53914
Benimeli;Alicante/Alacant;Valencia;-0.04382;38.8203
Dénia;Alicante/Alacant;Valencia;0.0641;38.8273
Elche/Elx;Alicante/Alacant;Valencia;-0.71125;38.25922
Novelda;Alicante/Alacant;Valencia;-0.765061;38.38569
Orihuela;Alicante/Alacant;Valencia;-0.948825;38.07971
Orihuela;Alicante/Alacant;Valencia;-0.740454;37.910774
Orihuela;Alicante/Alacant;Valencia;-0.73902;37.929184
Torrevieja;Alicante/Alacant;Valencia;-0.654063;38.02614
Formentera del Segura;Alicante/Alacant;Valencia;-0.710036;38.085087
Alcoy/Alcoi;Alicante/Alacant;Valencia;-0.498757;38.69075
Alcoy/Alcoi;Alicante/Alacant;Valencia;-0.479139;38.700474
Cocentaina;Alicante/Alacant;Valencia;-0.437908;38.744522
Banyeres de Mariola;Alicante/Alacant;Valencia;-0.655921;38.721302
Benidorm;Alicante/Alacant;Valencia;-0.124914;38.53918
Elche/Elx;Alicante/Alacant;Valencia;-0.563275;38.278755
Finestrat;Alicante/Alacant;Valencia;-0.209723;38.568
Ibi;Alicante/Alacant;Valencia;-0.57403;38.62206
Orihuela;Alicante/Alacant;Valencia;-1.009994;38.080303
Orihuela;Alicante/Alacant;Valencia;-0.859736;38.09043
Orihuela;Alicante/Alacant;Valencia;-0.73606;37.92601
Orihuela;Alicante/Alacant;Valencia;-0.923228;38.059097
Santa Pola;Alicante/Alacant;Valencia;-0.52349;38.22711
Sax;Alicante/Alacant;Valencia;-0.82401;38.53301
Villena;Alicante/Alacant;Valencia;-0.884243;38.637592
Albatera;Alicante/Alacant;Valencia;-0.875133;38.183178
Albatera;Alicante/Alacant;Valencia;-0.86771;38.17748
Alcoy/Alcoi;Alicante/Alacant;Valencia;-0.493209;38.68769
Benidorm;Alicante/Alacant;Valencia;-0.110422;38.54777
Benidorm;Alicante/Alacant;Valencia;-0.135874;38.53925
Benidorm;Alicante/Alacant;Valencia;-0.162844;38.534184
Elche/Elx;Alicante/Alacant;Valencia;-0.62063;38.295002
Elche/Elx;Alicante/Alacant;Valencia;-0.72092;38.27844
Guardamar del Segura;Alicante/Alacant;Valencia;-0.676368;38.05176
Orihuela;Alicante/Alacant;Valencia;-0.980905;38.06268
Alcoy/Alcoi;Alicante/Alacant;Valencia;-0.483499;38.697723
Finestrat;Alicante/Alacant;Valencia;-0.209731;38.568195
Alicante/Alacant;Alicante/Alacant;Valencia;-0.419386;38.366283
Altea;Alicante/Alacant;Valencia;-0.03318;38.61559
Monóvar/Monòver;Alicante/Alacant;Valencia;-0.838986;38.43426
Benidorm;Alicante/Alacant;Valencia;-0.12706;38.541862
Benitachell/Poble Nou de Benitatxell, el;Alicante/Alacant;Valencia;0.140894;38.717007
Orihuela;Alicante/Alacant;Valencia;-0.735102;37.927322
Torrevieja;Alicante/Alacant;Valencia;-0.730975;37.964745
Alicante/Alacant;Alicante/Alacant;Valencia;-0.499939;38.339752
Orihuela;Alicante/Alacant;Valencia;-0.940619;38.087116
Mutxamel;Alicante/Alacant;Valencia;-0.47224;38.402126
Alicante/Alacant;Alicante/Alacant;Valencia;-0.478688;38.35547
Altea;Alicante/Alacant;Valencia;-0.047799;38.603737
Elche/Elx;Alicante/Alacant;Valencia;-0.676438;38.27592
Pilar de la Horadada;Alicante/Alacant;Valencia;-0.781992;37.86636
Guardamar del Segura;Alicante/Alacant;Valencia;-0.65302;38.08374
Ibi;Alicante/Alacant;Valencia;-0.573407;38.62475
Torrevieja;Alicante/Alacant;Valencia;-0.676566;37.979942
Alicante/Alacant;Alicante/Alacant;Valencia;-0.436391;38.3911
Dénia;Alicante/Alacant;Valencia;0.009759;38.840996
Calp;Alicante/Alacant;Valencia;0.054838;38.64947
Orihuela;Alicante/Alacant;Valencia;-0.72134;37.93714
Alicante/Alacant;Alicante/Alacant;Valencia;-0.550284;38.34515
Torrevieja;Alicante/Alacant;Valencia;-0.686653;37.98862
Alcoy/Alcoi;Alicante/Alacant;Valencia;-0.476219;38.695866
Alicante/Alacant;Alicante/Alacant;Valencia;-0.528378;38.344135
Cañada;Alicante/Alacant;Valencia;-0.81025;38.6757
Torremanzanas/Torre de les Maçanes, la;Alicante/Alacant;Valencia;-0.419422;38.61099
Mutxamel;Alicante/Alacant;Valencia;-0.434906;38.44304
Alicante/Alacant;Alicante/Alacant;Valencia;-0.431903;38.363956
Dénia;Alicante/Alacant;Valencia;0.104259;38.83546
Orihuela;Alicante/Alacant;Valencia;-0.735977;37.925743
Alcoy/Alcoi;Alicante/Alacant;Valencia;-0.476521;38.686855
Callosa de Segura;Alicante/Alacant;Valencia;-0.873702;38.127487
Villajoyosa/Vila Joiosa, la;Alicante/Alacant;Valencia;-0.245401;38.501335
Alicante/Alacant;Alicante/Alacant;Valencia;-0.442353;38.369278
Elda;Alicante/Alacant;Valencia;-0.804631;38.47412
Cocentaina;Alicante/Alacant;Valencia;-0.439747;38.73875
Dénia;Alicante/Alacant;Valencia;-0.11728;38.84667
Torrevieja;Alicante/Alacant;Valencia;-0.701212;38.018017
Bigastro;Alicante/Alacant;Valencia;-0.885218;38.05925
Dénia;Alicante/Alacant;Valencia;0.103958;38.843468
Aspe;Alicante/Alacant;Valencia;-0.76587;38.3409
Benferri;Alicante/Alacant;Valencia;-0.962006;38.14652
Alicante/Alacant;Alicante/Alacant;Valencia;-0.469404;38.367023
Santa Pola;Alicante/Alacant;Valencia;-0.5768;38.21
Alicante/Alacant;Alicante/Alacant;Valencia;-0.469055;38.366463
Almudaina;Alicante/Alacant;Valencia;-0.378864;38.754295
Gata de Gorgos;Alicante/Alacant;Valencia;0.08;38.77
Alicante/Alacant;Alicante/Alacant;Valencia;-0.47107;38.369762
Benidorm;Alicante/Alacant;Valencia;-0.165802;38.53199
Alicante/Alacant;Alicante/Alacant;Valencia;-0.490247;38.360367
Benidorm;Alicante/Alacant;Valencia;-0.147901;38.558178
Finestrat;Alicante/Alacant;Valencia;-0.179914;38.53748
Alicante/Alacant;Alicante/Alacant;Valencia;-0.4461212;38.371807
San Vicente del Raspeig/Sant Vicent del Raspeig;Alicante/Alacant;Valencia;-0.5353924;38.4015
Altea;Alicante/Alacant;Valencia;-0.0548885;38.59354
Láujar de Andarax;Almería;Andalucía;-2.61058;36.7756
Huércal de Almería;Almería;Andalucía;-2.447105;36.87326
Ejido, El;Almería;Andalucía;-2.80449;36.759
Antas;Almería;Andalucía;-1.900253;37.260567
Ejido, El;Almería;Andalucía;-2.8073;36.773376
Almería;Almería;Andalucía;-2.323235;36.838146
Huércal de Almería;Almería;Andalucía;-2.444194;36.87235
Vera;Almería;Andalucía;-1.847226;37.23315
Ejido, El;Almería;Andalucía;-2.78972;36.777046
Ejido, El;Almería;Andalucía;-2.887189;36.729504
Almería;Almería;Andalucía;-2.459779;36.838665
Láujar de Andarax;Almería;Andalucía;-2.604377;36.772278
Almería;Almería;Andalucía;-2.461763;36.835438
Roquetas de Mar;Almería;Andalucía;-2.569452;36.81168
Almería;Almería;Andalucía;-2.461281;36.831802
Viator;Almería;Andalucía;-2.419655;36.88415
Roquetas de Mar;Almería;Andalucía;-2.597878;36.809643
Roquetas de Mar;Almería;Andalucía;-2.597878;36.809643
Almería;Almería;Andalucía;-2.461733;36.835407
Almería;Almería;Andalucía;-2.464052;36.83496
Almería;Almería;Andalucía;-2.463847;36.834785
Roquetas de Mar;Almería;Andalucía;-2.585031;36.811188
Mojácar;Almería;Andalucía;-1.839948;37.13844
Láujar de Andarax;Almería;Andalucía;-2.604377;36.772278
Ejido, El;Almería;Andalucía;-2.813877;36.772427
Ejido, El;Almería;Andalucía;-2.80028;36.75787
Láujar de Andarax;Almería;Andalucía;-2.604749;36.768955
Almería;Almería;Andalucía;-2.458856;36.840916
Almería;Almería;Andalucía;-2.458826;36.840878
Vícar;Almería;Andalucía;-2.627285;36.804363
Láujar de Andarax;Almería;Andalucía;-2.608081;36.75472
Láujar de Andarax;Almería;Andalucía;-2.610878;36.762634
Almería;Almería;Andalucía;-2.4174;36.856293
Láujar de Andarax;Almería;Andalucía;-2.604734;36.76897
Almería;Almería;Andalucía;-2.468273;36.852745
Vícar;Almería;Andalucía;-2.621016;36.804737
Almería;Almería;Andalucía;-2.446519;36.839363
Adra;Almería;Andalucía;-3.001985;36.756916
Huércal de Almería;Almería;Andalucía;-2.444295;36.87556
Adra;Almería;Andalucía;-2.99943;36.748833
Tabernas;Almería;Andalucía;-2.446226;37.01612
Almería;Almería;Andalucía;-2.4486;36.8653
Vícar;Almería;Andalucía;-2.6003;36.8165
Mojácar;Almería;Andalucía;-1.831694;37.13761
Olula del Río;Almería;Andalucía;-2.287599;37.357117
Albox;Almería;Andalucía;-2.137275;37.382214
Carboneras;Almería;Andalucía;-1.896022;36.99753
Almería;Almería;Andalucía;-2.402742;36.831207
Ejido, El;Almería;Andalucía;-2.802833;36.77489
Ejido, El;Almería;Andalucía;-2.810147;36.77009
Huércal de Almería;Almería;Andalucía;-2.44579;36.87572
Ejido, El;Almería;Andalucía;-2.820446;36.782127
Almería;Almería;Andalucía;-2.435948;36.844807
Huércal de Almería;Almería;Andalucía;-2.441;36.867
Almería;Almería;Andalucía;-2.440497;36.82353
Almería;Almería;Andalucía;-2.402415;36.840347
Pulpí;Almería;Andalucía;-1.75066;37.396
Huércal-Overa;Almería;Andalucía;-1.952809;37.399452
Ejido, El;Almería;Andalucía;-2.826384;36.770973
Garrucha;Almería;Andalucía;-1.819263;37.187714
Almería;Almería;Andalucía;-2.445596;36.85555
Huércal-Overa;Almería;Andalucía;-1.911258;37.43446
Ejido, El;Almería;Andalucía;-2.8267684;36.771137
Zuia;Araba/Álava;País Vasco;-2.819914;42.95543
Bernedo;Araba/Álava;País Vasco;-2.398028;42.692352
Vitoria-Gasteiz;Araba/Álava;País Vasco;-2.712486;42.864056
Vitoria-Gasteiz;Araba/Álava;País Vasco;-2.7485;42.829292
Vitoria-Gasteiz;Araba/Álava;País Vasco;-2.709212;42.853657
Arratzua-Ubarrundia;Araba/Álava;País Vasco;-2.674848;42.90835
Vitoria-Gasteiz;Araba/Álava;País Vasco;-2.779612;42.81823
Arratzua-Ubarrundia;Araba/Álava;País Vasco;-2.67313;42.90914
Arratzua-Ubarrundia;Araba/Álava;País Vasco;-2.668117;42.911655
Vitoria-Gasteiz;Araba/Álava;País Vasco;-2.68208;42.86117
Zigoitia;Araba/Álava;País Vasco;-2.729342;42.957947
Vitoria-Gasteiz;Araba/Álava;País Vasco;-2.70065;42.837032
Campezo/Kanpezu;Araba/Álava;País Vasco;-2.346037;42.6723
Bernedo;Araba/Álava;País Vasco;-3.159058;42.84249
Erriberagoitia/Ribera Alta;Araba/Álava;País Vasco;-2.918956;42.70483
Vitoria-Gasteiz;Araba/Álava;País Vasco;-2.71251;42.864094
Elciego;Araba/Álava;País Vasco;-2.619733;42.51185
Baños de Ebro/Mañueta;Araba/Álava;País Vasco;-2.66856;42.55031
Vitoria-Gasteiz;Araba/Álava;País Vasco;-2.70329;42.86012
Vitoria-Gasteiz;Araba/Álava;País Vasco;-2.678557;42.84511
Vitoria-Gasteiz;Araba/Álava;País Vasco;-2.678983;42.84799
Laudio/Llodio;Araba/Álava;País Vasco;-2.963072;43.14359
Vitoria-Gasteiz;Araba/Álava;País Vasco;-2.667451;42.861645
Vitoria-Gasteiz;Araba/Álava;País Vasco;-2.667451;42.861645
Iruraiz-Gauna;Araba/Álava;País Vasco;-2.321557;42.864063
Vitoria-Gasteiz;Araba/Álava;País Vasco;-2.688111;42.84222
Vitoria-Gasteiz;Araba/Álava;País Vasco;-2.687972;42.842
Vitoria-Gasteiz;Araba/Álava;País Vasco;-2.693361;42.85525
Vitoria-Gasteiz;Araba/Álava;País Vasco;-2.686803;42.83766
Vitoria-Gasteiz;Araba/Álava;País Vasco;-2.697;42.868
Vitoria-Gasteiz;Araba/Álava;País Vasco;-2.696306;42.86248
Vitoria-Gasteiz;Araba/Álava;País Vasco;-2.685583;42.856388
Vitoria-Gasteiz;Araba/Álava;País Vasco;-2.698722;42.85422
Vitoria-Gasteiz;Araba/Álava;País Vasco;-2.689472;42.868584
Vitoria-Gasteiz;Araba/Álava;País Vasco;-2.6893;42.844913
Vitoria-Gasteiz;Araba/Álava;País Vasco;-2.7058012;42.845165
Vitoria-Gasteiz;Araba/Álava;País Vasco;-2.6630046;42.85471
Vitoria-Gasteiz;Araba/Álava;País Vasco;-2.6585763;42.845856
Vitoria-Gasteiz;Araba/Álava;País Vasco;-2.6444547;42.862453
Vitoria-Gasteiz;Araba/Álava;País Vasco;-2.6668131;42.834187
Vitoria-Gasteiz;Araba/Álava;País Vasco;-2.65269;42.8478
Vitoria-Gasteiz;Araba/Álava;País Vasco;-2.75244;42.84727
Vitoria-Gasteiz;Araba/Álava;País Vasco;-2.689613;42.848637
Vitoria-Gasteiz;Araba/Álava;País Vasco;-2.6862242;42.851906
Vitoria-Gasteiz;Araba/Álava;País Vasco;-2.672931;42.841717
Arratzua-Ubarrundia;Araba/Álava;País Vasco;-2.666609;42.91121
Vitoria-Gasteiz;Araba/Álava;País Vasco;-2.649626;42.8495
Vitoria-Gasteiz;Araba/Álava;País Vasco;-2.649187;42.84943
Vitoria-Gasteiz;Araba/Álava;País Vasco;-2.665555;42.84856
Vitoria-Gasteiz;Araba/Álava;País Vasco;-2.6666;42.841
Vitoria-Gasteiz;Araba/Álava;País Vasco;-2.666416;42.84916
Arratzua-Ubarrundia;Araba/Álava;País Vasco;-2.666624;42.90952
Laudio/Llodio;Araba/Álava;País Vasco;-2.950932;43.148525
Zigoitia;Araba/Álava;País Vasco;-2.714111;42.878494
Erriberagoitia/Ribera Alta;Araba/Álava;País Vasco;-3.04766;42.809883
Vitoria-Gasteiz;Araba/Álava;País Vasco;-2.721757;42.857586
Zuia;Araba/Álava;País Vasco;-2.870166;42.966206
Zuia;Araba/Álava;País Vasco;-2.873699;42.966293
Arratzua-Ubarrundia;Araba/Álava;País Vasco;-2.662757;42.91425
Vitoria-Gasteiz;Araba/Álava;País Vasco;-2.68218;42.84292
Vitoria-Gasteiz;Araba/Álava;País Vasco;-2.719073;42.857292
Vitoria-Gasteiz;Araba/Álava;País Vasco;-2.695469;42.83415
Vitoria-Gasteiz;Araba/Álava;País Vasco;-2.68434;42.86593
Vitoria-Gasteiz;Araba/Álava;País Vasco;-2.710413;42.855595
Erriberagoitia/Ribera Alta;Araba/Álava;País Vasco;-2.91426;42.700085
Erriberagoitia/Ribera Alta;Araba/Álava;País Vasco;-2.914216;42.700054
Erriberagoitia/Ribera Alta;Araba/Álava;País Vasco;-2.914274;42.700027
Vitoria-Gasteiz;Araba/Álava;País Vasco;-2.699193;42.8389
Erriberagoitia/Ribera Alta;Araba/Álava;País Vasco;-2.913164;42.741688
Erriberagoitia/Ribera Alta;Araba/Álava;País Vasco;-2.913518;42.74313
Vitoria-Gasteiz;Araba/Álava;País Vasco;-2.66881;42.872246
Iruraiz-Gauna;Araba/Álava;País Vasco;-2.319656;42.86486
Vitoria-Gasteiz;Araba/Álava;País Vasco;-2.745751;42.84359
Vitoria-Gasteiz;Araba/Álava;País Vasco;-2.676696;42.843384
Zuia;Araba/Álava;País Vasco;-2.86842;42.965782
Vitoria-Gasteiz;Araba/Álava;País Vasco;-2.702872;42.8361
Urkabustaiz;Araba/Álava;País Vasco;-2.899242;42.952877
Arratzua-Ubarrundia;Araba/Álava;País Vasco;-2.5909586;42.95855
Siero;Asturias;Asturias;-5.81622;43.3948
Siero;Asturias;Asturias;-5.81622;43.3948
Oviedo;Asturias;Asturias;-5.8447;43.3698
Oviedo;Asturias;Asturias;-5.85295;43.3594
Cudillero;Asturias;Asturias;-6.283715;43.557884
Oviedo;Asturias;Asturias;-5.861921;43.352192
Gijón;Asturias;Asturias;-5.642987;43.54124
Oviedo;Asturias;Asturias;-5.8551;43.3597
Lena;Asturias;Asturias;-5.817404;43.106342
Oviedo;Asturias;Asturias;-5.8431;43.3728
Oviedo;Asturias;Asturias;-5.8363;43.3639
Corvera de Asturias;Asturias;Asturias;-5.856443;43.547928
Oviedo;Asturias;Asturias;-5.85;43.3691
Oviedo;Asturias;Asturias;-5.806585;43.336456
Tineo;Asturias;Asturias;-6.38969;43.3424
Oviedo;Asturias;Asturias;-5.861;43.3573
Oviedo;Asturias;Asturias;-5.831852;43.37512
Oviedo;Asturias;Asturias;-5.8181;43.3832
Oviedo;Asturias;Asturias;-5.8383;43.3536
Oviedo;Asturias;Asturias;-5.8463;43.3657
Llanera;Asturias;Asturias;-5.80849;43.41597
Oviedo;Asturias;Asturias;-5.877;43.3675
Oviedo;Asturias;Asturias;-5.918521;43.357784
Siero;Asturias;Asturias;-5.805845;43.388355
Ribadedeva;Asturias;Asturias;-4.571241;43.38573
Oviedo;Asturias;Asturias;-5.86236;43.3538
Oviedo;Asturias;Asturias;-5.814871;43.37222
Gijón;Asturias;Asturias;-5.706241;43.533997
Oviedo;Asturias;Asturias;-5.8266;43.3872
Noreña;Asturias;Asturias;-5.70127;43.39013
Gijón;Asturias;Asturias;-5.637553;43.53497
Gijón;Asturias;Asturias;-5.717609;43.495094
Gijón;Asturias;Asturias;-5.656797;43.53704
Oviedo;Asturias;Asturias;-5.857306;43.37424
Llanes;Asturias;Asturias;-4.858186;43.43266
Lena;Asturias;Asturias;-5.811178;43.182007
Gijón;Asturias;Asturias;-5.686584;43.518154
Gijón;Asturias;Asturias;-5.658138;43.539894
Gijón;Asturias;Asturias;-5.665723;43.541286
Gijón;Asturias;Asturias;-5.66189;43.537952
Gijón;Asturias;Asturias;-5.64912;43.53265
Gijón;Asturias;Asturias;-5.646291;43.537613
Gijón;Asturias;Asturias;-5.668645;43.53023
Gijón;Asturias;Asturias;-5.697091;43.540646
Gijón;Asturias;Asturias;-5.660382;43.534256
Gijón;Asturias;Asturias;-5.672876;43.53617
Ribadesella;Asturias;Asturias;-5.014354;43.43564
Tapia de Casariego;Asturias;Asturias;-6.923124;43.561874
Cudillero;Asturias;Asturias;-6.167259;43.555244
Avilés;Asturias;Asturias;-5.929169;43.57506
Colunga;Asturias;Asturias;-6.074988;43.383335
Tapia de Casariego;Asturias;Asturias;-6.944178;43.568718
Peñamellera Alta;Asturias;Asturias;-4.703713;43.332462
Llanera;Asturias;Asturias;-5.810642;43.416615
Gijón;Asturias;Asturias;-5.636533;43.52441
Mieres;Asturias;Asturias;-5.775912;43.243244
Cangas de Onís;Asturias;Asturias;-5.126055;43.352417
Colunga;Asturias;Asturias;-5.269754;43.484043
Siero;Asturias;Asturias;-5.797037;43.41575
Llanera;Asturias;Asturias;-5.817183;43.443798
Llanera;Asturias;Asturias;-5.850611;43.439167
Noreña;Asturias;Asturias;-5.706535;43.393642
Llanera;Asturias;Asturias;-5.816209;43.42694
Gijón;Asturias;Asturias;-5.636616;43.524387
Colunga;Asturias;Asturias;-6.072723;43.387463
Mieres;Asturias;Asturias;-5.776;43.24114
Colunga;Asturias;Asturias;-6.063614;43.393627
Cangas de Onís;Asturias;Asturias;-5.051632;43.308277
Gijón;Asturias;Asturias;-5.663943;43.526997
Gijón;Asturias;Asturias;-5.662294;43.544487
Gijón;Asturias;Asturias;-5.65089;43.538513
Gijón;Asturias;Asturias;-5.612221;43.523396
Gijón;Asturias;Asturias;-5.639653;43.535515
Oviedo;Asturias;Asturias;-5.854874;43.364906
Oviedo;Asturias;Asturias;-5.852724;43.357746
Llanera;Asturias;Asturias;-5.826525;43.42242
Cangas de Onís;Asturias;Asturias;-4.968723;43.334576
Llanera;Asturias;Asturias;-5.837884;43.427307
Salas;Asturias;Asturias;-6.261033;43.409027
Colunga;Asturias;Asturias;-5.273083;43.51522
Sobrescobio;Asturias;Asturias;-5.455747;43.22128
Gijón;Asturias;Asturias;-5.663333;43.539375
Castropol;Asturias;Asturias;-7.02338;43.53812
Castropol;Asturias;Asturias;-7.03194;43.52705
Tineo;Asturias;Asturias;-6.417099;43.333603
Somiedo;Asturias;Asturias;-6.256732;43.092266
Avilés;Asturias;Asturias;-5.874065;43.52621
Avilés;Asturias;Asturias;-5.887679;43.535706
Avilés;Asturias;Asturias;-5.8989;43.535587
Avilés;Asturias;Asturias;-5.868531;43.511116
Avilés;Asturias;Asturias;-5.884459;43.553585
Castrillón;Asturias;Asturias;-5.959551;43.57101
Villaviciosa;Asturias;Asturias;-5.40353;43.544254
Villaviciosa;Asturias;Asturias;-5.444836;43.488945
Allande;Asturias;Asturias;-6.61201;43.271202
Belmonte de Miranda;Asturias;Asturias;-6.21768;43.284668
Oviedo;Asturias;Asturias;-5.849328;43.36691
Taramundi;Asturias;Asturias;-7.109789;43.360607
Avilés;Asturias;Asturias;-5.925112;43.55905
Siero;Asturias;Asturias;-5.802863;43.390594
Avilés;Asturias;Asturias;-5.927679;43.556458
Avilés;Asturias;Asturias;-5.928163;43.557877
Avilés;Asturias;Asturias;-5.928514;43.553375
Avilés;Asturias;Asturias;-5.921033;43.552193
Avilés;Asturias;Asturias;-5.927392;43.550434
Avilés;Asturias;Asturias;-5.915831;43.54677
Avilés;Asturias;Asturias;-5.899843;43.54479
Avilés;Asturias;Asturias;-5.904652;43.537415
Avilés;Asturias;Asturias;-5.908474;43.54085
Llanera;Asturias;Asturias;-5.831608;43.428677
Avilés;Asturias;Asturias;-5.919794;43.547783
Gijón;Asturias;Asturias;-5.636009;43.541664
Llanes;Asturias;Asturias;-4.758927;43.40708
Ribadedeva;Asturias;Asturias;-4.554662;43.380356
Avilés;Asturias;Asturias;-5.921123;43.55549
Oviedo;Asturias;Asturias;-5.846477;43.36481
Gijón;Asturias;Asturias;-5.701311;43.55
Oviedo;Asturias;Asturias;-5.848584;43.364346
Oviedo;Asturias;Asturias;-5.758603;43.38382
Gijón;Asturias;Asturias;-5.663752;43.538586
Gijón;Asturias;Asturias;-5.613159;43.524548
Avilés;Asturias;Asturias;-5.932219;43.55305
Carreño;Asturias;Asturias;-5.77486;43.583237
Gijón;Asturias;Asturias;-5.666385;43.537815
Llanes;Asturias;Asturias;-4.756316;43.422073
Gijón;Asturias;Asturias;-5.700107;43.536892
Gijón;Asturias;Asturias;-5.664051;43.535465
Gijón;Asturias;Asturias;-5.654672;43.535213
Oviedo;Asturias;Asturias;-5.842964;43.363907
Avilés;Asturias;Asturias;-5.887208;43.535686
Avilés;Asturias;Asturias;-5.893699;43.53684
San Martín del Rey Aurelio;Asturias;Asturias;-5.622072;43.280827
Llanera;Asturias;Asturias;-5.87073;43.43417
Gijón;Asturias;Asturias;-5.689936;43.534904
Oviedo;Asturias;Asturias;-5.838506;43.358818
Oviedo;Asturias;Asturias;-5.838476;43.358795
Oviedo;Asturias;Asturias;-5.838446;43.35877
Oviedo;Asturias;Asturias;-5.838536;43.35885
Gijón;Asturias;Asturias;-5.640034;43.542416
Villaviciosa;Asturias;Asturias;-5.396453;43.533924
Villaviciosa;Asturias;Asturias;-5.4134665;43.413387
Villaviciosa;Asturias;Asturias;-5.4029245;43.39449
Carreño;Asturias;Asturias;-5.7661834;43.56062
Llanes;Asturias;Asturias;-4.824839;43.43462
Cangas de Onís;Asturias;Asturias;-5.1134057;43.349968
Oviedo;Asturias;Asturias;-5.744795;43.382565
Gijón;Asturias;Asturias;-5.666602;43.544025
Gijón;Asturias;Asturias;-5.677949;43.508545
Gijón;Asturias;Asturias;-5.666473;43.544025
Avilés;Asturias;Asturias;-5.937126;43.552135
Gijón;Asturias;Asturias;-5.660163;43.537453
Gijón;Asturias;Asturias;-5.660131;43.537617
Gijón;Asturias;Asturias;-5.641344;43.524715
Tapia de Casariego;Asturias;Asturias;-6.922828;43.561832
Langreo;Asturias;Asturias;-5.684115;43.295254
Langreo;Asturias;Asturias;-5.6905913;43.302696
Gijón;Asturias;Asturias;-5.68373;43.522247
Oviedo;Asturias;Asturias;-5.847409;43.369183
Parres;Asturias;Asturias;-5.185025;43.378517
Navia;Asturias;Asturias;-6.724516;43.536427
Gijón;Asturias;Asturias;-5.66189;43.537952
Amieva;Asturias;Asturias;-5.128547;43.270493
Sobrescobio;Asturias;Asturias;-5.468158;43.20216
Llanes;Asturias;Asturias;-4.758927;43.40708
Teverga;Asturias;Asturias;-6.07571;43.13775
Colunga;Asturias;Asturias;-5.276532;43.50235
Gijón;Asturias;Asturias;-5.68828;43.51045
Noreña;Asturias;Asturias;-5.705015;43.393272
Oviedo;Asturias;Asturias;-5.8669;43.36052
Oviedo;Asturias;Asturias;-5.8425;43.3579
Oviedo;Asturias;Asturias;-5.8554;43.3645
Oviedo;Asturias;Asturias;-5.86735;43.36248
Oviedo;Asturias;Asturias;-5.8587;43.3658
Oviedo;Asturias;Asturias;-5.8287;43.3733
Oviedo;Asturias;Asturias;-5.8687;43.3543
Vegadeo;Asturias;Asturias;-7.051889;43.46518
Oviedo;Asturias;Asturias;-5.8694;43.3683
Oviedo;Asturias;Asturias;-5.8508;43.3547
Oviedo;Asturias;Asturias;-5.79779;43.37808
Oviedo;Asturias;Asturias;-5.8027;43.3191
Oviedo;Asturias;Asturias;-5.85072;43.35926
Avilés;Asturias;Asturias;-5.93251;43.55275
Gijón;Asturias;Asturias;-5.694418;43.534084
Piloña;Asturias;Asturias;-5.255491;43.359985
Piloña;Asturias;Asturias;-5.255522;43.359943
Gijón;Asturias;Asturias;-5.612554;43.544273
Llanes;Asturias;Asturias;-4.871545;43.438095
Oviedo;Asturias;Asturias;-5.8094;43.3844
Oviedo;Asturias;Asturias;-5.8425;43.3667
Oviedo;Asturias;Asturias;-5.875103;43.3637
Oviedo;Asturias;Asturias;-5.820944;43.377975
Carreño;Asturias;Asturias;-5.834445;43.54904
Gijón;Asturias;Asturias;-5.656026;43.526474
Gijón;Asturias;Asturias;-5.643547;43.5362
Oviedo;Asturias;Asturias;-5.85301;43.357685
Oviedo;Asturias;Asturias;-5.83239;43.36757
Oviedo;Asturias;Asturias;-5.8726;43.3545
Oviedo;Asturias;Asturias;-5.8533;43.3642
Oviedo;Asturias;Asturias;-5.824021;43.38232
Oviedo;Asturias;Asturias;-5.87249;43.36643
Gijón;Asturias;Asturias;-5.659416;43.54103
Corvera de Asturias;Asturias;Asturias;-5.922328;43.530907
Siero;Asturias;Asturias;-5.782498;43.39991
Candamo;Asturias;Asturias;-6.009545;43.38934
Ribadesella;Asturias;Asturias;-5.062404;43.431496
Gijón;Asturias;Asturias;-5.643106;43.5405
Gijón;Asturias;Asturias;-5.666471;43.543465
Gijón;Asturias;Asturias;-5.66162;43.539513
Valdés;Asturias;Asturias;-6.594661;43.540142
Parres;Asturias;Asturias;-5.182908;43.384167
Cudillero;Asturias;Asturias;-6.201051;43.56226
Gijón;Asturias;Asturias;-5.71536;43.536552
Tapia de Casariego;Asturias;Asturias;-6.983541;43.54202
Llanes;Asturias;Asturias;-4.745808;43.402573
Valdés;Asturias;Asturias;-6.512775;43.534878
Llanera;Asturias;Asturias;-5.831861;43.428665
San Martín del Rey Aurelio;Asturias;Asturias;-5.589499;43.27332
San Martín del Rey Aurelio;Asturias;Asturias;-5.6042743;43.27513
Valdés;Asturias;Asturias;-6.553228;43.5265
Valdés;Asturias;Asturias;-6.4970684;43.5372
Coaña;Asturias;Asturias;-6.705951;43.53566
Oviedo;Asturias;Asturias;-5.856177;43.363274
Oviedo;Asturias;Asturias;-5.8525376;43.368275
Gijón;Asturias;Asturias;-5.704168;43.538204
Ávila;Ávila;Castilla y León;-4.690103;40.655552
Ávila;Ávila;Castilla y León;-4.696885;40.647675
Arévalo;Ávila;Castilla y León;-4.734335;41.078045
Ávila;Ávila;Castilla y León;-4.70534;40.646263
Ávila;Ávila;Castilla y León;-4.69497;40.657875
Ávila;Ávila;Castilla y León;-4.682539;40.6589
San Pedro del Arroyo;Ávila;Castilla y León;-4.870006;40.801815
Navas del Marqués, Las;Ávila;Castilla y León;-4.333972;40.60236
Burgohondo;Ávila;Castilla y León;-4.78463;40.415985
Casavieja;Ávila;Castilla y León;-4.76616;40.28398
Ávila;Ávila;Castilla y León;-4.700341;40.644238
Muñana;Ávila;Castilla y León;-5.034003;40.574802
Ávila;Ávila;Castilla y León;-4.679452;40.663963
Muñana;Ávila;Castilla y León;-5.034033;40.574833
Navas del Marqués, Las;Ávila;Castilla y León;-4.333414;40.595036
Adrada, La;Ávila;Castilla y León;-4.641881;40.30401
Candeleda;Ávila;Castilla y León;-5.232066;40.139496
Ávila;Ávila;Castilla y León;-4.690103;40.655552
Ávila;Ávila;Castilla y León;-4.664241;40.665203
Ávila;Ávila;Castilla y León;-4.679152;40.66172
Ávila;Ávila;Castilla y León;-4.704091;40.652313
Barraco, El;Ávila;Castilla y León;-4.563682;40.418827
Hoyos del Collado;Ávila;Castilla y León;-5.175299;40.34654
Piedralaves;Ávila;Castilla y León;-4.70033;40.31602
Piedralaves;Ávila;Castilla y León;-4.70033;40.31602
Barco de Ávila, El;Ávila;Castilla y León;-5.5271;40.35744
Donvidas;Ávila;Castilla y León;-4.7786;41.132687
Navas del Marqués, Las;Ávila;Castilla y León;-4.233588;40.626343
Ávila;Ávila;Castilla y León;-4.632006;40.679806
Adanero;Ávila;Castilla y León;-4.614996;40.95703
Ávila;Ávila;Castilla y León;-4.669255;40.664127
Azuaga;Badajoz;Extremadura;-5.702898;38.259697
Badajoz;Badajoz;Extremadura;-6.996142;38.882515
Mérida;Badajoz;Extremadura;-6.36091;38.93821
Monesterio;Badajoz;Extremadura;-6.220272;38.027935
Badajoz;Badajoz;Extremadura;-6.986079;38.871567
Badajoz;Badajoz;Extremadura;-6.94793;38.876877
Monesterio;Badajoz;Extremadura;-6.276211;38.093548
Mérida;Badajoz;Extremadura;-6.343309;38.93402
Higuera la Real;Badajoz;Extremadura;-6.691788;38.133957
Higuera la Real;Badajoz;Extremadura;-6.691798;38.133987
Hornachos;Badajoz;Extremadura;-6.071746;38.553375
Villanueva de la Serena;Badajoz;Extremadura;-5.761344;39.02743
Villanueva de la Serena;Badajoz;Extremadura;-5.761374;39.027462
Badajoz;Badajoz;Extremadura;-6.94595;38.87783
Villafranca de los Barros;Badajoz;Extremadura;-6.3596;38.5572
Don Benito;Badajoz;Extremadura;-5.842558;38.963448
Badajoz;Badajoz;Extremadura;-6.987476;38.895626
Guareña;Badajoz;Extremadura;-6.099727;38.8628
Badajoz;Badajoz;Extremadura;-6.93813;38.849056
Almendralejo;Badajoz;Extremadura;-6.400214;38.70991
Lobón;Badajoz;Extremadura;-6.6214876;38.84465
Mérida;Badajoz;Extremadura;-6.36511;38.85955
Lobón;Badajoz;Extremadura;-6.646957;38.839523
Badajoz;Badajoz;Extremadura;-6.962094;38.878727
Villafranca de los Barros;Badajoz;Extremadura;-6.326645;38.55704
Badajoz;Badajoz;Extremadura;-6.998226;38.889202
Don Benito;Badajoz;Extremadura;-6.006145;39.00737
Don Benito;Badajoz;Extremadura;-5.85571;38.96558
Mérida;Badajoz;Extremadura;-6.362213;38.937904
Don Benito;Badajoz;Extremadura;-5.85602;38.963825
Olivenza;Badajoz;Extremadura;-7.093408;38.688004
Badajoz;Badajoz;Extremadura;-6.952591;38.875397
Don Benito;Badajoz;Extremadura;-5.874944;38.957054
Almendralejo;Badajoz;Extremadura;-5.78408;38.971504
Badajoz;Badajoz;Extremadura;-6.983785;38.88402
Azuaga;Badajoz;Extremadura;-5.68528;38.26092
Fuente de Cantos;Badajoz;Extremadura;-6.300466;38.246628
Valverde de Leganés;Badajoz;Extremadura;-6.98061;38.67142
Talarrubias;Badajoz;Extremadura;-5.235776;39.03516
Castuera;Badajoz;Extremadura;-5.549032;38.730743
Talavera la Real;Badajoz;Extremadura;-6.773347;38.87999
Villanueva del Fresno;Badajoz;Extremadura;-7.16301;38.378975
Villafranca de los Barros;Badajoz;Extremadura;-6.34943;38.564724
Puebla de la Calzada;Badajoz;Extremadura;-6.62624;38.894455
Santa Marta;Badajoz;Extremadura;-6.631389;38.61547
Campanario;Badajoz;Extremadura;-5.620908;38.86172
Herrera del Duque;Badajoz;Extremadura;-5.05328;39.17127
Cabeza del Buey;Badajoz;Extremadura;-5.230406;38.71709
Zafra;Badajoz;Extremadura;-6.41492;38.42439
Azuaga;Badajoz;Extremadura;-5.675992;38.2629
Jerez de los Caballeros;Badajoz;Extremadura;-6.77897;38.320087
San Pedro de Mérida;Badajoz;Extremadura;-6.186346;38.94719
Badajoz;Badajoz;Extremadura;-6.964988;38.873844
Fuente de Cantos;Badajoz;Extremadura;-6.300789;38.247707
Olivenza;Badajoz;Extremadura;-7.097594;38.684753
Almendralejo;Badajoz;Extremadura;-5.809799;38.969646
Oliva de la Frontera;Badajoz;Extremadura;-6.918325;38.276745
Fregenal de la Sierra;Badajoz;Extremadura;-6.654096;38.164753
Guareña;Badajoz;Extremadura;-6.100688;38.863503
Navalvillar de Pela;Badajoz;Extremadura;-5.466362;39.103718
Don Benito;Badajoz;Extremadura;-5.863203;38.962677
Llerena;Badajoz;Extremadura;-6.014565;38.242653
Campillo de Llerena;Badajoz;Extremadura;-5.830707;38.50326
San Vicente de Alcántara;Badajoz;Extremadura;-7.139077;39.363297
Acedera;Badajoz;Extremadura;-5.575436;39.07741
Calzadilla de los Barros;Badajoz;Extremadura;-6.31143;38.300858
Albuera, La;Badajoz;Extremadura;-6.824425;38.71658
Hornachos;Badajoz;Extremadura;-6.073945;38.555706
Puebla de Obando;Badajoz;Extremadura;-6.628697;39.177975
Puebla de Obando;Badajoz;Extremadura;-6.62066;39.175926
Calamonte;Badajoz;Extremadura;-6.379164;38.885178
Monesterio;Badajoz;Extremadura;-6.257967;38.08397
Alburquerque;Badajoz;Extremadura;-6.99907;39.21611
Mérida;Badajoz;Extremadura;-6.331926;38.913998
Zafra;Badajoz;Extremadura;-6.413041;38.42995
Montijo;Badajoz;Extremadura;-6.621488;38.899372
Villafranca de los Barros;Badajoz;Extremadura;-6.339801;38.559822
Fuenlabrada de los Montes;Badajoz;Extremadura;-4.939501;39.12897
Badajoz;Badajoz;Extremadura;-7.004663;38.886337
Badajoz;Badajoz;Extremadura;-7.002152;38.886868
Almendralejo;Badajoz;Extremadura;-6.390387;38.673912
Villafranca de los Barros;Badajoz;Extremadura;-6.369484;38.62855
Badajoz;Badajoz;Extremadura;-6.981909;38.754578
Mérida;Badajoz;Extremadura;-6.3629007;38.9054
Guareña;Badajoz;Extremadura;-6.099639;38.86282
Palma;Baleares;Baleares;2.63586;39.5948
Palma;Baleares;Baleares;2.6359;39.5948
Lloseta;Baleares;Baleares;2.87013;39.70349
Marratxí;Baleares;Baleares;2.673506;39.590946
Bunyola;Baleares;Baleares;4.267606;39.861618
Sant Llorenç des Cardassar;Baleares;Baleares;3.379108;39.59443
Calvià;Baleares;Baleares;2.47931;39.49025
Inca;Baleares;Baleares;2.908884;39.711216
Eivissa;Baleares;Baleares;1.441084;38.920925
Palma;Baleares;Baleares;2.6529;39.5739
Ciutadella de Menorca;Baleares;Baleares;3.8332;39.927
Marratxí;Baleares;Baleares;2.704107;39.61582
Alaior;Baleares;Baleares;4.132993;39.86578
Inca;Baleares;Baleares;2.913884;39.721546
Mercadal, Es;Baleares;Baleares;4.087694;39.988445
Alcúdia;Baleares;Baleares;3.114388;39.82159
Marratxí;Baleares;Baleares;2.673471;39.587894
Ciutadella de Menorca;Baleares;Baleares;3.856056;40.00525
Marratxí;Baleares;Baleares;2.733384;39.628597
Pollença;Baleares;Baleares;3.02941;39.88669
Palma;Baleares;Baleares;2.683818;39.564865
Palma;Baleares;Baleares;2.650844;39.595505
Marratxí;Baleares;Baleares;2.673015;39.60205
Palma;Baleares;Baleares;2.651437;39.596184
Inca;Baleares;Baleares;2.920363;39.726204
Palma;Baleares;Baleares;2.68245;39.56658
Sant Antoni de Portmany;Baleares;Baleares;1.305654;38.98668
Castell, Es;Baleares;Baleares;4.292572;39.881203
Alcúdia;Baleares;Baleares;3.128337;39.842525
Maó-Mahón;Baleares;Baleares;4.261457;39.81403
Castell, Es;Baleares;Baleares;4.29346;39.88123
Eivissa;Baleares;Baleares;1.404534;38.883415
Calvià;Baleares;Baleares;2.53456;39.493965
Andratx;Baleares;Baleares;2.423882;39.577824
Calvià;Baleares;Baleares;2.594493;39.542942
Ciutadella de Menorca;Baleares;Baleares;3.799569;39.998554
Inca;Baleares;Baleares;2.910404;39.72061
Inca;Baleares;Baleares;2.910446;39.720627
Inca;Baleares;Baleares;2.910431;39.720627
Inca;Baleares;Baleares;2.910566;39.720657
Inca;Baleares;Baleares;2.910462;39.720592
Ciutadella de Menorca;Baleares;Baleares;3.799599;39.998585
Ciutadella de Menorca;Baleares;Baleares;3.835892;39.926624
Ciutadella de Menorca;Baleares;Baleares;3.835673;39.926765
Ciutadella de Menorca;Baleares;Baleares;3.812964;40.00157
Ciutadella de Menorca;Baleares;Baleares;3.829833;39.927193
Artà;Baleares;Baleares;4.020113;39.98662
Maó-Mahón;Baleares;Baleares;4.251749;39.88935
Calvià;Baleares;Baleares;2.534553;39.49398
Calvià;Baleares;Baleares;2.594717;39.542862
Inca;Baleares;Baleares;2.910469;39.720608
Mercadal, Es;Baleares;Baleares;4.165817;40.03412
Mercadal, Es;Baleares;Baleares;4.093808;39.99042
Eivissa;Baleares;Baleares;1.415853;38.937916
Manacor;Baleares;Baleares;3.193024;39.573772
Inca;Baleares;Baleares;2.915918;39.71645
Manacor;Baleares;Baleares;3.184211;39.57271
Campanet;Baleares;Baleares;2.989318;39.775322
Son Servera;Baleares;Baleares;3.390407;39.617886
Son Servera;Baleares;Baleares;3.414827;39.636368
Marratxí;Baleares;Baleares;2.658274;39.600384
Sóller;Baleares;Baleares;2.708572;39.765785
Palma;Baleares;Baleares;2.686852;39.56606
Maó-Mahón;Baleares;Baleares;4.265636;39.815228
Inca;Baleares;Baleares;2.919847;39.72299
Eivissa;Baleares;Baleares;1.412813;38.942997
Marratxí;Baleares;Baleares;2.674229;39.58788
Marratxí;Baleares;Baleares;2.657853;39.607533
Maó-Mahón;Baleares;Baleares;4.243528;39.885445
Marratxí;Baleares;Baleares;2.67465;39.58959
Artà;Baleares;Baleares;4.02439;39.98663
Palma;Baleares;Baleares;2.7012;39.5736
Santa Margalida;Baleares;Baleares;3.143797;39.77226
Vilafranca de Bonany;Baleares;Baleares;3.121187;39.57492
Santa Eulària des Riu;Baleares;Baleares;1.539032;38.98814
Eivissa;Baleares;Baleares;1.43691;38.91876
Sant Antoni de Portmany;Baleares;Baleares;1.309223;38.97262
Manacor;Baleares;Baleares;3.185419;39.572697
Santa Margalida;Baleares;Baleares;3.124825;39.790268
Santa Margalida;Baleares;Baleares;3.100941;39.701824
Ciutadella de Menorca;Baleares;Baleares;3.838551;39.991566
Alaior;Baleares;Baleares;4.14727;39.934353
Calvià;Baleares;Baleares;2.5351;39.5145
Inca;Baleares;Baleares;2.902734;39.711666
Marratxí;Baleares;Baleares;2.674838;39.587807
Salines, Ses;Baleares;Baleares;3.000233;39.320244
Alcúdia;Baleares;Baleares;3.127371;39.850098
Inca;Baleares;Baleares;2.919862;39.723003
Ciutadella de Menorca;Baleares;Baleares;3.858379;40.009377
Mercadal, Es;Baleares;Baleares;4.110965;40.04339
Alaior;Baleares;Baleares;3.01894;39.43258
Calvià;Baleares;Baleares;2.541834;39.52802
Manacor;Baleares;Baleares;3.210493;39.577812
Santa Eulària des Riu;Baleares;Baleares;1.428325;38.9987
Vilafranca de Bonany;Baleares;Baleares;3.121187;39.57428
Sant Llorenç des Cardassar;Baleares;Baleares;3.381681;39.589188
Sant Llorenç des Cardassar;Baleares;Baleares;3.374981;39.576233
Sant Llorenç des Cardassar;Baleares;Baleares;3.373824;39.5713
Mercadal, Es;Baleares;Baleares;4.163283;40.02895
Santanyí;Baleares;Baleares;3.232647;39.37423
Maó-Mahón;Baleares;Baleares;4.244848;39.88706
Son Servera;Baleares;Baleares;3.391347;39.6197
Mercadal, Es;Baleares;Baleares;4.110935;40.043358
Eivissa;Baleares;Baleares;1.419727;38.905945
Eivissa;Baleares;Baleares;1.419727;38.905945
Calvià;Baleares;Baleares;2.53386;39.511612
Calvià;Baleares;Baleares;2.533841;39.511616
Calvià;Baleares;Baleares;2.534595;39.51152
Palma;Baleares;Baleares;2.638213;39.5928
Palma;Baleares;Baleares;2.638183;39.592773
Marratxí;Baleares;Baleares;2.676287;39.59722
Llucmajor;Baleares;Baleares;2.851412;39.48407
Pollença;Baleares;Baleares;3.01598;39.873905
Maó-Mahón;Baleares;Baleares;4.248841;39.89122
Artà;Baleares;Baleares;3.346907;39.68983
Maó-Mahón;Baleares;Baleares;4.236506;39.885315
Palma;Baleares;Baleares;2.618759;39.584984
Palma;Baleares;Baleares;2.735018;39.535576
Palma;Baleares;Baleares;2.6502;39.595345
Palma;Baleares;Baleares;2.678806;39.581722
Eivissa;Baleares;Baleares;1.45;38.912
Alaior;Baleares;Baleares;4.078328;39.89883
Palma;Baleares;Baleares;2.598304;39.550056
Calvià;Baleares;Baleares;2.47931;39.49025
Marratxí;Baleares;Baleares;2.724718;39.62155
Palma;Baleares;Baleares;2.679302;39.58195
Marratxí;Baleares;Baleares;2.756531;39.648304
Santanyí;Baleares;Baleares;3.226912;39.379795
Marratxí;Baleares;Baleares;2.723926;39.625546
Alcúdia;Baleares;Baleares;3.11475;39.820515
Palma;Baleares;Baleares;2.618857;39.584785
Palma;Baleares;Baleares;2.722212;39.543823
Palma;Baleares;Baleares;2.722255;39.543846
Palma;Baleares;Baleares;2.722301;39.543865
Palma;Baleares;Baleares;2.722217;39.54397
Palma;Baleares;Baleares;2.727694;39.54675
Palma;Baleares;Baleares;2.728647;39.54687
Palma;Baleares;Baleares;2.728218;39.54708
Palma;Baleares;Baleares;2.728411;39.54705
Palma;Baleares;Baleares;2.728564;39.546955
Palma;Baleares;Baleares;2.728877;39.546913
Alaior;Baleares;Baleares;3.025017;39.36975
Eivissa;Baleares;Baleares;1.443889;38.929585
Palma;Baleares;Baleares;2.63536;39.56124
Maó-Mahón;Baleares;Baleares;4.26461;39.89056
Maó-Mahón;Baleares;Baleares;4.26106;39.89516
Maó-Mahón;Baleares;Baleares;4.26454;39.89057
Maó-Mahón;Baleares;Baleares;4.261131;39.895134
Maó-Mahón;Baleares;Baleares;4.267071;39.8902
Palma;Baleares;Baleares;2.62591;39.5532
Palma;Baleares;Baleares;2.62592;39.55324
Palma;Baleares;Baleares;2.64331;39.56776
Palma;Baleares;Baleares;2.64335;39.5678
Palma;Baleares;Baleares;2.644;39.56644
Palma;Baleares;Baleares;2.64237;39.5647
Palma;Baleares;Baleares;2.64231;39.56467
Alcúdia;Baleares;Baleares;3.13788;39.83932
Palma;Baleares;Baleares;2.6272;39.55338
Palma;Baleares;Baleares;2.64459;39.56595
Palma;Baleares;Baleares;2.64459;39.56595
Palma;Baleares;Baleares;2.64465;39.56598
Palma;Baleares;Baleares;2.64469;39.56599
Palma;Baleares;Baleares;2.64477;39.56602
Palma;Baleares;Baleares;2.64483;39.56604
Palma;Baleares;Baleares;2.64438;39.56626
Palma;Baleares;Baleares;2.64445;39.5663
Palma;Baleares;Baleares;2.64443;39.56644
Palma;Baleares;Baleares;2.64337;39.56574
Alcúdia;Baleares;Baleares;3.1374;39.83925
Palma;Baleares;Baleares;2.62391;39.5453
Palma;Baleares;Baleares;2.64173;39.56426
Marratxí;Baleares;Baleares;2.670053;39.59469
Capdepera;Baleares;Baleares;3.4301717;39.745
Alcúdia;Baleares;Baleares;3.1125;39.833057
Alcúdia;Baleares;Baleares;3.126667;39.84083
Capdepera;Baleares;Baleares;3.427778;39.74139
Inca;Baleares;Baleares;2.917126;39.71998
Inca;Baleares;Baleares;2.897824;39.717354
Inca;Baleares;Baleares;2.923359;39.72741
Inca;Baleares;Baleares;2.9077864;39.716084
Inca;Baleares;Baleares;2.913575;39.72335
Felanitx;Baleares;Baleares;3.15373;39.47572
Felanitx;Baleares;Baleares;3.23776;39.37887
Felanitx;Baleares;Baleares;3.23585;39.38103
Felanitx;Baleares;Baleares;3.15551;39.47011
Felanitx;Baleares;Baleares;3.14749;39.46818
Felanitx;Baleares;Baleares;3.14841;39.46942
Alaior;Baleares;Baleares;4.149178;39.934055
Costitx;Baleares;Baleares;2.94953;39.65675
Felanitx;Baleares;Baleares;3.20929;39.40767
Felanitx;Baleares;Baleares;3.25882;39.42302
Felanitx;Baleares;Baleares;3.13627;39.41854
Felanitx;Baleares;Baleares;3.13692;39.46594
Felanitx;Baleares;Baleares;3.13692;39.46594
Felanitx;Baleares;Baleares;3.14426;39.47323
Felanitx;Baleares;Baleares;3.16176;39.47325
Inca;Baleares;Baleares;2.907389;39.720898
Muro;Baleares;Baleares;3.114722;39.80722
Bunyola;Baleares;Baleares;2.7004013;39.686867
Bunyola;Baleares;Baleares;2.7023504;39.691257
Alcúdia;Baleares;Baleares;3.133732;39.836918
Bunyola;Baleares;Baleares;2.6989367;39.68676
Santa María del Camí;Baleares;Baleares;2.77584;39.65359
Santa María del Camí;Baleares;Baleares;2.77584;39.65359
Santa María del Camí;Baleares;Baleares;2.77183;39.65023
Santa María del Camí;Baleares;Baleares;2.77304;39.65093
Santa María del Camí;Baleares;Baleares;2.77132;39.64751
Santa María del Camí;Baleares;Baleares;2.77749;39.64879
Castell, Es;Baleares;Baleares;4.288434;39.876495
Castell, Es;Baleares;Baleares;4.288388;39.876472
Castell, Es;Baleares;Baleares;4.28834;39.87645
Castell, Es;Baleares;Baleares;4.288501;39.87651
Castell, Es;Baleares;Baleares;4.288689;39.8763
Castell, Es;Baleares;Baleares;4.288587;39.87625
Castell, Es;Baleares;Baleares;4.288525;39.87623
Castell, Es;Baleares;Baleares;4.288541;39.876534
Palma;Baleares;Baleares;2.618857;39.584785
Alcúdia;Baleares;Baleares;3.11475;39.820515
Bunyola;Baleares;Baleares;2.7023504;39.691257
Castell, Es;Baleares;Baleares;4.288648;39.876278
Castell, Es;Baleares;Baleares;4.293881;39.877262
Castell, Es;Baleares;Baleares;4.290647;39.879425
Maó-Mahón;Baleares;Baleares;4.24933;39.901936
Ciutadella de Menorca;Baleares;Baleares;3.854471;40.010372
Ciutadella de Menorca;Baleares;Baleares;3.828599;40.00307
Sant Lluís;Baleares;Baleares;4.255282;39.848557
Sant Lluís;Baleares;Baleares;4.255282;39.848557
Sant Lluís;Baleares;Baleares;4.234961;39.81936
Sant Lluís;Baleares;Baleares;4.256355;39.84768
Sant Lluís;Baleares;Baleares;4.256355;39.84768
Sant Lluís;Baleares;Baleares;4.256408;39.847675
Sant Lluís;Baleares;Baleares;4.256408;39.847675
Sant Lluís;Baleares;Baleares;4.25647;39.847687
Sant Lluís;Baleares;Baleares;4.256532;39.847687
Sant Lluís;Baleares;Baleares;4.255233;39.847595
Sant Lluís;Baleares;Baleares;4.234961;39.81936
Sant Lluís;Baleares;Baleares;4.255279;39.848503
Sant Lluís;Baleares;Baleares;4.255279;39.848503
Sant Lluís;Baleares;Baleares;4.255303;39.848522
Sant Lluís;Baleares;Baleares;4.255298;39.848557
Calvià;Baleares;Baleares;2.5353892;39.524807
Calvià;Baleares;Baleares;2.5057957;39.56407
Palma;Baleares;Baleares;2.6486735;39.59548
Sant Lluís;Baleares;Baleares;4.255303;39.848522
Sant Lluís;Baleares;Baleares;4.25647;39.847687
Sant Lluís;Baleares;Baleares;4.256532;39.847687
Sant Lluís;Baleares;Baleares;4.255233;39.847595
Sant Lluís;Baleares;Baleares;4.27873;39.81386
Sant Lluís;Baleares;Baleares;4.27873;39.81386
Sant Lluís;Baleares;Baleares;4.265251;39.858025
Sant Lluís;Baleares;Baleares;4.265251;39.858025
Sant Lluís;Baleares;Baleares;4.255298;39.848557
Castell, Es;Baleares;Baleares;4.282002;39.876633
Calvià;Baleares;Baleares;2.5635107;39.533894
Manacor;Baleares;Baleares;3.210121;39.577835
Inca;Baleares;Baleares;2.915533;39.716633
Palma;Baleares;Baleares;2.654215;39.59117
Palma;Baleares;Baleares;2.722533;39.546116
Palma;Baleares;Baleares;2.676416;39.58929
Calvià;Baleares;Baleares;2.4536762;39.53861
Calvià;Baleares;Baleares;2.4822848;39.517944
Calvià;Baleares;Baleares;2.5034275;39.494534
Calvià;Baleares;Baleares;2.468911;39.578823
Calvià;Baleares;Baleares;2.443772;39.538475
Calvià;Baleares;Baleares;2.4990754;39.49875
Palma;Baleares;Baleares;2.680355;39.571407
Manacor;Baleares;Baleares;3.330002;39.546738
Sant Josep de sa Talaia;Baleares;Baleares;1.292326;38.969585
Artà;Baleares;Baleares;3.962374;39.93749
Santa Eulària des Riu;Baleares;Baleares;1.545344;38.98612
Ciutadella de Menorca;Baleares;Baleares;3.84467;39.929092
Alaior;Baleares;Baleares;4.077548;39.898674
Felanitx;Baleares;Baleares;3.141154;39.465355
Pollença;Baleares;Baleares;3.029456;39.886196
Maó-Mahón;Baleares;Baleares;4.241231;39.88665
Santa Eulària des Riu;Baleares;Baleares;1.569429;38.99229
Calvià;Baleares;Baleares;2.596021;39.543736
Calvià;Baleares;Baleares;2.532274;39.507187
Migjorn Gran, Es;Baleares;Baleares;4.036754;39.91604
Calvià;Baleares;Baleares;2.544971;39.51032
Calvià;Baleares;Baleares;2.4404237;39.537216
Calvià;Baleares;Baleares;2.4404237;39.537216
Calvià;Baleares;Baleares;2.475431;39.523617
Calvià;Baleares;Baleares;2.4706707;39.579018
Calvià;Baleares;Baleares;2.4812555;39.490673
Calvià;Baleares;Baleares;2.5430055;39.52794
Calvià;Baleares;Baleares;2.529409;39.51041
Calvià;Baleares;Baleares;2.529409;39.51041
Calvià;Baleares;Baleares;2.529409;39.51041
Calvià;Baleares;Baleares;2.529409;39.51041
Calvià;Baleares;Baleares;2.528294;39.508102
Calvià;Baleares;Baleares;2.59241;39.543144
Calvià;Baleares;Baleares;2.573599;39.533463
Calvià;Baleares;Baleares;2.4973972;39.524113
Calvià;Baleares;Baleares;2.4817147;39.513924
Calvià;Baleares;Baleares;2.5335896;39.5157
Sant Joan de Labritja;Baleares;Baleares;1.436157;39.044544
Palma;Baleares;Baleares;2.6345797;39.591793
Palma;Baleares;Baleares;2.6797304;39.574493
Hospitalet de Llobregat, L';Barcelona;Cataluña;2.12666;41.34947
Hospitalet de Llobregat, L';Barcelona;Cataluña;2.12666;41.34947
Terrassa;Barcelona;Cataluña;2.034615;41.564198
Palau-solità i Plegamans;Barcelona;Cataluña;2.17634;41.564857
Barcelona;Barcelona;Cataluña;2.18745;41.42546
Pineda de Mar;Barcelona;Cataluña;2.691789;41.628887
Alella;Barcelona;Cataluña;2.296472;41.488323
Cornellà de Llobregat;Barcelona;Cataluña;2.083199;41.348312
Vilanova i la Geltrú;Barcelona;Cataluña;1.73739;41.2321
Vilafranca del Penedès;Barcelona;Cataluña;1.677385;41.329727
Esplugues de Llobregat;Barcelona;Cataluña;2.079817;41.369194
Abrera;Barcelona;Cataluña;1.901558;41.506027
Vilanova i la Geltrú;Barcelona;Cataluña;1.73808;41.22859
Granollers;Barcelona;Cataluña;2.282274;41.597206
Premià de Dalt;Barcelona;Cataluña;2.36055;41.50196
Molins de Rei;Barcelona;Cataluña;2.02224;41.404823
Sabadell;Barcelona;Cataluña;2.098467;41.544098
Santa Susanna;Barcelona;Cataluña;2.70783;41.63396
Sabadell;Barcelona;Cataluña;2.096424;41.55896
Barberà del Vallès;Barcelona;Cataluña;2.135539;41.50821
Sant Boi de Llobregat;Barcelona;Cataluña;2.051254;41.334415
Mollet del Vallès;Barcelona;Cataluña;2.221998;41.53998
Cabrera de Mar;Barcelona;Cataluña;2.416746;41.517918
Mataró;Barcelona;Cataluña;2.42704;41.535072
Vilafranca del Penedès;Barcelona;Cataluña;1.68386;41.335327
Terrassa;Barcelona;Cataluña;2.022308;41.570805
Tona;Barcelona;Cataluña;2.231157;41.848347
Vilanova i la Geltrú;Barcelona;Cataluña;1.740376;41.226913
Barcelona;Barcelona;Cataluña;2.120623;41.405827
Barcelona;Barcelona;Cataluña;2.142221;41.39732
Badalona;Barcelona;Cataluña;2.255134;41.459984
Igualada;Barcelona;Cataluña;1.62576;41.588753
Pineda de Mar;Barcelona;Cataluña;2.677847;41.617973
Cornellà de Llobregat;Barcelona;Cataluña;2.079625;41.367767
Granollers;Barcelona;Cataluña;2.28537;41.59062
Manresa;Barcelona;Cataluña;1.836805;41.7313
Barcelona;Barcelona;Cataluña;2.142677;41.35467
Hospitalet de Llobregat, L';Barcelona;Cataluña;2.119824;41.352364
Badalona;Barcelona;Cataluña;2.20411;41.41206
Mataró;Barcelona;Cataluña;2.43927;41.531197
Sabadell;Barcelona;Cataluña;2.102158;41.55678
Terrassa;Barcelona;Cataluña;2.023774;41.569344
Sabadell;Barcelona;Cataluña;2.109746;41.511463
Campins;Barcelona;Cataluña;2.50546;41.69511
Sant Andreu de Llavaneres;Barcelona;Cataluña;2.484646;41.56446
Barcelona;Barcelona;Cataluña;2.150681;41.39619
Barberà del Vallès;Barcelona;Cataluña;2.131093;41.515648
Mollet del Vallès;Barcelona;Cataluña;2.222511;41.541313
Manresa;Barcelona;Cataluña;1.849144;41.724182
Abrera;Barcelona;Cataluña;1.90132;41.50598
Hospitalet de Llobregat, L';Barcelona;Cataluña;2.122786;41.354397
Palau-solità i Plegamans;Barcelona;Cataluña;2.176393;41.585815
Montcada i Reixac;Barcelona;Cataluña;2.187016;41.50852
Rubí;Barcelona;Cataluña;2.036118;41.495007
Gavà;Barcelona;Cataluña;2.007701;41.295834
Castelldefels;Barcelona;Cataluña;1.985974;41.281475
Gavà;Barcelona;Cataluña;2.008087;41.29538
Pallejà;Barcelona;Cataluña;2.001623;41.42051
Barcelona;Barcelona;Cataluña;2.188576;41.37498
Barcelona;Barcelona;Cataluña;2.162769;41.39105
Barcelona;Barcelona;Cataluña;2.149683;41.396458
Sabadell;Barcelona;Cataluña;2.112008;41.54112
Prat de Llobregat, El;Barcelona;Cataluña;2.087361;41.32753
Barcelona;Barcelona;Cataluña;2.209857;41.40789
Barcelona;Barcelona;Cataluña;2.208532;41.407578
Castellbisbal;Barcelona;Cataluña;1.999187;41.45562
Olivella;Barcelona;Cataluña;1.777909;41.29752
Olesa de Bonesvalls;Barcelona;Cataluña;1.851169;41.352104
Mataró;Barcelona;Cataluña;2.430677;41.53602
Barcelona;Barcelona;Cataluña;2.175187;41.397083
Olesa de Montserrat;Barcelona;Cataluña;1.888337;41.5404
Olesa de Montserrat;Barcelona;Cataluña;1.888267;41.540417
Castellet i la Gornal;Barcelona;Cataluña;1.616683;41.326294
Barcelona;Barcelona;Cataluña;2.13754;41.41056
Sant Pere de Riudebitlles;Barcelona;Cataluña;1.697881;41.45177
Sant Pere de Riudebitlles;Barcelona;Cataluña;1.697881;41.45177
Manresa;Barcelona;Cataluña;1.821968;41.738594
Barcelona;Barcelona;Cataluña;2.137187;41.356945
Barcelona;Barcelona;Cataluña;2.137206;41.3569
Barcelona;Barcelona;Cataluña;2.137179;41.356915
Barcelona;Barcelona;Cataluña;2.137178;41.35696
Manresa;Barcelona;Cataluña;1.846044;41.72451
Santa Margarida de Montbui;Barcelona;Cataluña;1.604189;41.57993
Barcelona;Barcelona;Cataluña;2.162474;41.392467
Barcelona;Barcelona;Cataluña;2.145049;41.37796
Barcelona;Barcelona;Cataluña;2.171828;41.413853
Barcelona;Barcelona;Cataluña;2.171829;41.413853
Roca del Vallès, La;Barcelona;Cataluña;2.346419;41.617264
Olivella;Barcelona;Cataluña;1.777909;41.29752
Sallent;Barcelona;Cataluña;1.87639;41.833084
Barcelona;Barcelona;Cataluña;2.128951;41.388226
Barcelona;Barcelona;Cataluña;2.128953;41.38826
Barcelona;Barcelona;Cataluña;2.128953;41.38826
Barcelona;Barcelona;Cataluña;2.128953;41.38826
Barcelona;Barcelona;Cataluña;2.128953;41.38826
Barcelona;Barcelona;Cataluña;2.128953;41.38826
Barcelona;Barcelona;Cataluña;2.128953;41.38826
Barcelona;Barcelona;Cataluña;2.128953;41.38826
Barcelona;Barcelona;Cataluña;2.159045;41.39726
Barcelona;Barcelona;Cataluña;2.170047;41.387016
Barcelona;Barcelona;Cataluña;2.170047;41.387016
Barcelona;Barcelona;Cataluña;2.17281;41.389248
Barcelona;Barcelona;Cataluña;2.128953;41.38826
Barcelona;Barcelona;Cataluña;2.172743;41.40476
Sabadell;Barcelona;Cataluña;2.088414;41.559395
Puig-reig;Barcelona;Cataluña;1.880085;41.96252
Sant Cugat del Vallès;Barcelona;Cataluña;2.054599;41.4857
Barcelona;Barcelona;Cataluña;2.172713;41.40474
Manresa;Barcelona;Cataluña;1.847077;41.723904
Sabadell;Barcelona;Cataluña;2.007027;41.555965
Mollet del Vallès;Barcelona;Cataluña;2.222779;41.54155
Mollet del Vallès;Barcelona;Cataluña;2.222799;41.54158
Sabadell;Barcelona;Cataluña;2.088384;41.559364
Malgrat de Mar;Barcelona;Cataluña;2.740111;41.653793
Masies de Voltregà, Les;Barcelona;Cataluña;2.238149;41.99513
Barcelona;Barcelona;Cataluña;2.176497;41.385128
Ullastrell;Barcelona;Cataluña;1.982716;41.528297
Franqueses del Vallès, Les;Barcelona;Cataluña;2.303915;41.614063
Sant Pere de Riudebitlles;Barcelona;Cataluña;1.703039;41.453106
Sant Pere de Riudebitlles;Barcelona;Cataluña;1.703532;41.45214
Barcelona;Barcelona;Cataluña;2.211751;41.411423
Barcelona;Barcelona;Cataluña;2.211771;41.411453
Barcelona;Barcelona;Cataluña;2.2121;41.40821
Barcelona;Barcelona;Cataluña;2.2121;41.40821
Barcelona;Barcelona;Cataluña;2.2121;41.40821
Barcelona;Barcelona;Cataluña;2.2121;41.40821
Barcelona;Barcelona;Cataluña;2.211965;41.402424
Barcelona;Barcelona;Cataluña;2.211935;41.402393
Barcelona;Barcelona;Cataluña;2.139633;41.379166
Barcelona;Barcelona;Cataluña;2.141389;41.37978
Barcelona;Barcelona;Cataluña;2.211905;41.402363
Barcelona;Barcelona;Cataluña;2.211995;41.40245
Barcelona;Barcelona;Cataluña;2.147659;41.375397
Calaf;Barcelona;Cataluña;1.513595;41.728706
Barcelona;Barcelona;Cataluña;2.164775;41.398167
Barcelona;Barcelona;Cataluña;2.170048;41.382984
Barcelona;Barcelona;Cataluña;2.170093;41.382996
Barcelona;Barcelona;Cataluña;2.140923;41.38144
Barcelona;Barcelona;Cataluña;2.140983;41.3815
Barcelona;Barcelona;Cataluña;2.140993;41.38153
Barcelona;Barcelona;Cataluña;2.140953;41.38147
Sitges;Barcelona;Cataluña;1.805572;41.236397
Sitges;Barcelona;Cataluña;1.805512;41.23634
Sitges;Barcelona;Cataluña;1.805542;41.236366
Prat de Llobregat, El;Barcelona;Cataluña;2.084197;41.329655
Barcelona;Barcelona;Cataluña;2.1465018;41.381588
Barcelona;Barcelona;Cataluña;2.1456;41.402584
Cànoves i Samalús;Barcelona;Cataluña;2.281949;41.69429
Barcelona;Barcelona;Cataluña;2.1699884;41.396397
Barcelona;Barcelona;Cataluña;2.147629;41.375366
Sant Cugat del Vallès;Barcelona;Cataluña;2.054589;41.48568
Barcelona;Barcelona;Cataluña;2.128953;41.38826
Barcelona;Barcelona;Cataluña;2.128953;41.38826
Barcelona;Barcelona;Cataluña;2.128953;41.38826
Canet de Mar;Barcelona;Cataluña;2.591586;41.590412
Terrassa;Barcelona;Cataluña;2.026242;41.54643
Terrassa;Barcelona;Cataluña;2.026212;41.546417
Terrassa;Barcelona;Cataluña;2.026182;41.54641
Terrassa;Barcelona;Cataluña;2.026152;41.5464
Terrassa;Barcelona;Cataluña;2.026122;41.546387
Manresa;Barcelona;Cataluña;1.847537;41.72364
Barcelona;Barcelona;Cataluña;2.147744;41.391056
Barcelona;Barcelona;Cataluña;2.147744;41.391056
Barcelona;Barcelona;Cataluña;2.147744;41.391056
Barcelona;Barcelona;Cataluña;2.147744;41.391056
Barcelona;Barcelona;Cataluña;2.1659;41.3911
Barcelona;Barcelona;Cataluña;2.1659;41.3911
Barcelona;Barcelona;Cataluña;2.1659;41.3911
Barcelona;Barcelona;Cataluña;2.1659;41.3911
Barcelona;Barcelona;Cataluña;2.1659;41.3911
Barcelona;Barcelona;Cataluña;2.1659;41.3911
Mataró;Barcelona;Cataluña;2.444283;41.537174
Mataró;Barcelona;Cataluña;2.44433;41.53725
Barcelona;Barcelona;Cataluña;2.169999;41.39251
Barcelona;Barcelona;Cataluña;2.169999;41.39251
Barcelona;Barcelona;Cataluña;2.169999;41.39251
Barcelona;Barcelona;Cataluña;2.169999;41.39251
Barcelona;Barcelona;Cataluña;2.1659;41.3911
Barcelona;Barcelona;Cataluña;2.142526;41.38286
Barcelona;Barcelona;Cataluña;2.142556;41.382877
Franqueses del Vallès, Les;Barcelona;Cataluña;2.303866;41.614075
Barcelona;Barcelona;Cataluña;2.180727;41.390644
Barcelona;Barcelona;Cataluña;2.180757;41.390675
Barcelona;Barcelona;Cataluña;2.180777;41.3907
Sant Boi de Llobregat;Barcelona;Cataluña;2.035357;41.32186
Vic;Barcelona;Cataluña;2.254284;41.9305
Vic;Barcelona;Cataluña;2.254284;41.9305
Igualada;Barcelona;Cataluña;1.616822;41.581615
Igualada;Barcelona;Cataluña;1.616822;41.581615
Vilanova i la Geltrú;Barcelona;Cataluña;1.724814;41.22231
Vilanova i la Geltrú;Barcelona;Cataluña;1.724814;41.22231
Barcelona;Barcelona;Cataluña;2.169999;41.39251
Barcelona;Barcelona;Cataluña;2.169999;41.39251
Barcelona;Barcelona;Cataluña;2.169999;41.39251
Barcelona;Barcelona;Cataluña;2.169999;41.39251
Barcelona;Barcelona;Cataluña;2.14668;41.394405
Barcelona;Barcelona;Cataluña;2.14668;41.394405
Barcelona;Barcelona;Cataluña;2.14668;41.394405
Barcelona;Barcelona;Cataluña;2.14668;41.394405
Barcelona;Barcelona;Cataluña;2.164548;41.392635
Barcelona;Barcelona;Cataluña;2.17363;41.38959
Sabadell;Barcelona;Cataluña;2.104204;41.546413
Sabadell;Barcelona;Cataluña;2.104204;41.546413
Barcelona;Barcelona;Cataluña;2.12677;41.386456
Barcelona;Barcelona;Cataluña;2.17363;41.38959
Parets del Vallès;Barcelona;Cataluña;2.228875;41.564114
Badalona;Barcelona;Cataluña;2.2275257;41.444126
Barcelona;Barcelona;Cataluña;2.156324;41.32864
Barcelona;Barcelona;Cataluña;2.153663;41.3989
Sant Boi de Llobregat;Barcelona;Cataluña;2.046081;41.32972
Igualada;Barcelona;Cataluña;1.62546;41.58872
Barcelona;Barcelona;Cataluña;2.15662;41.401398
Barcelona;Barcelona;Cataluña;2.169999;41.39251
Hospitalet de Llobregat, L';Barcelona;Cataluña;2.128991;41.354053
Barcelona;Barcelona;Cataluña;2.174523;41.38993
Barcelona;Barcelona;Cataluña;2.180759;41.41568
Montmeló;Barcelona;Cataluña;2.254843;41.558784
Hospitalet de Llobregat, L';Barcelona;Cataluña;2.105563;41.35292
Vilafranca del Penedès;Barcelona;Cataluña;1.698415;41.344715
Barcelona;Barcelona;Cataluña;2.170416;41.385895
Vic;Barcelona;Cataluña;2.25364;41.930454
Barcelona;Barcelona;Cataluña;2.18913;41.37973
Barcelona;Barcelona;Cataluña;2.126348;41.386147
Terrassa;Barcelona;Cataluña;2.037383;41.55938
Sabadell;Barcelona;Cataluña;2.106572;41.532173
Manresa;Barcelona;Cataluña;1.848598;41.722923
Vilanova i la Geltrú;Barcelona;Cataluña;1.734261;41.22523
Barcelona;Barcelona;Cataluña;2.13029;41.394028
Mollet del Vallès;Barcelona;Cataluña;2.216461;41.53816
Igualada;Barcelona;Cataluña;1.621893;41.588905
Gavà;Barcelona;Cataluña;2.006796;41.265957
Barcelona;Barcelona;Cataluña;2.180742;41.39066
Tordera;Barcelona;Cataluña;2.722205;41.69633
Hospitalet de Llobregat, L';Barcelona;Cataluña;2.127824;41.353416
Barcelona;Barcelona;Cataluña;2.169409;41.375397
Barcelona;Barcelona;Cataluña;2.180727;41.390644
Barcelona;Barcelona;Cataluña;2.143093;41.393845
Barcelona;Barcelona;Cataluña;2.150293;41.383102
Igualada;Barcelona;Cataluña;1.615737;41.578148
Sant Andreu de Llavaneres;Barcelona;Cataluña;2.496102;41.55403
Vilanova i la Geltrú;Barcelona;Cataluña;1.734298;41.22524
Vilafranca del Penedès;Barcelona;Cataluña;1.6984;41.3447
Barcelona;Barcelona;Cataluña;2.14327;41.39019
Barcelona;Barcelona;Cataluña;2.166012;41.391327
Barcelona;Barcelona;Cataluña;2.164552;41.39266
Barcelona;Barcelona;Cataluña;2.146695;41.39442
Barcelona;Barcelona;Cataluña;2.167378;41.388145
Hospitalet de Llobregat, L';Barcelona;Cataluña;2.127833;41.35347
Igualada;Barcelona;Cataluña;1.619035;41.582535
Llacuna, La;Barcelona;Cataluña;1.53378;41.47221
Hospitalet de Llobregat, L';Barcelona;Cataluña;2.127881;41.353443
Barcelona;Barcelona;Cataluña;2.189042;41.380024
Mataró;Barcelona;Cataluña;2.444276;41.53718
Barcelona;Barcelona;Cataluña;2.142867;41.383907
Barcelona;Barcelona;Cataluña;2.169394;41.37538
Mataró;Barcelona;Cataluña;2.444326;41.53723
Hospitalet de Llobregat, L';Barcelona;Cataluña;2.127765;41.353447
Sant Feliu de Llobregat;Barcelona;Cataluña;2.044224;41.374493
Barcelona;Barcelona;Cataluña;2.153678;41.398914
Parets del Vallès;Barcelona;Cataluña;2.240109;41.571808
Sant Andreu de la Barca;Barcelona;Cataluña;1.969296;41.4536
Centelles;Barcelona;Cataluña;2.224342;41.801247
Vilafranca del Penedès;Barcelona;Cataluña;1.687724;41.33898
Avinyonet del Penedès;Barcelona;Cataluña;1.722205;41.32109
Balenyà;Barcelona;Cataluña;2.236129;41.821262
Barcelona;Barcelona;Cataluña;2.1635;41.3955
Barcelona;Barcelona;Cataluña;2.163515;41.395515
Barcelona;Barcelona;Cataluña;2.168282;41.382202
Barcelona;Barcelona;Cataluña;2.142757;41.374504
Barcelona;Barcelona;Cataluña;2.164582;41.39269
Barcelona;Barcelona;Cataluña;2.153942;41.38938
Mataró;Barcelona;Cataluña;2.444306;41.53721
Sabadell;Barcelona;Cataluña;2.109234;41.546852
Esplugues de Llobregat;Barcelona;Cataluña;2.098538;41.377346
Barcelona;Barcelona;Cataluña;2.143087;41.393757
Esplugues de Llobregat;Barcelona;Cataluña;2.098478;41.377285
Vallirana;Barcelona;Cataluña;1.94438;41.38926
Sant Boi de Llobregat;Barcelona;Cataluña;2.035228;41.321507
Lliçà de Vall;Barcelona;Cataluña;2.211057;41.573486
Barcelona;Barcelona;Cataluña;2.142917;41.379158
Dosrius;Barcelona;Cataluña;2.400474;41.592064
Badalona;Barcelona;Cataluña;2.245266;41.447296
Barcelona;Barcelona;Cataluña;2.147744;41.391056
Barcelona;Barcelona;Cataluña;2.177321;41.385563
Terrassa;Barcelona;Cataluña;2.017574;41.56349
Barcelona;Barcelona;Cataluña;2.142947;41.37919
Barcelona;Barcelona;Cataluña;2.180865;41.39066
Rubí;Barcelona;Cataluña;2.035393;41.489086
Cardona;Barcelona;Cataluña;1.701012;41.907646
Montgat;Barcelona;Cataluña;2.289584;41.470158
Esplugues de Llobregat;Barcelona;Cataluña;2.090348;41.370304
Mollet del Vallès;Barcelona;Cataluña;2.201635;41.544434
Hospitalet de Llobregat, L';Barcelona;Cataluña;2.127731;41.353424
Barcelona;Barcelona;Cataluña;2.170142;41.37891
Barcelona;Barcelona;Cataluña;2.12675;41.386345
Barcelona;Barcelona;Cataluña;2.162519;41.379456
Barcelona;Barcelona;Cataluña;2.166542;41.390812
Sant Fruitós de Bages;Barcelona;Cataluña;1.87097;41.75402
Mollet del Vallès;Barcelona;Cataluña;2.20936;41.528408
Sant Feliu de Llobregat;Barcelona;Cataluña;2.037466;41.38713
Igualada;Barcelona;Cataluña;1.615767;41.57818
Igualada;Barcelona;Cataluña;1.61372;41.5759
Barcelona;Barcelona;Cataluña;2.142742;41.37449
Sabadell;Barcelona;Cataluña;2.105582;41.547047
Barcelona;Barcelona;Cataluña;2.180757;41.390675
Barcelona;Barcelona;Cataluña;2.143078;41.39383
Barcelona;Barcelona;Cataluña;2.148227;41.395435
Hospitalet de Llobregat, L';Barcelona;Cataluña;2.127698;41.35339
Esplugues de Llobregat;Barcelona;Cataluña;2.100526;41.373486
Canovelles;Barcelona;Cataluña;2.28033;41.61564
Barcelona;Barcelona;Cataluña;2.169345;41.37914
Barcelona;Barcelona;Cataluña;2.180729;41.41565
Barcelona;Barcelona;Cataluña;2.145874;41.400394
Barcelona;Barcelona;Cataluña;2.166542;41.390812
Barcelona;Barcelona;Cataluña;2.143518;41.390343
Barcelona;Barcelona;Cataluña;2.177042;41.385662
Barcelona;Barcelona;Cataluña;2.156682;41.40142
Hospitalet de Llobregat, L';Barcelona;Cataluña;2.127768;41.353382
Sabadell;Barcelona;Cataluña;2.112291;41.556183
Cercs;Barcelona;Cataluña;1.857582;42.15957
Esplugues de Llobregat;Barcelona;Cataluña;2.100556;41.373516
Barcelona;Barcelona;Cataluña;2.176527;41.38516
Barcelona;Barcelona;Cataluña;2.164567;41.392673
Badalona;Barcelona;Cataluña;2.245251;41.44728
Barcelona;Barcelona;Cataluña;2.170431;41.38591
Barcelona;Barcelona;Cataluña;2.142852;41.383892
Barcelona;Barcelona;Cataluña;2.153957;41.389397
Terrassa;Barcelona;Cataluña;2.008781;41.563034
Sabadell;Barcelona;Cataluña;2.112276;41.556168
Mollet del Vallès;Barcelona;Cataluña;2.216491;41.53819
Mataró;Barcelona;Cataluña;2.439702;41.533222
Manresa;Barcelona;Cataluña;1.836021;41.730396
Hospitalet de Llobregat, L';Barcelona;Cataluña;2.127707;41.353386
Barcelona;Barcelona;Cataluña;2.173645;41.389606
Barcelona;Barcelona;Cataluña;2.153834;41.374702
Esplugues de Llobregat;Barcelona;Cataluña;2.098508;41.377316
Barcelona;Barcelona;Cataluña;2.143059;41.393703
Barcelona;Barcelona;Cataluña;2.16983;41.39243
Barcelona;Barcelona;Cataluña;2.162504;41.37944
Barcelona;Barcelona;Cataluña;2.130877;41.388687
Barcelona;Barcelona;Cataluña;2.147758;41.39107
Barcelona;Barcelona;Cataluña;2.167363;41.38813
Vilafranca del Penedès;Barcelona;Cataluña;1.698942;41.3442
Terrassa;Barcelona;Cataluña;2.010205;41.561558
Manresa;Barcelona;Cataluña;1.846389;41.740204
Rubí;Barcelona;Cataluña;2.035363;41.48906
Carme;Barcelona;Cataluña;1.513471;41.49107
Castellcir;Barcelona;Cataluña;2.123411;41.750637
Vic;Barcelona;Cataluña;2.252905;41.942043
Barcelona;Barcelona;Cataluña;2.153849;41.374718
Gironella;Barcelona;Cataluña;1.883166;42.016693
Sant Quirze de Besora;Barcelona;Cataluña;2.222239;42.097103
Sallent;Barcelona;Cataluña;1.899807;41.807198
Pineda de Mar;Barcelona;Cataluña;2.668602;41.620632
Esplugues de Llobregat;Barcelona;Cataluña;2.098418;41.377224
Barcelona;Barcelona;Cataluña;2.150278;41.383087
Mataró;Barcelona;Cataluña;2.444291;41.537193
Barcelona;Barcelona;Cataluña;2.145859;41.40038
Barcelona;Barcelona;Cataluña;2.14668;41.394405
Sallent;Barcelona;Cataluña;1.876632;41.833073
Font-rubí;Barcelona;Cataluña;1.802521;41.426254
Mataró;Barcelona;Cataluña;2.439732;41.533253
Barcelona;Barcelona;Cataluña;2.18292;41.385788
Avinyonet del Penedès;Barcelona;Cataluña;1.72214;41.32094
Barcelona;Barcelona;Cataluña;2.1608;41.4017
Barcelona;Barcelona;Cataluña;2.18295;41.38582
Sant Vicenç dels Horts;Barcelona;Cataluña;1.997271;41.40282
Vic;Barcelona;Cataluña;2.260219;41.933228
Barcelona;Barcelona;Cataluña;2.148212;41.395424
Barcelona;Barcelona;Cataluña;2.176547;41.385178
Barcelona;Barcelona;Cataluña;2.153077;41.39381
Sabadell;Barcelona;Cataluña;2.105567;41.54703
Barcelona;Barcelona;Cataluña;2.143108;41.39386
Barcelona;Barcelona;Cataluña;2.1553;41.3982
Vilanova i la Geltrú;Barcelona;Cataluña;1.723386;41.22214
Cabrera de Mar;Barcelona;Cataluña;2.406253;41.52378
Mollet del Vallès;Barcelona;Cataluña;2.201665;41.54446
Mollet del Vallès;Barcelona;Cataluña;2.209532;41.540066
Barcelona;Barcelona;Cataluña;2.155061;41.397858
Esplugues de Llobregat;Barcelona;Cataluña;2.098448;41.377254
Barcelona;Barcelona;Cataluña;2.13026;41.393997
Barcelona;Barcelona;Cataluña;2.130892;41.388702
Barcelona;Barcelona;Cataluña;2.168297;41.382217
Vallromanes;Barcelona;Cataluña;2.2851;41.531933
Barcelona;Barcelona;Cataluña;2.161233;41.397858
Mollet del Vallès;Barcelona;Cataluña;2.209345;41.528393
Barcelona;Barcelona;Cataluña;2.161203;41.397827
Vilafranca del Penedès;Barcelona;Cataluña;1.690155;41.339073
Barcelona;Barcelona;Cataluña;2.171829;41.413853
Barcelona;Barcelona;Cataluña;2.161263;41.39789
Barcelona;Barcelona;Cataluña;2.1543;41.397045
Montgat;Barcelona;Cataluña;2.289598;41.470173
Barcelona;Barcelona;Cataluña;2.161113;41.397736
Barcelona;Barcelona;Cataluña;2.120776;41.401638
Sant Cugat del Vallès;Barcelona;Cataluña;2.076862;41.462673
Sant Just Desvern;Barcelona;Cataluña;2.066237;41.379524
Barcelona;Barcelona;Cataluña;2.120822;41.40164
Barcelona;Barcelona;Cataluña;2.200143;41.44156
Hospitalet de Llobregat, L';Barcelona;Cataluña;2.12949;41.35648
Barcelona;Barcelona;Cataluña;2.146437;41.39437
Barcelona;Barcelona;Cataluña;2.120766;41.401646
Gelida;Barcelona;Cataluña;1.86621;41.446106
Canyelles;Barcelona;Cataluña;1.723901;41.284077
Barcelona;Barcelona;Cataluña;2.13752;41.41059
Barcelona;Barcelona;Cataluña;2.161293;41.39792
Vilafranca del Penedès;Barcelona;Cataluña;1.690155;41.339073
Hospitalet de Llobregat, L';Barcelona;Cataluña;2.129388;41.35663
Barcelona;Barcelona;Cataluña;2.14327;41.39019
Barcelona;Barcelona;Cataluña;2.146467;41.39439
Barcelona;Barcelona;Cataluña;2.175489;41.39697
Borredà;Barcelona;Cataluña;1.993025;42.134785
Granollers;Barcelona;Cataluña;2.295992;41.600906
Masnou, El;Barcelona;Cataluña;2.339793;41.484882
Hospitalet de Llobregat, L';Barcelona;Cataluña;2.105895;41.34439
Barcelona;Barcelona;Cataluña;2.120846;41.401623
Hospitalet de Llobregat, L';Barcelona;Cataluña;2.129309;41.35659
Hospitalet de Llobregat, L';Barcelona;Cataluña;2.129739;41.356308
Terrassa;Barcelona;Cataluña;2.02224;41.569656
Sant Cugat del Vallès;Barcelona;Cataluña;2.055897;41.45025
Barcelona;Barcelona;Cataluña;2.161173;41.397797
Barcelona;Barcelona;Cataluña;2.161143;41.397766
Barcelona;Barcelona;Cataluña;2.15429;41.397015
Sant Cugat del Vallès;Barcelona;Cataluña;2.076862;41.462673
Barcelona;Barcelona;Cataluña;2.161113;41.397736
Martorell;Barcelona;Cataluña;1.947433;41.46499
Cornellà de Llobregat;Barcelona;Cataluña;2.072081;41.35379
Martorell;Barcelona;Cataluña;1.947448;41.465004
Barcelona;Barcelona;Cataluña;2.13752;41.41059
Santa Susanna;Barcelona;Cataluña;2.721349;41.633045
Barcelona;Barcelona;Cataluña;2.142887;41.383926
Molins de Rei;Barcelona;Cataluña;2.017261;41.411705
Barcelona;Barcelona;Cataluña;2.142742;41.37449
Barcelona;Barcelona;Cataluña;2.171829;41.413853
Vilafranca del Penedès;Barcelona;Cataluña;1.690155;41.339073
Barcelona;Barcelona;Cataluña;2.176572;41.385204
Barcelona;Barcelona;Cataluña;2.14327;41.39019
Castellar del Vallès;Barcelona;Cataluña;2.085991;41.605877
Barcelona;Barcelona;Cataluña;2.12007;41.380047
Santa Susanna;Barcelona;Cataluña;2.721348;41.633045
Castellví de Rosanes;Barcelona;Cataluña;1.892448;41.453182
Barcelona;Barcelona;Cataluña;2.13752;41.41059
Barcelona;Barcelona;Cataluña;2.14327;41.39019
Vilafranca del Penedès;Barcelona;Cataluña;1.7004;41.33486
Barcelona;Barcelona;Cataluña;2.160826;41.401768
Barcelona;Barcelona;Cataluña;2.160826;41.401768
Castelldefels;Barcelona;Cataluña;1.927352;41.26136
Castelldefels;Barcelona;Cataluña;1.927352;41.26136
Sabadell;Barcelona;Cataluña;2.09631;41.51496
Castellbisbal;Barcelona;Cataluña;1.999187;41.45562
Olivella;Barcelona;Cataluña;1.777939;41.29755
Argençola;Barcelona;Cataluña;1.39949;41.617115
Barcelona;Barcelona;Cataluña;2.130121;41.38664
Barberà del Vallès;Barcelona;Cataluña;2.138352;41.50853
Barcelona;Barcelona;Cataluña;2.106467;41.382557
Roca del Vallès, La;Barcelona;Cataluña;2.309112;41.596695
Barcelona;Barcelona;Cataluña;2.206549;41.40852
Olivella;Barcelona;Cataluña;1.778774;41.25607
Sant Boi de Llobregat;Barcelona;Cataluña;2.038678;41.326202
Barcelona;Barcelona;Cataluña;2.113973;41.328022
Montornès del Vallès;Barcelona;Cataluña;2.265386;41.548813
Santa Coloma de Gramenet;Barcelona;Cataluña;2.21077;41.44433
Palau-solità i Plegamans;Barcelona;Cataluña;2.179667;41.58815
Badalona;Barcelona;Cataluña;2.232624;41.431274
Barcelona;Barcelona;Cataluña;2.205932;41.44307
Vilanova i la Geltrú;Barcelona;Cataluña;1.739275;41.22547
Terrassa;Barcelona;Cataluña;2.026784;41.551807
Badalona;Barcelona;Cataluña;2.228758;41.45339
Sabadell;Barcelona;Cataluña;2.007648;41.553696
Montmeló;Barcelona;Cataluña;2.25017;41.55372
Hospitalet de Llobregat, L';Barcelona;Cataluña;2.130339;41.361656
Òdena;Barcelona;Cataluña;1.640102;41.57879
Barcelona;Barcelona;Cataluña;2.205474;41.432552
Sant Sadurní d'Anoia;Barcelona;Cataluña;1.779027;41.4288
Hospitalet de Llobregat, L';Barcelona;Cataluña;2.12208;41.35385
Arenys de Mar;Barcelona;Cataluña;2.544669;41.57629
Barcelona;Barcelona;Cataluña;2.132426;41.39248
Gavà;Barcelona;Cataluña;2.001167;41.269104
Mollet del Vallès;Barcelona;Cataluña;2.222185;41.54788
Sabadell;Barcelona;Cataluña;2.103681;41.530468
Gavà;Barcelona;Cataluña;2.000577;41.26969
Sant Quirze del Vallès;Barcelona;Cataluña;2.085037;41.53587
Sant Adrià de Besòs;Barcelona;Cataluña;2.211439;41.427017
Mataró;Barcelona;Cataluña;2.432776;41.527126
Montornès del Vallès;Barcelona;Cataluña;2.275572;41.561756
Canovelles;Barcelona;Cataluña;2.283171;41.625973
Montcada i Reixac;Barcelona;Cataluña;2.048247;41.27499
Berga;Barcelona;Cataluña;1.854544;42.10392
Barcelona;Barcelona;Cataluña;2.170423;41.41271
Barberà del Vallès;Barcelona;Cataluña;2.12386;41.521038
Calonge de Segarra;Barcelona;Cataluña;1.579963;41.745747
Sant Fost de Campsentelles;Barcelona;Cataluña;2.223155;41.522346
Cornellà de Llobregat;Barcelona;Cataluña;2.078585;41.36774
Arenys de Munt;Barcelona;Cataluña;2.542668;41.597725
Sabadell;Barcelona;Cataluña;2.112522;41.516502
Terrassa;Barcelona;Cataluña;2.035329;41.533173
Calonge de Segarra;Barcelona;Cataluña;1.579205;41.745003
Sant Vicenç dels Horts;Barcelona;Cataluña;2.017342;41.382935
Llinars del Vallès;Barcelona;Cataluña;2.409245;41.64421
Franqueses del Vallès, Les;Barcelona;Cataluña;2.302414;41.61692
Montornès del Vallès;Barcelona;Cataluña;2.266885;41.554874
Barcelona;Barcelona;Cataluña;2.13324;41.324303
Mataró;Barcelona;Cataluña;2.449599;41.54563
Calella;Barcelona;Cataluña;2.652534;41.614937
Montcada i Reixac;Barcelona;Cataluña;2.025857;41.306133
Barberà del Vallès;Barcelona;Cataluña;2.153639;41.51778
Callús;Barcelona;Cataluña;1.880926;41.528145
Molins de Rei;Barcelona;Cataluña;2.025168;41.39367
Santa Perpètua de Mogoda;Barcelona;Cataluña;2.186993;41.53979
Santa Perpètua de Mogoda;Barcelona;Cataluña;2.193899;41.532158
Parets del Vallès;Barcelona;Cataluña;2.231719;41.559162
Barcelona;Barcelona;Cataluña;2.151466;41.37621
Sant Cugat del Vallès;Barcelona;Cataluña;2.0694528;41.477947
Sitges;Barcelona;Cataluña;1.78483;41.23161
Barcelona;Barcelona;Cataluña;2.2013867;41.405895
Argençola;Barcelona;Cataluña;1.400437;41.616684
Barcelona;Barcelona;Cataluña;2.15058;41.3962
Manresa;Barcelona;Cataluña;1.848812;41.723625
Barcelona;Barcelona;Cataluña;2.196679;41.38617
Sant Quirze del Vallès;Barcelona;Cataluña;2.089399;41.529377
Barcelona;Barcelona;Cataluña;2.147891;41.434017
Barcelona;Barcelona;Cataluña;2.15998;41.38209
Barcelona;Barcelona;Cataluña;2.162192;41.408688
Pineda de Mar;Barcelona;Cataluña;2.675796;41.624115
Sant Esteve Sesrovires;Barcelona;Cataluña;1.89233;41.49232
Vic;Barcelona;Cataluña;2.258408;41.94346
Castelldefels;Barcelona;Cataluña;1.94505;41.26678
Granollers;Barcelona;Cataluña;2.303304;41.612003
Pineda de Mar;Barcelona;Cataluña;2.691416;41.621872
Barcelona;Barcelona;Cataluña;2.135176;41.38971
Cànoves i Samalús;Barcelona;Cataluña;2.36223;41.629677
Sant Andreu de la Barca;Barcelona;Cataluña;1.960538;41.454945
Cabrera de Mar;Barcelona;Cataluña;2.405083;41.51063
Barcelona;Barcelona;Cataluña;2.194392;41.410873
Terrassa;Barcelona;Cataluña;2.015927;41.577557
Hospitalet de Llobregat, L';Barcelona;Cataluña;2.124272;41.359642
Vilanova i la Geltrú;Barcelona;Cataluña;1.736417;41.233276
Vilafranca del Penedès;Barcelona;Cataluña;1.688275;41.336872
Arenys de Mar;Barcelona;Cataluña;2.56309;41.58048
Vilanova i la Geltrú;Barcelona;Cataluña;1.733252;41.216087
Montmeló;Barcelona;Cataluña;2.252292;41.557182
Calaf;Barcelona;Cataluña;1.51378;41.732155
Torrelavit;Barcelona;Cataluña;1.729436;41.449177
Torrelavit;Barcelona;Cataluña;1.730479;41.444874
Santa Margarida i els Monjos;Barcelona;Cataluña;1.662544;41.321007
Polinyà;Barcelona;Cataluña;2.156022;41.557514
Polinyà;Barcelona;Cataluña;2.158704;41.5546
Rubí;Barcelona;Cataluña;2.030229;41.485634
Rubí;Barcelona;Cataluña;2.029917;41.48497
Rubí;Barcelona;Cataluña;2.030239;41.485672
Rubí;Barcelona;Cataluña;2.030248;41.485718
Rubí;Barcelona;Cataluña;2.04375;41.502808
Rubí;Barcelona;Cataluña;2.029355;41.501637
Rubí;Barcelona;Cataluña;2.029392;41.501728
Vilanova i la Geltrú;Barcelona;Cataluña;1.727508;41.21475
Vilanova i la Geltrú;Barcelona;Cataluña;1.730313;41.230953
Vilanova i la Geltrú;Barcelona;Cataluña;1.726639;41.222343
Vilafranca del Penedès;Barcelona;Cataluña;1.685886;41.335068
Badia del Vallès;Barcelona;Cataluña;2.114064;41.50906
Viladecavalls;Barcelona;Cataluña;1.953751;41.554893
Matadepera;Barcelona;Cataluña;2.028403;41.599754
Cerdanyola del Vallès;Barcelona;Cataluña;2.106902;41.490215
Cerdanyola del Vallès;Barcelona;Cataluña;2.106902;41.490215
Cerdanyola del Vallès;Barcelona;Cataluña;2.106902;41.490215
Cerdanyola del Vallès;Barcelona;Cataluña;2.106902;41.490215
Cerdanyola del Vallès;Barcelona;Cataluña;2.106902;41.490215
Sant Joan Despí;Barcelona;Cataluña;2.067282;41.370712
Sant Joan Despí;Barcelona;Cataluña;2.067277;41.370678
Sant Joan Despí;Barcelona;Cataluña;2.068499;41.370445
Sant Joan Despí;Barcelona;Cataluña;2.068552;41.37044
Prat de Llobregat, El;Barcelona;Cataluña;2.133751;41.306503
Prat de Llobregat, El;Barcelona;Cataluña;2.133712;41.306484
Abrera;Barcelona;Cataluña;1.921553;41.50898
Abrera;Barcelona;Cataluña;1.921613;41.50894
Cànoves i Samalús;Barcelona;Cataluña;2.359059;41.61946
Cànoves i Samalús;Barcelona;Cataluña;2.359014;41.61945
Begues;Barcelona;Cataluña;1.922158;41.33135
Rubí;Barcelona;Cataluña;2.030396;41.484486
Rubí;Barcelona;Cataluña;2.009037;41.462425
Rubí;Barcelona;Cataluña;2.00909;41.462543
Rubí;Barcelona;Cataluña;2.009148;41.462334
Rubí;Barcelona;Cataluña;2.034576;41.503334
Rubí;Barcelona;Cataluña;2.034576;41.503334
Rubí;Barcelona;Cataluña;2.034842;41.50401
Rubí;Barcelona;Cataluña;2.034576;41.503334
Rubí;Barcelona;Cataluña;2.034842;41.50401
Rubí;Barcelona;Cataluña;2.03486;41.503967
Sant Cugat del Vallès;Barcelona;Cataluña;2.064758;41.480145
Sant Cugat del Vallès;Barcelona;Cataluña;2.064758;41.480133
Sant Cugat del Vallès;Barcelona;Cataluña;2.064762;41.480114
Sabadell;Barcelona;Cataluña;2.097266;41.55048
Sabadell;Barcelona;Cataluña;2.097266;41.55048
Canovelles;Barcelona;Cataluña;2.279463;41.621002
Prat de Llobregat, El;Barcelona;Cataluña;2.08661;41.32334
Prat de Llobregat, El;Barcelona;Cataluña;2.086659;41.323357
Prat de Llobregat, El;Barcelona;Cataluña;2.093881;41.33146
Prat de Llobregat, El;Barcelona;Cataluña;2.093803;41.33147
Prat de Llobregat, El;Barcelona;Cataluña;2.09375;41.331474
Prat de Llobregat, El;Barcelona;Cataluña;2.104119;41.32998
Prat de Llobregat, El;Barcelona;Cataluña;2.104081;41.330017
Rubí;Barcelona;Cataluña;2.029413;41.494
Rubí;Barcelona;Cataluña;2.029385;41.493954
Prat de Llobregat, El;Barcelona;Cataluña;2.092948;41.324844
Prat de Llobregat, El;Barcelona;Cataluña;2.093039;41.324894
Begues;Barcelona;Cataluña;1.924427;41.329967
Pont de Vilomara i Rocafort, El;Barcelona;Cataluña;1.874583;41.700462
Prat de Llobregat, El;Barcelona;Cataluña;2.082367;41.309315
Prat de Llobregat, El;Barcelona;Cataluña;2.082354;41.309334
Prat de Llobregat, El;Barcelona;Cataluña;2.082313;41.309296
Prat de Llobregat, El;Barcelona;Cataluña;2.082299;41.309315
Prat de Llobregat, El;Barcelona;Cataluña;2.082566;41.309364
Sant Cugat del Vallès;Barcelona;Cataluña;2.054772;41.4816
Sant Cugat del Vallès;Barcelona;Cataluña;2.054687;41.481617
Sant Cugat del Vallès;Barcelona;Cataluña;2.05465;41.481625
Sitges;Barcelona;Cataluña;1.802712;41.233368
Cerdanyola del Vallès;Barcelona;Cataluña;2.104406;41.502895
Sant Pere de Ribes;Barcelona;Cataluña;1.745233;41.230183
Olivella;Barcelona;Cataluña;1.77387;41.259373
Premià de Mar;Barcelona;Cataluña;2.358136;41.491783
Cerdanyola del Vallès;Barcelona;Cataluña;2.106902;41.490215
Barcelona;Barcelona;Cataluña;2.168021;41.40626
Barcelona;Barcelona;Cataluña;2.168021;41.40626
Barcelona;Barcelona;Cataluña;2.168021;41.40626
Barcelona;Barcelona;Cataluña;2.168021;41.40626
Barcelona;Barcelona;Cataluña;2.168021;41.40626
Barcelona;Barcelona;Cataluña;2.168021;41.40626
Lliçà d'Amunt;Barcelona;Cataluña;2.202968;41.59199
Cabrils;Barcelona;Cataluña;2.362134;41.530464
Cabrils;Barcelona;Cataluña;2.369236;41.522633
Cabrils;Barcelona;Cataluña;2.366594;41.52647
Cabrils;Barcelona;Cataluña;2.366303;41.526157
Cabrils;Barcelona;Cataluña;2.357779;41.53063
Sant Vicenç dels Horts;Barcelona;Cataluña;2.008023;41.388176
Sant Vicenç dels Horts;Barcelona;Cataluña;2.007995;41.388206
Sant Vicenç dels Horts;Barcelona;Cataluña;2.008022;41.388176
Lliçà d'Amunt;Barcelona;Cataluña;2.214426;41.619534
Lliçà d'Amunt;Barcelona;Cataluña;2.2399;41.610718
Lliçà d'Amunt;Barcelona;Cataluña;2.235048;41.626617
Lliçà d'Amunt;Barcelona;Cataluña;2.239598;41.608845
Torelló;Barcelona;Cataluña;2.262815;42.048332
Casserres;Barcelona;Cataluña;1.84196;42.01367
Torelló;Barcelona;Cataluña;2.258716;42.04435
Barcelona;Barcelona;Cataluña;2.137052;41.361763
Barcelona;Barcelona;Cataluña;2.137052;41.361763
Barcelona;Barcelona;Cataluña;2.137052;41.361763
Barcelona;Barcelona;Cataluña;2.137052;41.361763
Barcelona;Barcelona;Cataluña;2.137052;41.361763
Barcelona;Barcelona;Cataluña;2.137052;41.361763
Sant Vicenç dels Horts;Barcelona;Cataluña;2.007975;41.388214
Olesa de Montserrat;Barcelona;Cataluña;1.88567;41.54388
Olesa de Montserrat;Barcelona;Cataluña;1.88574;41.544018
Olesa de Montserrat;Barcelona;Cataluña;1.894056;41.542862
Olesa de Montserrat;Barcelona;Cataluña;1.89243;41.544262
Canovelles;Barcelona;Cataluña;2.277313;41.62205
Canet de Mar;Barcelona;Cataluña;2.581095;41.59143
Canet de Mar;Barcelona;Cataluña;2.573056;41.591667
Sant Boi de Llobregat;Barcelona;Cataluña;2.057719;41.30513
Canyelles;Barcelona;Cataluña;1.721297;41.285545
Cerdanyola del Vallès;Barcelona;Cataluña;2.13512;41.49975
Montornès del Vallès;Barcelona;Cataluña;2.26391;41.54639
Montornès del Vallès;Barcelona;Cataluña;2.266831;41.54551
Santa Margarida de Montbui;Barcelona;Cataluña;1.60887;41.574585
Hospitalet de Llobregat, L';Barcelona;Cataluña;2.127859;41.357185
Hospitalet de Llobregat, L';Barcelona;Cataluña;2.127859;41.357185
Hospitalet de Llobregat, L';Barcelona;Cataluña;2.127859;41.357185
Hospitalet de Llobregat, L';Barcelona;Cataluña;2.127859;41.357185
Hospitalet de Llobregat, L';Barcelona;Cataluña;2.127859;41.357185
Hospitalet de Llobregat, L';Barcelona;Cataluña;2.127859;41.357185
Hospitalet de Llobregat, L';Barcelona;Cataluña;2.127859;41.357185
Hospitalet de Llobregat, L';Barcelona;Cataluña;2.127859;41.357185
Hospitalet de Llobregat, L';Barcelona;Cataluña;2.127859;41.357185
Hospitalet de Llobregat, L';Barcelona;Cataluña;2.127859;41.357185
Hospitalet de Llobregat, L';Barcelona;Cataluña;2.127859;41.357185
Hospitalet de Llobregat, L';Barcelona;Cataluña;2.127859;41.357185
Hospitalet de Llobregat, L';Barcelona;Cataluña;2.127859;41.357185
Hospitalet de Llobregat, L';Barcelona;Cataluña;2.127859;41.357185
Hospitalet de Llobregat, L';Barcelona;Cataluña;2.127859;41.357185
Hospitalet de Llobregat, L';Barcelona;Cataluña;2.127859;41.357185
Hospitalet de Llobregat, L';Barcelona;Cataluña;2.127859;41.357185
Hospitalet de Llobregat, L';Barcelona;Cataluña;2.127859;41.357185
Hospitalet de Llobregat, L';Barcelona;Cataluña;2.127859;41.357185
Hospitalet de Llobregat, L';Barcelona;Cataluña;2.127859;41.357185
Hospitalet de Llobregat, L';Barcelona;Cataluña;2.127859;41.357185
Hospitalet de Llobregat, L';Barcelona;Cataluña;2.127859;41.357185
Hospitalet de Llobregat, L';Barcelona;Cataluña;2.127859;41.357185
Hospitalet de Llobregat, L';Barcelona;Cataluña;2.127859;41.357185
Hospitalet de Llobregat, L';Barcelona;Cataluña;2.127859;41.357185
Hospitalet de Llobregat, L';Barcelona;Cataluña;2.127859;41.357185
Hospitalet de Llobregat, L';Barcelona;Cataluña;2.127859;41.357185
Hospitalet de Llobregat, L';Barcelona;Cataluña;2.127859;41.357185
Hospitalet de Llobregat, L';Barcelona;Cataluña;2.127859;41.357185
Hospitalet de Llobregat, L';Barcelona;Cataluña;2.127859;41.357185
Hospitalet de Llobregat, L';Barcelona;Cataluña;2.127859;41.357185
Hospitalet de Llobregat, L';Barcelona;Cataluña;2.127859;41.357185
Hospitalet de Llobregat, L';Barcelona;Cataluña;2.127859;41.357185
Hospitalet de Llobregat, L';Barcelona;Cataluña;2.127859;41.357185
Hospitalet de Llobregat, L';Barcelona;Cataluña;2.127859;41.357185
Hospitalet de Llobregat, L';Barcelona;Cataluña;2.127859;41.357185
Hospitalet de Llobregat, L';Barcelona;Cataluña;2.127859;41.357185
Hospitalet de Llobregat, L';Barcelona;Cataluña;2.127859;41.357185
Hospitalet de Llobregat, L';Barcelona;Cataluña;2.127859;41.357185
Hospitalet de Llobregat, L';Barcelona;Cataluña;2.127859;41.357185
Hospitalet de Llobregat, L';Barcelona;Cataluña;2.127859;41.357185
Hospitalet de Llobregat, L';Barcelona;Cataluña;2.127859;41.357185
Hospitalet de Llobregat, L';Barcelona;Cataluña;2.127859;41.357185
Hospitalet de Llobregat, L';Barcelona;Cataluña;2.127859;41.357185
Hospitalet de Llobregat, L';Barcelona;Cataluña;2.127859;41.357185
Hospitalet de Llobregat, L';Barcelona;Cataluña;2.127859;41.357185
Hospitalet de Llobregat, L';Barcelona;Cataluña;2.127859;41.357185
Hospitalet de Llobregat, L';Barcelona;Cataluña;2.127859;41.357185
Hospitalet de Llobregat, L';Barcelona;Cataluña;2.127859;41.357185
Hospitalet de Llobregat, L';Barcelona;Cataluña;2.127859;41.357185
Hospitalet de Llobregat, L';Barcelona;Cataluña;2.127859;41.357185
Calella;Barcelona;Cataluña;2.660381;41.616524
Santa Perpètua de Mogoda;Barcelona;Cataluña;2.176923;41.537075
Calldetenes;Barcelona;Cataluña;2.321472;41.93936
Castellolí;Barcelona;Cataluña;1.703556;41.5995
Sallent;Barcelona;Cataluña;1.898686;41.824203
Sallent;Barcelona;Cataluña;1.892525;41.82701
Sitges;Barcelona;Cataluña;1.804662;41.24151
Orís;Barcelona;Cataluña;2.238844;42.058098
Lluçà;Barcelona;Cataluña;2.073331;42.068096
Olost;Barcelona;Cataluña;2.096836;41.98523
Sant Julià de Vilatorta;Barcelona;Cataluña;2.322932;41.923798
Sant Quirze de Besora;Barcelona;Cataluña;2.216019;42.102943
Barcelona;Barcelona;Cataluña;2.120758;41.40173
Barcelona;Barcelona;Cataluña;2.120777;41.401722
Barcelona;Barcelona;Cataluña;2.120799;41.40171
Barcelona;Barcelona;Cataluña;2.120824;41.4017
Barcelona;Barcelona;Cataluña;2.14938;41.38966
Cabrils;Barcelona;Cataluña;2.366489;41.526726
Teià;Barcelona;Cataluña;2.31956;41.49971
Manlleu;Barcelona;Cataluña;2.283364;42.00057
Vilanova i la Geltrú;Barcelona;Cataluña;1.717972;41.223305
Barcelona;Barcelona;Cataluña;2.127265;41.405937
Barcelona;Barcelona;Cataluña;2.127265;41.405937
Barcelona;Barcelona;Cataluña;2.127265;41.405937
Barcelona;Barcelona;Cataluña;2.127265;41.405937
Barcelona;Barcelona;Cataluña;2.127265;41.405937
Barcelona;Barcelona;Cataluña;2.127716;41.40703
Barcelona;Barcelona;Cataluña;2.127716;41.40703
Barcelona;Barcelona;Cataluña;2.127716;41.40703
Barcelona;Barcelona;Cataluña;2.127716;41.40703
Barcelona;Barcelona;Cataluña;2.128439;41.406944
Barcelona;Barcelona;Cataluña;2.128439;41.406944
Barcelona;Barcelona;Cataluña;2.128439;41.406944
Barcelona;Barcelona;Cataluña;2.162676;41.392467
Barcelona;Barcelona;Cataluña;2.161396;41.39784
Barcelona;Barcelona;Cataluña;2.161422;41.397854
Barcelona;Barcelona;Cataluña;2.16144;41.39786
Barcelona;Barcelona;Cataluña;2.161454;41.39787
Barcelona;Barcelona;Cataluña;2.161401;41.39784
Barcelona;Barcelona;Cataluña;2.161425;41.397854
Barcelona;Barcelona;Cataluña;2.161452;41.39787
Barcelona;Barcelona;Cataluña;2.161474;41.397884
Viladecavalls;Barcelona;Cataluña;1.983639;41.55897
Cànoves i Samalús;Barcelona;Cataluña;2.361024;41.639225
Cànoves i Samalús;Barcelona;Cataluña;2.362571;41.62557
Cànoves i Samalús;Barcelona;Cataluña;2.355981;41.640217
Hospitalet de Llobregat, L';Barcelona;Cataluña;2.101878;41.357815
Hospitalet de Llobregat, L';Barcelona;Cataluña;2.101879;41.357815
Hospitalet de Llobregat, L';Barcelona;Cataluña;2.101826;41.35773
Barcelona;Barcelona;Cataluña;2.114043;41.329933
Barcelona;Barcelona;Cataluña;2.120196;41.332134
Barcelona;Barcelona;Cataluña;2.121671;41.331596
Barcelona;Barcelona;Cataluña;2.121672;41.3316
Barcelona;Barcelona;Cataluña;2.113951;41.32991
Barcelona;Barcelona;Cataluña;2.130883;41.388714
Sant Boi de Llobregat;Barcelona;Cataluña;2.042106;41.34885
Vallgorguina;Barcelona;Cataluña;2.509397;41.648064
Sant Boi de Llobregat;Barcelona;Cataluña;2.042106;41.34885
Sant Boi de Llobregat;Barcelona;Cataluña;2.042106;41.34885
Sant Boi de Llobregat;Barcelona;Cataluña;2.042106;41.34885
Barcelona;Barcelona;Cataluña;2.144803;41.378376
Barcelona;Barcelona;Cataluña;2.137398;41.41064
Montgat;Barcelona;Cataluña;2.273837;41.463978
Barcelona;Barcelona;Cataluña;2.137401;41.41066
Barcelona;Barcelona;Cataluña;2.142857;41.38261
Barcelona;Barcelona;Cataluña;2.130875;41.38868
Argentona;Barcelona;Cataluña;2.400556;41.55558
Cornellà de Llobregat;Barcelona;Cataluña;2.07213;41.358097
Cornellà de Llobregat;Barcelona;Cataluña;2.07213;41.358097
Cornellà de Llobregat;Barcelona;Cataluña;2.07213;41.358097
Cornellà de Llobregat;Barcelona;Cataluña;2.07211;41.358097
Sant Just Desvern;Barcelona;Cataluña;2.074585;41.376953
Montgat;Barcelona;Cataluña;2.273837;41.463978
Sant Just Desvern;Barcelona;Cataluña;2.074585;41.376953
Montgat;Barcelona;Cataluña;2.273837;41.463978
Montgat;Barcelona;Cataluña;2.273837;41.463978
Hospitalet de Llobregat, L';Barcelona;Cataluña;2.101826;41.35773
Sant Vicenç de Castellet;Barcelona;Cataluña;1.860236;41.665222
Sant Andreu de la Barca;Barcelona;Cataluña;1.973971;41.44631
Sant Andreu de la Barca;Barcelona;Cataluña;1.973971;41.44631
Sant Andreu de la Barca;Barcelona;Cataluña;1.973971;41.44631
Sant Andreu de la Barca;Barcelona;Cataluña;1.973971;41.44631
Sant Climent de Llobregat;Barcelona;Cataluña;1.992518;41.337593
Molins de Rei;Barcelona;Cataluña;2.019996;41.41223
Sant Climent de Llobregat;Barcelona;Cataluña;1.992518;41.337593
Sant Climent de Llobregat;Barcelona;Cataluña;1.992518;41.337593
Sant Climent de Llobregat;Barcelona;Cataluña;1.992518;41.337593
Molins de Rei;Barcelona;Cataluña;2.02;41.41223
Castellbisbal;Barcelona;Cataluña;1.977648;41.478683
Castellbisbal;Barcelona;Cataluña;1.977648;41.478683
Castellbisbal;Barcelona;Cataluña;1.977648;41.478683
Barberà del Vallès;Barcelona;Cataluña;2.118892;41.513954
Barberà del Vallès;Barcelona;Cataluña;2.118892;41.513954
Castelldefels;Barcelona;Cataluña;1.980029;41.278793
Castelldefels;Barcelona;Cataluña;1.980029;41.278793
Castelldefels;Barcelona;Cataluña;1.980029;41.278793
Castelldefels;Barcelona;Cataluña;1.980029;41.278793
Barcelona;Barcelona;Cataluña;2.194676;41.41342
Barcelona;Barcelona;Cataluña;2.194702;41.413406
Barcelona;Barcelona;Cataluña;2.194717;41.4134
Barcelona;Barcelona;Cataluña;2.194729;41.413387
Barcelona;Barcelona;Cataluña;2.194745;41.413376
Barcelona;Barcelona;Cataluña;2.194758;41.413364
Barcelona;Barcelona;Cataluña;2.194768;41.41336
Sant Vicenç de Castellet;Barcelona;Cataluña;1.858085;41.66786
Sant Andreu de Llavaneres;Barcelona;Cataluña;2.482971;41.57525
Sant Andreu de Llavaneres;Barcelona;Cataluña;2.49777;41.55609
Corbera de Llobregat;Barcelona;Cataluña;1.923611;41.414997
Corbera de Llobregat;Barcelona;Cataluña;1.927463;41.416515
Corbera de Llobregat;Barcelona;Cataluña;1.927915;41.41677
Calldetenes;Barcelona;Cataluña;2.242353;41.84979
Barcelona;Barcelona;Cataluña;2.21935;41.409103
Barcelona;Barcelona;Cataluña;2.21935;41.409103
Barcelona;Barcelona;Cataluña;2.21935;41.409103
Barcelona;Barcelona;Cataluña;2.21935;41.409103
Vilafranca del Penedès;Barcelona;Cataluña;1.687874;41.33678
Vic;Barcelona;Cataluña;2.2482;41.92701
Vic;Barcelona;Cataluña;2.248226;41.933502
Vic;Barcelona;Cataluña;2.245814;41.926846
Vic;Barcelona;Cataluña;2.26019;41.934113
Vic;Barcelona;Cataluña;2.253852;41.92479
Vic;Barcelona;Cataluña;2.245347;41.929665
Santa Eulàlia de Ronçana;Barcelona;Cataluña;2.232702;41.64065
Sant Quirze del Vallès;Barcelona;Cataluña;2.075614;41.53645
Sant Quirze del Vallès;Barcelona;Cataluña;2.075615;41.53646
Llagosta, La;Barcelona;Cataluña;2.193263;41.513325
Llagosta, La;Barcelona;Cataluña;2.196808;41.515377
Llagosta, La;Barcelona;Cataluña;2.195549;41.51142
Manresa;Barcelona;Cataluña;1.821824;41.723476
Manresa;Barcelona;Cataluña;1.82836;41.72305
Sant Feliu de Llobregat;Barcelona;Cataluña;2.048048;41.382004
Sant Feliu de Llobregat;Barcelona;Cataluña;2.048048;41.382004
Sant Feliu de Llobregat;Barcelona;Cataluña;2.048048;41.382004
Barcelona;Barcelona;Cataluña;2.218815;41.412254
Barcelona;Barcelona;Cataluña;2.218815;41.412254
Castellnou de Bages;Barcelona;Cataluña;1.836865;41.781673
Sant Fruitós de Bages;Barcelona;Cataluña;1.876798;41.75166
Sant Fruitós de Bages;Barcelona;Cataluña;1.872272;41.752758
Sant Fruitós de Bages;Barcelona;Cataluña;1.861665;41.748814
Vilafranca del Penedès;Barcelona;Cataluña;1.701126;41.341442
Matadepera;Barcelona;Cataluña;2.026501;41.59697
Matadepera;Barcelona;Cataluña;2.030154;41.59591
Igualada;Barcelona;Cataluña;1.621518;41.589275
Manlleu;Barcelona;Cataluña;2.294342;42.006065
Mataró;Barcelona;Cataluña;2.441829;41.538685
Mataró;Barcelona;Cataluña;2.436194;41.541225
Mataró;Barcelona;Cataluña;2.440419;41.544872
Mataró;Barcelona;Cataluña;2.441875;41.538647
Mataró;Barcelona;Cataluña;2.436565;41.541367
Mataró;Barcelona;Cataluña;2.44046;41.544277
Rubí;Barcelona;Cataluña;2.025064;41.491016
Martorell;Barcelona;Cataluña;1.924299;41.4807
Martorell;Barcelona;Cataluña;1.919567;41.48536
Martorell;Barcelona;Cataluña;1.913204;41.491707
Martorell;Barcelona;Cataluña;1.914794;41.476974
Martorell;Barcelona;Cataluña;1.920596;41.4721
Martorell;Barcelona;Cataluña;1.911494;41.471725
Martorell;Barcelona;Cataluña;1.928181;41.4757
Martorell;Barcelona;Cataluña;1.928167;41.475666
Martorell;Barcelona;Cataluña;1.91152;41.482094
Martorell;Barcelona;Cataluña;1.91152;41.482094
Lliçà de Vall;Barcelona;Cataluña;2.239414;41.586613
Tiana;Barcelona;Cataluña;2.269227;41.481712
Puig-reig;Barcelona;Cataluña;1.87878;41.97392
Barcelona;Barcelona;Cataluña;2.130654;41.382084
Barcelona;Barcelona;Cataluña;2.130654;41.382084
Barcelona;Barcelona;Cataluña;2.130654;41.382084
Font-rubí;Barcelona;Cataluña;1.650047;41.41505
Sant Quirze de Besora;Barcelona;Cataluña;2.222638;42.100266
Sitges;Barcelona;Cataluña;1.804599;41.241478
Sitges;Barcelona;Cataluña;1.804599;41.241478
Sant Fruitós de Bages;Barcelona;Cataluña;1.861258;41.75207
Manresa;Barcelona;Cataluña;1.845599;41.724213
Manresa;Barcelona;Cataluña;1.84561;41.724216
Manresa;Barcelona;Cataluña;1.828372;41.736816
Balsareny;Barcelona;Cataluña;1.873758;41.861305
Montcada i Reixac;Barcelona;Cataluña;2.187951;41.48436
Castellbisbal;Barcelona;Cataluña;1.992703;41.440025
Castellbisbal;Barcelona;Cataluña;1.992735;41.43999
Castellbisbal;Barcelona;Cataluña;1.992735;41.43997
Castellbisbal;Barcelona;Cataluña;1.992779;41.439957
Castellbisbal;Barcelona;Cataluña;1.992779;41.43998
Castellbisbal;Barcelona;Cataluña;1.992805;41.439945
Guardiola de Berguedà;Barcelona;Cataluña;1.881454;42.231926
Cabrera de Mar;Barcelona;Cataluña;2.394125;41.526085
Cabrera de Mar;Barcelona;Cataluña;2.401058;41.51103
Gurb;Barcelona;Cataluña;2.239721;41.94592
Santa Perpètua de Mogoda;Barcelona;Cataluña;2.183975;41.528797
Santa Perpètua de Mogoda;Barcelona;Cataluña;2.183938;41.528835
Santa Perpètua de Mogoda;Barcelona;Cataluña;2.183956;41.528816
Santa Perpètua de Mogoda;Barcelona;Cataluña;2.182141;41.534424
Vilanova i la Geltrú;Barcelona;Cataluña;1.736164;41.232903
Vic;Barcelona;Cataluña;2.271991;41.952293
Vic;Barcelona;Cataluña;2.271993;41.95229
Masies de Roda, Les;Barcelona;Cataluña;2.309591;41.980637
Barcelona;Barcelona;Cataluña;2.127817;41.385715
Montseny;Barcelona;Cataluña;2.440322;41.695663
Barcelona;Barcelona;Cataluña;2.127813;41.38573
Barcelona;Barcelona;Cataluña;2.127802;41.385746
Barcelona;Barcelona;Cataluña;2.127786;41.385765
Barcelona;Barcelona;Cataluña;2.127786;41.38576
Barcelona;Barcelona;Cataluña;2.127784;41.385773
Terrassa;Barcelona;Cataluña;2.014502;41.560112
Terrassa;Barcelona;Cataluña;2.014502;41.560112
Terrassa;Barcelona;Cataluña;2.014502;41.560112
Terrassa;Barcelona;Cataluña;2.014502;41.560112
Terrassa;Barcelona;Cataluña;2.014502;41.560112
Terrassa;Barcelona;Cataluña;2.014502;41.560112
Terrassa;Barcelona;Cataluña;2.014502;41.560112
Terrassa;Barcelona;Cataluña;2.014502;41.560112
Terrassa;Barcelona;Cataluña;2.014502;41.560112
Granada, La;Barcelona;Cataluña;1.721316;41.38356
Santa Perpètua de Mogoda;Barcelona;Cataluña;2.187083;41.526756
Sitges;Barcelona;Cataluña;1.804809;41.2415
Sitges;Barcelona;Cataluña;1.804809;41.2415
Sitges;Barcelona;Cataluña;1.809954;41.241657
Campins;Barcelona;Cataluña;2.487575;41.69232
Campins;Barcelona;Cataluña;2.487575;41.69232
Palafolls;Barcelona;Cataluña;2.75167;41.669018
Mataró;Barcelona;Cataluña;2.426264;41.523487
Mataró;Barcelona;Cataluña;2.426314;41.52351
Mataró;Barcelona;Cataluña;2.426365;41.523533
Mataró;Barcelona;Cataluña;2.426416;41.523556
Cerdanyola del Vallès;Barcelona;Cataluña;2.138297;41.497574
Sant Cugat del Vallès;Barcelona;Cataluña;2.098558;41.4762
Sabadell;Barcelona;Cataluña;2.106716;41.51151
Caldes de Montbui;Barcelona;Cataluña;2.1699097;41.625015
Caldes de Montbui;Barcelona;Cataluña;2.1617398;41.634083
Caldes de Montbui;Barcelona;Cataluña;2.15825;41.63705
Caldes de Montbui;Barcelona;Cataluña;2.165843;41.62922
Caldes de Montbui;Barcelona;Cataluña;2.163156;41.630646
Pallejà;Barcelona;Cataluña;2.001623;41.42051
Abrera;Barcelona;Cataluña;1.90206;41.5043
Mataró;Barcelona;Cataluña;2.427151;41.531883
Vilanova i la Geltrú;Barcelona;Cataluña;1.722459;41.21928
Barberà del Vallès;Barcelona;Cataluña;2.129667;41.52112
Mollet del Vallès;Barcelona;Cataluña;2.222194;41.543854
Terrassa;Barcelona;Cataluña;2.034205;41.56354
Sant Feliu de Llobregat;Barcelona;Cataluña;2.036953;41.39283
Sabadell;Barcelona;Cataluña;2.099135;41.538372
Sant Vicenç dels Horts;Barcelona;Cataluña;2.003614;41.38465
Vic;Barcelona;Cataluña;2.254753;41.939568
Berga;Barcelona;Cataluña;1.853927;42.10488
Terrassa;Barcelona;Cataluña;2.05051;41.541977
Granollers;Barcelona;Cataluña;2.278788;41.60872
Santa Margarida de Montbui;Barcelona;Cataluña;1.603554;41.57851
Martorell;Barcelona;Cataluña;1.921486;41.476982
Rubí;Barcelona;Cataluña;2.031021;41.48134
Papiol, El;Barcelona;Cataluña;2.005857;41.432823
Gavà;Barcelona;Cataluña;2.015114;41.29806
Barcelona;Barcelona;Cataluña;2.179932;41.447296
Vic;Barcelona;Cataluña;2.245602;41.92791
Rubí;Barcelona;Cataluña;2.041299;41.482628
Gavà;Barcelona;Cataluña;2.009362;41.298782
Ametlla del Vallès, L';Barcelona;Cataluña;2.269554;41.664917
Mollet del Vallès;Barcelona;Cataluña;2.207365;41.54413
Malgrat de Mar;Barcelona;Cataluña;2.74693;41.652313
Caldes de Montbui;Barcelona;Cataluña;2.173574;41.63242
Badalona;Barcelona;Cataluña;2.250459;41.45682
Pineda de Mar;Barcelona;Cataluña;2.676403;41.625393
Esplugues de Llobregat;Barcelona;Cataluña;2.092123;41.37751
Cornellà de Llobregat;Barcelona;Cataluña;2.076583;41.353558
Vic;Barcelona;Cataluña;2.245458;41.927494
Avinyonet del Penedès;Barcelona;Cataluña;1.776414;41.36179
Sant Salvador de Guardiola;Barcelona;Cataluña;1.767358;41.677822
Hospitalet de Llobregat, L';Barcelona;Cataluña;2.108574;41.346214
Barcelona;Barcelona;Cataluña;2.212548;41.413204
Sant Salvador de Guardiola;Barcelona;Cataluña;1.792629;41.702747
Sant Salvador de Guardiola;Barcelona;Cataluña;1.793607;41.700977
Castellbell i el Vilar;Barcelona;Cataluña;1.82787;41.648155
Sant Salvador de Guardiola;Barcelona;Cataluña;1.76728;41.678555
Sitges;Barcelona;Cataluña;1.823386;41.23674
Barcelona;Barcelona;Cataluña;2.210492;41.41234
Barcelona;Barcelona;Cataluña;2.126992;41.381626
Barcelona;Barcelona;Cataluña;2.137515;41.385384
Barcelona;Barcelona;Cataluña;2.17786;41.39191
Barcelona;Barcelona;Cataluña;2.19174;41.405617
Barcelona;Barcelona;Cataluña;2.166018;41.38949
Barcelona;Barcelona;Cataluña;2.139711;41.407795
Barcelona;Barcelona;Cataluña;2.165863;41.374596
Barcelona;Barcelona;Cataluña;2.141962;41.40081
Barcelona;Barcelona;Cataluña;2.144232;41.378944
Barcelona;Barcelona;Cataluña;2.197346;41.440662
Barcelona;Barcelona;Cataluña;2.1337;41.38886
Barcelona;Barcelona;Cataluña;2.189879;41.399097
Hospitalet de Llobregat, L';Barcelona;Cataluña;2.120502;41.34883
Castellolí;Barcelona;Cataluña;1.701087;41.599354
Barcelona;Barcelona;Cataluña;2.14337;41.39696
Bruc, El;Barcelona;Cataluña;1.7675818;41.594517
Prats de Lluçanès;Barcelona;Cataluña;2.0282872;42.00936
Moià;Barcelona;Cataluña;2.0953114;41.809723
Òdena;Barcelona;Cataluña;1.6410168;41.578785
Vilafranca del Penedès;Barcelona;Cataluña;1.7296124;41.353
Montcada i Reixac;Barcelona;Cataluña;2.1807084;41.494232
Barcelona;Barcelona;Cataluña;2.1404285;41.3296
Barcelona;Barcelona;Cataluña;2.1423244;41.35524
Cornellà de Llobregat;Barcelona;Cataluña;2.0819564;41.34822
Campins;Barcelona;Cataluña;2.4872148;41.681202
Vilanova i la Geltrú;Barcelona;Cataluña;1.7302507;41.237778
Barcelona;Barcelona;Cataluña;2.1209745;41.403168
Barberà del Vallès;Barcelona;Cataluña;2.1286328;41.511955
Barcelona;Barcelona;Cataluña;2.1366136;41.3631
Barcelona;Barcelona;Cataluña;2.1786833;41.371788
Sant Joan Despí;Barcelona;Cataluña;2.0495167;41.36641
Cerdanyola del Vallès;Barcelona;Cataluña;2.124987;41.48758
Palafolls;Barcelona;Cataluña;2.7556107;41.66799
Sant Adrià de Besòs;Barcelona;Cataluña;2.227755;41.42967
Sabadell;Barcelona;Cataluña;1.99183;41.55616
Sabadell;Barcelona;Cataluña;2.0081496;41.55242
Sant Boi de Llobregat;Barcelona;Cataluña;2.0501702;41.34629
Sitges;Barcelona;Cataluña;1.7729301;41.229202
Galdakao;Bizkaia;País Vasco;-2.88003;43.2446
Galdakao;Bizkaia;País Vasco;-2.88003;43.2446
Artea;Bizkaia;País Vasco;-2.782802;43.132305
Durango;Bizkaia;País Vasco;-2.643134;43.16793
Gernika-Lumo;Bizkaia;País Vasco;-2.687357;43.29593
Zeanuri;Bizkaia;País Vasco;-2.750419;43.09959
Forua;Bizkaia;País Vasco;-2.675298;43.334488
Leioa;Bizkaia;País Vasco;-2.974484;43.3186
Bakio;Bizkaia;País Vasco;-2.816058;43.412575
Amorebieta-Etxano;Bizkaia;País Vasco;-2.678831;43.1871
Durango;Bizkaia;País Vasco;-2.609608;43.19377
Lemoa;Bizkaia;País Vasco;-2.772871;43.20517
Lezama;Bizkaia;País Vasco;-2.840911;43.27776
Arrigorriaga;Bizkaia;País Vasco;-2.92745;43.24783
Markina-Xemein;Bizkaia;País Vasco;-2.49874;43.267773
Galdakao;Bizkaia;País Vasco;-2.840362;43.23122
Sestao;Bizkaia;País Vasco;-3.003176;43.311375
Sopela;Bizkaia;País Vasco;-2.98642;43.38436
Basauri;Bizkaia;País Vasco;-2.873916;43.228844
Erandio;Bizkaia;País Vasco;-2.984567;43.317513
Bilbao;Bizkaia;País Vasco;-2.933309;43.268215
Muskiz;Bizkaia;País Vasco;-3.118303;43.322495
Basauri;Bizkaia;País Vasco;-2.886521;43.22512
Derio;Bizkaia;País Vasco;-2.863471;43.283077
Berango;Bizkaia;País Vasco;-2.995516;43.371986
Busturia;Bizkaia;País Vasco;-2.69746;43.37641
Basauri;Bizkaia;País Vasco;-2.875778;43.238163
Urduña/Orduña;Bizkaia;País Vasco;-3.010506;42.994877
Iurreta;Bizkaia;País Vasco;-2.668586;43.184917
Berriatua;Bizkaia;País Vasco;-2.459342;43.310513
Basauri;Bizkaia;País Vasco;-2.874815;43.229706
Galdakao;Bizkaia;País Vasco;-2.845262;43.23125
Basauri;Bizkaia;País Vasco;-2.889122;43.221558
Basauri;Bizkaia;País Vasco;-2.887249;43.240086
Valle de Trápaga-Trapagaran;Bizkaia;País Vasco;-3.03398;43.30235
Galdakao;Bizkaia;País Vasco;-2.82107;43.21966
Santurtzi;Bizkaia;País Vasco;-3.03293;43.331196
Arakaldo;Bizkaia;País Vasco;-2.94057;43.1494
Berango;Bizkaia;País Vasco;-2.998808;43.369793
Bilbao;Bizkaia;País Vasco;-2.957254;43.27419
Barakaldo;Bizkaia;País Vasco;-3.007839;43.289112
Bilbao;Bizkaia;País Vasco;-2.9285;43.26549
Barakaldo;Bizkaia;País Vasco;-3.007974;43.287457
Basauri;Bizkaia;País Vasco;-2.876341;43.239136
Portugalete;Bizkaia;País Vasco;-3.022616;43.312
Portugalete;Bizkaia;País Vasco;-3.022744;43.31197
Ugao-Miraballes;Bizkaia;País Vasco;-2.896621;43.190083
Barakaldo;Bizkaia;País Vasco;-2.986144;43.297207
Berriz;Bizkaia;País Vasco;-2.595696;43.166306
Bilbao;Bizkaia;País Vasco;-2.931253;43.267845
Bilbao;Bizkaia;País Vasco;-2.931223;43.26782
Barakaldo;Bizkaia;País Vasco;-2.990183;43.29459
Bilbao;Bizkaia;País Vasco;-2.922859;43.262177
Barakaldo;Bizkaia;País Vasco;-2.990129;43.294582
Bilbao;Bizkaia;País Vasco;-2.922844;43.26219
Arrigorriaga;Bizkaia;País Vasco;-2.930707;43.25015
Arrigorriaga;Bizkaia;País Vasco;-2.930707;43.25015
Barakaldo;Bizkaia;País Vasco;-3.006671;43.291878
Basauri;Bizkaia;País Vasco;-2.876316;43.229733
Derio;Bizkaia;País Vasco;-2.859077;43.28966
Bilbao;Bizkaia;País Vasco;-2.914355;43.259094
Abadiño;Bizkaia;País Vasco;-2.617221;43.171646
Bilbao;Bizkaia;País Vasco;-2.905264;43.24831
Leioa;Bizkaia;País Vasco;-2.974399;43.317623
Barakaldo;Bizkaia;País Vasco;-2.995849;43.28556
Bilbao;Bizkaia;País Vasco;-2.94057;43.260933
Zalla;Bizkaia;País Vasco;-3.125133;43.21031
Barakaldo;Bizkaia;País Vasco;-2.991716;43.28917
Bilbao;Bizkaia;País Vasco;-2.931105;43.26349
Bilbao;Bizkaia;País Vasco;-2.93222;43.25996
Leioa;Bizkaia;País Vasco;-2.992554;43.318127
Portugalete;Bizkaia;País Vasco;-3.021211;43.318188
Portugalete;Bizkaia;País Vasco;-3.018838;43.32241
Barakaldo;Bizkaia;País Vasco;-3.006481;43.29309
Bilbao;Bizkaia;País Vasco;-2.937051;43.25976
Bilbao;Bizkaia;País Vasco;-2.93987;43.258667
Derio;Bizkaia;País Vasco;-2.876905;43.31854
Elorrio;Bizkaia;País Vasco;-2.541078;43.130333
Derio;Bizkaia;País Vasco;-2.870662;43.296524
Derio;Bizkaia;País Vasco;-2.863398;43.300552
Bilbao;Bizkaia;País Vasco;-2.947752;43.258717
Erandio;Bizkaia;País Vasco;-2.944799;43.307373
Derio;Bizkaia;País Vasco;-2.869915;43.301067
Derio;Bizkaia;País Vasco;-2.856165;43.29207
Abanto y Ciérvana-Abanto Zierbena;Bizkaia;País Vasco;-3.068215;43.328472
Muskiz;Bizkaia;País Vasco;-3.123565;43.322124
Sestao;Bizkaia;País Vasco;-2.989049;43.308434
Urduliz;Bizkaia;País Vasco;-2.959841;43.375862
Lezama;Bizkaia;País Vasco;-2.838639;43.27937
Lezama;Bizkaia;País Vasco;-2.83823;43.27628
Bilbao;Bizkaia;País Vasco;-2.948845;43.26432
Dima;Bizkaia;País Vasco;-2.765836;43.1293
Galdakao;Bizkaia;País Vasco;-2.817532;43.224346
Barakaldo;Bizkaia;País Vasco;-2.98898;43.29045
Berango;Bizkaia;País Vasco;-2.996531;43.372726
Abanto y Ciérvana-Abanto Zierbena;Bizkaia;País Vasco;-3.067953;43.326897
Sestao;Bizkaia;País Vasco;-3.003486;43.29831
Barakaldo;Bizkaia;País Vasco;-2.988403;43.288826
Barakaldo;Bizkaia;País Vasco;-2.988535;43.28836
Ugao-Miraballes;Bizkaia;País Vasco;-2.897381;43.190346
Arrigorriaga;Bizkaia;País Vasco;-2.894425;43.189816
Barakaldo;Bizkaia;País Vasco;-2.990451;43.28997
Derio;Bizkaia;País Vasco;-2.862912;43.294376
Leioa;Bizkaia;País Vasco;-2.97547;43.31927
Maruri-Jatabe;Bizkaia;País Vasco;-2.866313;43.378716
Berango;Bizkaia;País Vasco;-2.995147;43.371025
Derio;Bizkaia;País Vasco;-2.858946;43.28967
Durango;Bizkaia;País Vasco;-2.61132;43.19429
Bilbao;Bizkaia;País Vasco;-2.912555;43.25387
Arrigorriaga;Bizkaia;País Vasco;-2.933727;43.256927
Basauri;Bizkaia;País Vasco;-2.872466;43.22901
Bilbao;Bizkaia;País Vasco;-2.944334;43.26676
Erandio;Bizkaia;País Vasco;-2.973647;43.307102
Bilbao;Bizkaia;País Vasco;-2.950201;43.2603
Muskiz;Bizkaia;País Vasco;-3.124695;43.32316
Derio;Bizkaia;País Vasco;-2.8698;43.28011
Leioa;Bizkaia;País Vasco;-2.977244;43.318905
Derio;Bizkaia;País Vasco;-2.890588;43.292007
Bilbao;Bizkaia;País Vasco;-2.95033;43.26868
Barakaldo;Bizkaia;País Vasco;-2.983653;43.281803
Barakaldo;Bizkaia;País Vasco;-2.983522;43.281796
Barakaldo;Bizkaia;País Vasco;-2.983361;43.281796
Barakaldo;Bizkaia;País Vasco;-2.983435;43.281948
Barakaldo;Bizkaia;País Vasco;-2.983504;43.281815
Barakaldo;Bizkaia;País Vasco;-2.983377;43.28197
Portugalete;Bizkaia;País Vasco;-3.026809;43.310486
Valle de Trápaga-Trapagaran;Bizkaia;País Vasco;-3.027959;43.309692
Valle de Trápaga-Trapagaran;Bizkaia;País Vasco;-3.027906;43.309723
Valle de Trápaga-Trapagaran;Bizkaia;País Vasco;-3.028602;43.309612
Valle de Trápaga-Trapagaran;Bizkaia;País Vasco;-3.024279;43.30754
Valle de Trápaga-Trapagaran;Bizkaia;País Vasco;-3.023208;43.306286
Basauri;Bizkaia;País Vasco;-2.885273;43.243954
Sopela;Bizkaia;País Vasco;-2.970994;43.380123
Bilbao;Bizkaia;País Vasco;-2.92537;43.260765
Sestao;Bizkaia;País Vasco;-2.992605;43.306107
Basauri;Bizkaia;País Vasco;-2.885273;43.243954
Bilbao;Bizkaia;País Vasco;-2.905583;43.24679
Sopela;Bizkaia;País Vasco;-2.970994;43.380123
Bilbao;Bizkaia;País Vasco;-2.941587;43.267845
Derio;Bizkaia;País Vasco;-2.870885;43.294605
Galdakao;Bizkaia;País Vasco;-2.818824;43.22351
Derio;Bizkaia;País Vasco;-2.856071;43.292473
Derio;Bizkaia;País Vasco;-2.853356;43.294304
Derio;Bizkaia;País Vasco;-2.855604;43.295013
Santurtzi;Bizkaia;País Vasco;-3.045963;43.31964
Basauri;Bizkaia;País Vasco;-2.889176;43.226482
Leioa;Bizkaia;País Vasco;-3.007352;43.323486
Etxebarri;Bizkaia;País Vasco;-2.889104;43.251
Gorliz;Bizkaia;País Vasco;-2.942818;43.407055
Bilbao;Bizkaia;País Vasco;-2.928;43.26804
Bilbao;Bizkaia;País Vasco;-2.944242;43.264847
Bilbao;Bizkaia;País Vasco;-2.960092;43.24151
Bilbao;Bizkaia;País Vasco;-2.941832;43.267498
Leioa;Bizkaia;País Vasco;-2.9967;43.33105
Bilbao;Bizkaia;País Vasco;-2.942303;43.27054
Getxo;Bizkaia;País Vasco;-3.002688;43.336575
Bilbao;Bizkaia;País Vasco;-2.922935;43.262
Abadiño;Bizkaia;País Vasco;-2.609233;43.16969
Bilbao;Bizkaia;País Vasco;-2.945953;43.279194
Aranda de Duero;Burgos;Castilla y León;-3.690662;41.664234
Ausines, Los;Burgos;Castilla y León;-3.598651;42.22772
Brazacorta;Burgos;Castilla y León;-3.367256;41.717407
Ciruelos de Cervera;Burgos;Castilla y León;-3.422443;41.962654
Covarrubias;Burgos;Castilla y León;-3.522128;42.058765
Cascajares de Bureba;Burgos;Castilla y León;-3.110572;42.6376
Villarcayo de Merindad de Castilla la Vieja;Burgos;Castilla y León;-3.57148;42.93908
Aranda de Duero;Burgos;Castilla y León;-3.68506;41.676563
Aranda de Duero;Burgos;Castilla y León;-3.693358;41.669884
Trespaderne;Burgos;Castilla y León;-3.38866;42.8031
Aranda de Duero;Burgos;Castilla y León;-3.707329;41.670628
Oña;Burgos;Castilla y León;-3.412444;42.73681
Ausines, Los;Burgos;Castilla y León;-3.696893;42.26005
Aranda de Duero;Burgos;Castilla y León;-3.690712;41.671055
Belorado;Burgos;Castilla y León;-3.191837;42.418762
Arija;Burgos;Castilla y León;-3.945175;42.99415
Melgar de Fernamental;Burgos;Castilla y León;-4.247177;42.403973
Lerma;Burgos;Castilla y León;-3.752409;42.024418
Valle de Mena;Burgos;Castilla y León;-3.289075;43.098915
Merindad de Sotoscueva;Burgos;Castilla y León;-3.669204;43.045418
Arandilla;Burgos;Castilla y León;-3.48116;41.68726
Villarcayo de Merindad de Castilla la Vieja;Burgos;Castilla y León;-3.572416;42.9388
Burgos;Burgos;Castilla y León;-3.652407;42.36117
Cubillo del Campo;Burgos;Castilla y León;-3.611516;42.16787
Buniel;Burgos;Castilla y León;-3.896919;42.275448
Miranda de Ebro;Burgos;Castilla y León;-2.953716;42.69479
Arlanzón;Burgos;Castilla y León;-3.58387;42.380997
Villarcayo de Merindad de Castilla la Vieja;Burgos;Castilla y León;-3.573523;42.93798
Briviesca;Burgos;Castilla y León;-3.331824;42.529476
Briviesca;Burgos;Castilla y León;-3.333109;42.526173
Milagros;Burgos;Castilla y León;-3.696811;41.59416
Burgos;Burgos;Castilla y León;-3.70189;42.34119
Arauzo de Miel;Burgos;Castilla y León;-3.487578;41.825516
Arauzo de Miel;Burgos;Castilla y León;-3.487598;41.825546
Madrigalejo del Monte;Burgos;Castilla y León;-3.752322;42.040314
Madrigalejo del Monte;Burgos;Castilla y León;-3.752292;42.040283
Burgos;Burgos;Castilla y León;-3.662454;42.35486
Miranda de Ebro;Burgos;Castilla y León;-2.931403;42.68595
Aranda de Duero;Burgos;Castilla y León;-3.698796;41.65412
Aranda de Duero;Burgos;Castilla y León;-3.698766;41.65409
Burgos;Burgos;Castilla y León;-3.669021;42.350525
Miranda de Ebro;Burgos;Castilla y León;-2.953472;42.688583
Burgos;Burgos;Castilla y León;-3.6984627;42.344986
Burgos;Burgos;Castilla y León;-3.6756487;42.359867
Burgos;Burgos;Castilla y León;-3.7304008;42.342407
Miranda de Ebro;Burgos;Castilla y León;-2.9398463;42.68507
Burgos;Burgos;Castilla y León;-3.6956096;42.344154
Burgos;Burgos;Castilla y León;-3.705334;42.336815
Miranda de Ebro;Burgos;Castilla y León;-2.9414196;42.689938
Miranda de Ebro;Burgos;Castilla y León;-2.9442966;42.684944
Miranda de Ebro;Burgos;Castilla y León;-2.932874;42.67951
Burgos;Burgos;Castilla y León;-3.6745744;42.3536
Miranda de Ebro;Burgos;Castilla y León;-2.95197;42.681156
Burgos;Burgos;Castilla y León;-3.7019994;42.33271
Burgos;Burgos;Castilla y León;-3.6869256;42.345863
Fuentelcésped;Burgos;Castilla y León;-3.687533;41.623463
Burgos;Burgos;Castilla y León;-3.6953535;42.340267
Aranda de Duero;Burgos;Castilla y León;-3.7019217;41.653645
Burgos;Burgos;Castilla y León;-3.6960614;42.3473
Valle de Mena;Burgos;Castilla y León;-3.283376;43.098232
Arlanzón;Burgos;Castilla y León;-3.612233;42.341297
Burgos;Burgos;Castilla y León;-3.632955;42.362694
Fresno de Rodilla;Burgos;Castilla y León;-3.54957;42.404915
Miranda de Ebro;Burgos;Castilla y León;-2.953059;42.6887
Burgos;Burgos;Castilla y León;-3.675719;42.348614
Salas de los Infantes;Burgos;Castilla y León;-3.29473;42.02304
Burgos;Burgos;Castilla y León;-3.700475;42.33028
Horra, La;Burgos;Castilla y León;-3.929803;41.781673
Burgos;Burgos;Castilla y León;-3.711879;42.337463
Aranda de Duero;Burgos;Castilla y León;-3.691853;41.662678
Burgos;Burgos;Castilla y León;-3.65916;42.346645
Miranda de Ebro;Burgos;Castilla y León;-2.948004;42.686462
Burgos;Burgos;Castilla y León;-3.685098;42.363037
Ausines, Los;Burgos;Castilla y León;-3.58446;42.22835
Neila;Burgos;Castilla y León;-2.992822;42.060326
Burgos;Burgos;Castilla y León;-3.694025;42.35857
Miranda de Ebro;Burgos;Castilla y León;-2.953758;42.69522
Burgos;Burgos;Castilla y León;-3.656039;42.368496
Cilleruelo de Abajo;Burgos;Castilla y León;-3.751034;41.91578
Espinosa de los Monteros;Burgos;Castilla y León;-3.551357;43.0788
Balbases, Los;Burgos;Castilla y León;-4.059539;42.178455
Frías;Burgos;Castilla y León;-3.29739;42.76217
Aranda de Duero;Burgos;Castilla y León;-3.68464;41.75388
Adrada de Haza;Burgos;Castilla y León;-3.70457;41.573154
Burgos;Burgos;Castilla y León;-3.703842;42.338604
Arcos;Burgos;Castilla y León;-3.731586;42.30618
Castrillo del Val;Burgos;Castilla y León;-3.561735;42.332817
Balbases, Los;Burgos;Castilla y León;-4.065625;42.214813
Cascajares de Bureba;Burgos;Castilla y León;-3.0842607;42.651638
Burgos;Burgos;Castilla y León;-3.6273334;42.363636
Medina de Pomar;Burgos;Castilla y León;-3.4874406;42.933815
Oña;Burgos;Castilla y León;-3.581762;42.920742
Quintanilla San García;Burgos;Castilla y León;-3.194363;42.54852
Puebla de Arganzón, La;Burgos;Castilla y León;-2.8290594;42.764465
Majadas;Cáceres;Extremadura;-5.758479;39.91985
Cáceres;Cáceres;Extremadura;-6.377167;39.489193
Cáceres;Cáceres;Extremadura;-6.377461;39.471996
Mesas de Ibor;Cáceres;Extremadura;-5.901545;39.146114
Cáceres;Cáceres;Extremadura;-6.389936;39.468273
Cáceres;Cáceres;Extremadura;-6.389936;39.468273
Torrequemada;Cáceres;Extremadura;-5.8697;39.46057
Torrequemada;Cáceres;Extremadura;-5.86973;39.46056
Aliseda;Cáceres;Extremadura;-6.690253;39.42564
Conquista de la Sierra;Cáceres;Extremadura;-6.527115;39.980045
Aliseda;Cáceres;Extremadura;-6.690295;39.425655
Cáceres;Cáceres;Extremadura;-6.393107;39.47325
Almaraz;Cáceres;Extremadura;-5.6963925;39.79144
Cáceres;Cáceres;Extremadura;-6.362858;39.481743
Navalmoral de la Mata;Cáceres;Extremadura;-5.524659;39.89113
Piornal;Cáceres;Extremadura;-6.090985;40.03697
Navalmoral de la Mata;Cáceres;Extremadura;-5.5438;39.89605
Cáceres;Cáceres;Extremadura;-6.373423;39.448845
Casar de Cáceres;Cáceres;Extremadura;-6.435902;39.54719
Hervás;Cáceres;Extremadura;-5.865605;40.27024
Sierra de Fuentes;Cáceres;Extremadura;-6.273428;39.442062
Casar de Cáceres;Cáceres;Extremadura;-6.402026;39.556885
Jerte;Cáceres;Extremadura;-5.74926;40.221386
Piornal;Cáceres;Extremadura;-5.847995;40.117653
Rebollar;Cáceres;Extremadura;-5.942239;40.136635
Cañaveral;Cáceres;Extremadura;-6.389783;39.792633
Valdastillas;Cáceres;Extremadura;-5.879075;40.133583
Abadía;Cáceres;Extremadura;-5.974846;40.259712
Granja, La;Cáceres;Extremadura;-5.997193;40.238033
Guijo de Granadilla;Cáceres;Extremadura;-6.165272;40.191887
Baños de Montemayor;Cáceres;Extremadura;-5.859735;40.31742
Casas del Monte;Cáceres;Extremadura;-5.959011;40.205322
Casas del Monte;Cáceres;Extremadura;-6.329907;39.815857
Piedras Albas;Cáceres;Extremadura;-6.925139;39.783417
Portaje;Cáceres;Extremadura;-6.559694;39.9195
Portezuelo;Cáceres;Extremadura;-6.477167;39.813972
Alcántara;Cáceres;Extremadura;-6.884222;39.713028
Plasenzuela;Cáceres;Extremadura;-6.048333;39.379833
Valdefuentes;Cáceres;Extremadura;-6.120972;39.27778
Torremocha;Cáceres;Extremadura;-6.179194;39.348057
Torreorgaz;Cáceres;Extremadura;-6.219167;39.367058
Alcuéscar;Cáceres;Extremadura;-6.231139;39.180527
Aldeanueva del Camino;Cáceres;Extremadura;-5.930762;40.25945
Ahigal;Cáceres;Extremadura;-6.192692;40.18799
Torre de Santa María;Cáceres;Extremadura;-6.467694;39.88983
Piornal;Cáceres;Extremadura;-6.08415;40.029427
Cáceres;Cáceres;Extremadura;-6.366825;39.48104
Cáceres;Cáceres;Extremadura;-6.366825;39.48104
Cáceres;Cáceres;Extremadura;-6.378583;39.469055
Cáceres;Cáceres;Extremadura;-6.36682;39.48104
Piornal;Cáceres;Extremadura;-6.087833;40.034943
Navalmoral de la Mata;Cáceres;Extremadura;-5.527859;39.890347
Malpartida de Cáceres;Cáceres;Extremadura;-6.47921;39.452965
Cáceres;Cáceres;Extremadura;-6.34498;39.47879
Valdefuentes;Cáceres;Extremadura;-6.12706;39.2738
Mesas de Ibor;Cáceres;Extremadura;-5.924325;39.14287
Jarilla;Cáceres;Extremadura;-6.006636;40.18634
Torrequemada;Cáceres;Extremadura;-5.858357;39.4748
Navalmoral de la Mata;Cáceres;Extremadura;-5.549945;39.873554
Aldea del Cano;Cáceres;Extremadura;-6.320935;39.287163
Alcuéscar;Cáceres;Extremadura;-6.263602;39.164066
Cáceres;Cáceres;Extremadura;-6.367376;39.455563
Mesas de Ibor;Cáceres;Extremadura;-5.90775;39.151608
Mesas de Ibor;Cáceres;Extremadura;-5.904891;39.153202
Mesas de Ibor;Cáceres;Extremadura;-5.908643;39.151325
Mesas de Ibor;Cáceres;Extremadura;-5.907409;39.150097
Mesas de Ibor;Cáceres;Extremadura;-5.9047;39.152225
Garrovillas de Alconétar;Cáceres;Extremadura;-6.543705;39.708874
Villar de Plasencia;Cáceres;Extremadura;-6.0438457;40.142464
Cáceres;Cáceres;Extremadura;-6.374105;39.474144
Arcos de la Frontera;Cádiz;Andalucía;-5.823714;36.748947
Puerto de Santa María, El;Cádiz;Andalucía;-6.210301;36.614822
Puerto Real;Cádiz;Andalucía;-6.18309;36.528484
Chiclana de la Frontera;Cádiz;Andalucía;-6.15131;36.42073
Puerto de Santa María, El;Cádiz;Andalucía;-6.2193;36.58709
San Fernando;Cádiz;Andalucía;-6.210338;36.454994
Cádiz;Cádiz;Andalucía;-6.302525;36.53695
Jerez de la Frontera;Cádiz;Andalucía;-6.124987;36.699135
Conil de la Frontera;Cádiz;Andalucía;-6.083033;36.283848
Jerez de la Frontera;Cádiz;Andalucía;-6.106937;36.715843
Rota;Cádiz;Andalucía;-6.367801;36.63229
Puerto de Santa María, El;Cádiz;Andalucía;-6.199989;36.610886
Jerez de la Frontera;Cádiz;Andalucía;-6.114782;36.68381
San Roque;Cádiz;Andalucía;-5.312391;36.286793
Jerez de la Frontera;Cádiz;Andalucía;-6.136035;36.6812
Jerez de la Frontera;Cádiz;Andalucía;-6.129135;36.68006
Jerez de la Frontera;Cádiz;Andalucía;-6.129497;36.69377
Conil de la Frontera;Cádiz;Andalucía;-6.107355;36.289642
Cádiz;Cádiz;Andalucía;-6.281124;36.514294
Cádiz;Cádiz;Andalucía;-6.281154;36.514324
Jerez de la Frontera;Cádiz;Andalucía;-6.136778;36.683666
Jerez de la Frontera;Cádiz;Andalucía;-6.158012;36.694424
Jerez de la Frontera;Cádiz;Andalucía;-6.15996;36.69381
Jerez de la Frontera;Cádiz;Andalucía;-6.158013;36.694424
Jerez de la Frontera;Cádiz;Andalucía;-6.158011;36.69442
Jerez de la Frontera;Cádiz;Andalucía;-6.158011;36.69442
Conil de la Frontera;Cádiz;Andalucía;-6.107355;36.289642
Jerez de la Frontera;Cádiz;Andalucía;-6.029338;36.702934
Jerez de la Frontera;Cádiz;Andalucía;-6.132422;36.683212
Jerez de la Frontera;Cádiz;Andalucía;-6.132422;36.683212
Línea de la Concepción, La;Cádiz;Andalucía;-5.360989;36.16579
Línea de la Concepción, La;Cádiz;Andalucía;-5.360959;36.165764
Jerez de la Frontera;Cádiz;Andalucía;-6.133587;36.689148
Jerez de la Frontera;Cádiz;Andalucía;-6.133587;36.689148
Jerez de la Frontera;Cádiz;Andalucía;-6.133587;36.689148
Rota;Cádiz;Andalucía;-6.3709245;36.637047
Chiclana de la Frontera;Cádiz;Andalucía;-6.164764;36.346703
Puerto de Santa María, El;Cádiz;Andalucía;-6.221165;36.59243
Algeciras;Cádiz;Andalucía;-5.4456;36.1294
Barrios, Los;Cádiz;Andalucía;-5.431703;36.189583
San Fernando;Cádiz;Andalucía;-6.202478;36.46229
Jimena de la Frontera;Cádiz;Andalucía;-5.435805;36.42127
Sanlúcar de Barrameda;Cádiz;Andalucía;-6.355235;36.78058
Sanlúcar de Barrameda;Cádiz;Andalucía;-6.361334;36.764526
Puerto de Santa María, El;Cádiz;Andalucía;-6.221295;36.592953
Barrios, Los;Cádiz;Andalucía;-5.431733;36.189613
San Fernando;Cádiz;Andalucía;-6.20167;36.474247
Chiclana de la Frontera;Cádiz;Andalucía;-6.164739;36.346684
Chiclana de la Frontera;Cádiz;Andalucía;-6.145622;36.420425
Chiclana de la Frontera;Cádiz;Andalucía;-6.145592;36.420395
Sanlúcar de Barrameda;Cádiz;Andalucía;-6.355169;36.78062
San Fernando;Cádiz;Andalucía;-6.202448;36.46232
Jerez de la Frontera;Cádiz;Andalucía;-6.134374;36.69311
Jerez de la Frontera;Cádiz;Andalucía;-6.149694;36.691708
Jerez de la Frontera;Cádiz;Andalucía;-6.149664;36.691677
Cádiz;Cádiz;Andalucía;-6.284319;36.519783
Cádiz;Cádiz;Andalucía;-6.284289;36.519753
Jerez de la Frontera;Cádiz;Andalucía;-6.15939;36.69195
Sanlúcar de Barrameda;Cádiz;Andalucía;-6.35637;36.77126
Puerto de Santa María, El;Cádiz;Andalucía;-6.240154;36.59863
Cádiz;Cádiz;Andalucía;-6.292706;36.533596
Algeciras;Cádiz;Andalucía;-5.451953;36.133446
Jerez de la Frontera;Cádiz;Andalucía;-6.12733;36.69009
Jerez de la Frontera;Cádiz;Andalucía;-6.125022;36.70687
San Fernando;Cádiz;Andalucía;-6.203407;36.47364
Rota;Cádiz;Andalucía;-6.366948;36.632023
Jerez de la Frontera;Cádiz;Andalucía;-6.142772;36.696243
Jerez de la Frontera;Cádiz;Andalucía;-6.124923;36.70677
Jerez de la Frontera;Cádiz;Andalucía;-6.133949;36.69538
Jerez de la Frontera;Cádiz;Andalucía;-6.121838;36.671658
Cádiz;Cádiz;Andalucía;-6.278517;36.519688
Jerez de la Frontera;Cádiz;Andalucía;-6.096857;36.69706
Sanlúcar de Barrameda;Cádiz;Andalucía;-6.342721;36.76482
Cádiz;Cádiz;Andalucía;-6.268238;36.508163
Sanlúcar de Barrameda;Cádiz;Andalucía;-6.3467;36.7703
Puerto de Santa María, El;Cádiz;Andalucía;-6.2073;36.6196
Chiclana de la Frontera;Cádiz;Andalucía;-6.1464;36.3941
Barrios, Los;Cádiz;Andalucía;-5.4887;36.1777
Cádiz;Cádiz;Andalucía;-6.275919;36.504417
Puerto de Santa María, El;Cádiz;Andalucía;-6.1963;36.6113
Jerez de la Frontera;Cádiz;Andalucía;-6.110328;36.681652
Rota;Cádiz;Andalucía;-6.407266;36.692
Barbate;Cádiz;Andalucía;-5.919235;36.187943
Cádiz;Cádiz;Andalucía;-6.268659;36.507603
San Fernando;Cádiz;Andalucía;-6.201287;36.476
Barrios, Los;Cádiz;Andalucía;-5.491711;36.18023
Conil de la Frontera;Cádiz;Andalucía;-6.088653;36.284794
Jerez de la Frontera;Cádiz;Andalucía;-6.11592;36.70418
Jerez de la Frontera;Cádiz;Andalucía;-6.02386;36.569637
Puerto Real;Cádiz;Andalucía;-6.224294;36.520485
Línea de la Concepción, La;Cádiz;Andalucía;-5.34884;36.17654
Arcos de la Frontera;Cádiz;Andalucía;-5.821372;36.754852
Algeciras;Cádiz;Andalucía;-5.45548;36.155197
Jerez de la Frontera;Cádiz;Andalucía;-6.152579;36.672073
Arcos de la Frontera;Cádiz;Andalucía;-5.822799;36.749336
Jerez de la Frontera;Cádiz;Andalucía;-6.137677;36.68974
Rota;Cádiz;Andalucía;-6.368457;36.63298
Jerez de la Frontera;Cádiz;Andalucía;-6.089237;36.710045
Chiclana de la Frontera;Cádiz;Andalucía;-6.144811;36.42932
Rota;Cádiz;Andalucía;-6.408129;36.67483
Barbate;Cádiz;Andalucía;-5.824447;36.1102
Jerez de la Frontera;Cádiz;Andalucía;-6.132894;36.6917
Chiclana de la Frontera;Cádiz;Andalucía;-6.171366;36.35959
Trebujena;Cádiz;Andalucía;-6.182608;36.8597
Puerto Real;Cádiz;Andalucía;-6.173239;36.540028
Chiclana de la Frontera;Cádiz;Andalucía;-6.172795;36.39923
Cádiz;Cádiz;Andalucía;-6.26231;36.48004
Cádiz;Cádiz;Andalucía;-6.2784667;36.50873
Algeciras;Cádiz;Andalucía;-5.453326;36.11206
Chiclana de la Frontera;Cádiz;Andalucía;-6.110258;36.358345
Tarifa;Cádiz;Andalucía;-5.6841993;36.069016
Jerez de la Frontera;Cádiz;Andalucía;-6.1340322;36.697304
Puerto de Santa María, El;Cádiz;Andalucía;-6.2249603;36.60218
Reocín;Cantabria;Cantabria;-4.09482;43.35543
Piélagos;Cantabria;Cantabria;-3.93811;43.41561
Cabezón de la Sal;Cantabria;Cantabria;-4.19246;43.32847
Guriezo;Cantabria;Cantabria;-3.310553;43.332874
Villaescusa;Cantabria;Cantabria;-3.83937;43.38328
Santoña;Cantabria;Cantabria;-3.46472;43.44595
Campoo de Enmedio;Cantabria;Cantabria;-4.13165;42.99426
Laredo;Cantabria;Cantabria;-3.440848;43.39888
Santander;Cantabria;Cantabria;-3.80232;43.48538
Castro-Urdiales;Cantabria;Cantabria;-3.30663;43.40378
San Vicente de la Barquera;Cantabria;Cantabria;-4.35148;43.37615
Camargo;Cantabria;Cantabria;-3.891163;43.439312
Santander;Cantabria;Cantabria;-3.831363;43.44889
Comillas;Cantabria;Cantabria;-4.282189;43.382633
Campoo de Enmedio;Cantabria;Cantabria;-4.131486;42.994415
Corrales de Buelna, Los;Cantabria;Cantabria;-4.068341;43.25573
Santander;Cantabria;Cantabria;-3.81055;43.46194
Torrelavega;Cantabria;Cantabria;-4.065631;43.354034
Torrelavega;Cantabria;Cantabria;-4.064298;43.358402
Ribamontán al Mar;Cantabria;Cantabria;-3.7428;43.455933
Medio Cudeyo;Cantabria;Cantabria;-3.738137;43.383156
Medio Cudeyo;Cantabria;Cantabria;-3.732087;43.386456
Herrerías;Cantabria;Cantabria;-4.500594;43.374928
Santander;Cantabria;Cantabria;-3.866098;43.455193
Santander;Cantabria;Cantabria;-3.866068;43.455166
Santander;Cantabria;Cantabria;-3.866038;43.455135
Santander;Cantabria;Cantabria;-3.866008;43.455105
Camargo;Cantabria;Cantabria;-3.837261;43.42568
Santander;Cantabria;Cantabria;-3.850587;43.45312
Santander;Cantabria;Cantabria;-3.850587;43.45312
Santander;Cantabria;Cantabria;-3.866008;43.455105
Santander;Cantabria;Cantabria;-3.805873;43.461544
Santander;Cantabria;Cantabria;-3.805868;43.461548
Camargo;Cantabria;Cantabria;-3.838602;43.42717
San Vicente de la Barquera;Cantabria;Cantabria;-4.500147;43.374832
Corrales de Buelna, Los;Cantabria;Cantabria;-4.076768;43.28525
Santa Cruz de Bezana;Cantabria;Cantabria;-3.912999;43.43353
Torrelavega;Cantabria;Cantabria;-4.049361;43.350445
Camargo;Cantabria;Cantabria;-3.843528;43.42272
Santander;Cantabria;Cantabria;-3.799139;43.471527
Santander;Cantabria;Cantabria;-3.871444;43.453693
Santander;Cantabria;Cantabria;-3.810778;43.463165
Santander;Cantabria;Cantabria;-3.788972;43.478558
Santander;Cantabria;Cantabria;-3.808639;43.459362
Ribamontán al Monte;Cantabria;Cantabria;-3.699002;43.412407
Santander;Cantabria;Cantabria;-3.829249;43.468834
Santander;Cantabria;Cantabria;-3.837418;43.460533
Santander;Cantabria;Cantabria;-3.877837;43.4428
Cartes;Cantabria;Cantabria;-4.068469;43.31885
Camargo;Cantabria;Cantabria;-3.836502;43.434334
Santander;Cantabria;Cantabria;-3.857789;43.45774
Meruelo;Cantabria;Cantabria;-3.559192;43.44971
Santander;Cantabria;Cantabria;-3.838176;43.463383
Rionansa;Cantabria;Cantabria;-4.40536;43.25416
Castro-Urdiales;Cantabria;Cantabria;-3.208629;43.36933
Bárcena de Cicero;Cantabria;Cantabria;-3.542195;43.411205
Santander;Cantabria;Cantabria;-3.834137;43.467102
Ribamontán al Mar;Cantabria;Cantabria;-3.718708;43.456085
Santander;Cantabria;Cantabria;-3.860393;43.45054
Castañeda;Cantabria;Cantabria;-3.880482;43.31523
Castañeda;Cantabria;Cantabria;-3.880348;43.31535
Castañeda;Cantabria;Cantabria;-3.880369;43.31531
Castañeda;Cantabria;Cantabria;-3.881028;43.316925
Castañeda;Cantabria;Cantabria;-3.88042;43.315273
Santander;Cantabria;Cantabria;-3.841278;43.440376
Santander;Cantabria;Cantabria;-3.823695;43.453526
Reocín;Cantabria;Cantabria;-4.112311;43.355515
Penagos;Cantabria;Cantabria;-3.839498;43.332153
Camargo;Cantabria;Cantabria;-3.868956;43.404305
Santander;Cantabria;Cantabria;-3.798759;43.46546
Santander;Cantabria;Cantabria;-3.805811;43.461113
Campoo de Enmedio;Cantabria;Cantabria;-4.13028;43.005375
Suances;Cantabria;Cantabria;-4.049398;43.405727
Ruiloba;Cantabria;Cantabria;-4.256282;43.38092
Val de San Vicente;Cantabria;Cantabria;-4.496215;43.374844
Potes;Cantabria;Cantabria;-4.625313;43.154884
Potes;Cantabria;Cantabria;-4.623696;43.15541
Liérganes;Cantabria;Cantabria;-3.741567;43.343353
Liérganes;Cantabria;Cantabria;-3.776748;43.356068
Meruelo;Cantabria;Cantabria;-3.579331;43.454235
Campoo de Enmedio;Cantabria;Cantabria;-4.1349263;42.986446
Santander;Cantabria;Cantabria;-3.7842536;43.465954
Camargo;Cantabria;Cantabria;-3.8394203;43.425076
Benicarló;Castellón/Castelló;Valencia;0.42247;40.424137
Alcora, l';Castellón/Castelló;Valencia;0.025147;39.99314
Sant Joan de Moró;Castellón/Castelló;Valencia;-0.13967;40.0604
Alcora, l';Castellón/Castelló;Valencia;0.01486;39.972355
Geldo;Castellón/Castelló;Valencia;-0.467797;39.83436
Oropesa del Mar/Orpesa;Castellón/Castelló;Valencia;0.149474;40.11687
Santa Magdalena de Pulpis;Castellón/Castelló;Valencia;0.30131;40.355354
Onda;Castellón/Castelló;Valencia;-0.263401;39.967274
Vinaròs;Castellón/Castelló;Valencia;0.45464;40.455673
Almenara;Castellón/Castelló;Valencia;-0.22815;39.75358
Benicasim/Benicàssim;Castellón/Castelló;Valencia;0.05059;40.04149
Castelló de la Plana;Castellón/Castelló;Valencia;-0.072171;39.97658
Vall d'Uixó, la;Castellón/Castelló;Valencia;-0.228914;39.814835
Càlig;Castellón/Castelló;Valencia;0.355603;40.462585
Navajas;Castellón/Castelló;Valencia;-0.59717;39.920338
Sant Mateu;Castellón/Castelló;Valencia;0.18275;40.46688
Castelló de la Plana;Castellón/Castelló;Valencia;-0.043513;40.00141
Castelló de la Plana;Castellón/Castelló;Valencia;-0.064391;39.964195
Castelló de la Plana;Castellón/Castelló;Valencia;-0.06269;39.97498
Benicarló;Castellón/Castelló;Valencia;-0.12358;39.864098
Benicarló;Castellón/Castelló;Valencia;-0.120866;39.86565
Castelló de la Plana;Castellón/Castelló;Valencia;-0.034689;39.984077
Almassora;Castellón/Castelló;Valencia;-0.063703;39.945496
Castelló de la Plana;Castellón/Castelló;Valencia;-0.045026;39.983322
Castelló de la Plana;Castellón/Castelló;Valencia;-0.040345;40.002678
Castelló de la Plana;Castellón/Castelló;Valencia;-0.047623;39.984577
Castelló de la Plana;Castellón/Castelló;Valencia;-0.032138;39.985653
Castelló de la Plana;Castellón/Castelló;Valencia;-0.038415;39.989304
Chilches/Xilxes;Castellón/Castelló;Valencia;-0.184096;39.781944
Bejís;Castellón/Castelló;Valencia;-0.703776;39.91098
Castelló de la Plana;Castellón/Castelló;Valencia;-0.0502394;39.989273
Benicasim/Benicàssim;Castellón/Castelló;Valencia;0.056496;40.045177
Vinaròs;Castellón/Castelló;Valencia;0.451564;40.454853
Benicarló;Castellón/Castelló;Valencia;0.427447;40.417847
Benicasim/Benicàssim;Castellón/Castelló;Valencia;0.050869;40.040047
Benicasim/Benicàssim;Castellón/Castelló;Valencia;0.051032;40.040104
Almassora;Castellón/Castelló;Valencia;-0.068425;39.948383
Castelló de la Plana;Castellón/Castelló;Valencia;-0.036524;39.997208
Castelló de la Plana;Castellón/Castelló;Valencia;-0.046312;39.977715
Betxí;Castellón/Castelló;Valencia;-0.186172;39.952286
Benicarló;Castellón/Castelló;Valencia;0.417109;40.42183
Alcora, l';Castellón/Castelló;Valencia;0.010466;39.976894
Vila-real;Castellón/Castelló;Valencia;-0.109499;39.94224
Alqueries, les/Alquerías del Niño Perdido;Castellón/Castelló;Valencia;-0.124249;39.8985
Pobla Tornesa, la;Castellón/Castelló;Valencia;0.008761;40.10478
Castelló de la Plana;Castellón/Castelló;Valencia;-0.0763;39.9801
Benicarló;Castellón/Castelló;Valencia;-0.086605;39.891956
Peníscola/Peñíscola;Castellón/Castelló;Valencia;0.394222;40.370495
Castelló de la Plana;Castellón/Castelló;Valencia;-0.070658;39.973717
Alcora, l';Castellón/Castelló;Valencia;0.016649;39.97652
Benicasim/Benicàssim;Castellón/Castelló;Valencia;0.073985;40.05671
Castelló de la Plana;Castellón/Castelló;Valencia;-0.032956;39.980255
Borriol;Castellón/Castelló;Valencia;-0.0499535;40.03061
Moncofa;Castellón/Castelló;Valencia;-0.1356125;39.80153
Alcora, l';Castellón/Castelló;Valencia;0.025196;39.992004
Llosa, la;Castellón/Castelló;Valencia;-0.226262;39.77377
Benicarló;Castellón/Castelló;Valencia;-0.081282;39.88357
Castelló de la Plana;Castellón/Castelló;Valencia;-0.022052;39.98248
Montanejos;Castellón/Castelló;Valencia;-0.523052;40.06921
Vall d'Uixó, la;Castellón/Castelló;Valencia;-0.232146;39.820404
Torreblanca;Castellón/Castelló;Valencia;0.188677;40.217316
Llosa, la;Castellón/Castelló;Valencia;-0.208786;39.7685
Caudiel;Castellón/Castelló;Valencia;-0.56845;39.94826
Benicasim/Benicàssim;Castellón/Castelló;Valencia;0.0525755;40.040447
Ciudad Real;Ciudad Real;Castilla - La Mancha;-3.917266;38.974308
Daimiel;Ciudad Real;Castilla - La Mancha;-3.625897;39.068787
Alcázar de San Juan;Ciudad Real;Castilla - La Mancha;-3.22663;39.39493
Ciudad Real;Ciudad Real;Castilla - La Mancha;-3.904109;38.990772
Puertollano;Ciudad Real;Castilla - La Mancha;-4.100013;38.703835
Manzanares;Ciudad Real;Castilla - La Mancha;-3.373286;39.022034
Valdepeñas;Ciudad Real;Castilla - La Mancha;-3.394011;38.76957
Ciudad Real;Ciudad Real;Castilla - La Mancha;-3.908651;38.989758
Villarta de San Juan;Ciudad Real;Castilla - La Mancha;-3.430358;39.250523
Ciudad Real;Ciudad Real;Castilla - La Mancha;-3.91394;38.98421
Puertollano;Ciudad Real;Castilla - La Mancha;-4.100603;38.703037
Valdepeñas;Ciudad Real;Castilla - La Mancha;-3.3963635;38.823765
Alcázar de San Juan;Ciudad Real;Castilla - La Mancha;-3.214503;39.390133
Ciudad Real;Ciudad Real;Castilla - La Mancha;-3.938661;38.973103
Manzanares;Ciudad Real;Castilla - La Mancha;-3.374528;38.999237
Valdepeñas;Ciudad Real;Castilla - La Mancha;-3.393224;38.74861
Puertollano;Ciudad Real;Castilla - La Mancha;-4.151249;38.672977
Valdepeñas;Ciudad Real;Castilla - La Mancha;-3.438042;38.687286
Valdepeñas;Ciudad Real;Castilla - La Mancha;-3.438102;38.687347
Valdepeñas;Ciudad Real;Castilla - La Mancha;-3.438072;38.687317
Valdepeñas;Ciudad Real;Castilla - La Mancha;-3.438042;38.687286
Daimiel;Ciudad Real;Castilla - La Mancha;-3.596253;39.076233
Villanueva de los Infantes;Ciudad Real;Castilla - La Mancha;-3.006294;38.740726
Santa Cruz de Mudela;Ciudad Real;Castilla - La Mancha;-3.472141;38.63538
Ciudad Real;Ciudad Real;Castilla - La Mancha;-3.928243;38.988476
Ciudad Real;Ciudad Real;Castilla - La Mancha;-3.928213;38.988174
Viso del Marqués;Ciudad Real;Castilla - La Mancha;-3.498747;38.410305
Alcázar de San Juan;Ciudad Real;Castilla - La Mancha;-3.218349;39.39947
Santa Cruz de Mudela;Ciudad Real;Castilla - La Mancha;-3.470986;38.636032
Manzanares;Ciudad Real;Castilla - La Mancha;-3.372538;39.058544
Manzanares;Ciudad Real;Castilla - La Mancha;-3.3835087;39.00641
Ciudad Real;Ciudad Real;Castilla - La Mancha;-3.935708;38.991554
Valdepeñas;Ciudad Real;Castilla - La Mancha;-3.39051;38.89988
Santa Cruz de Mudela;Ciudad Real;Castilla - La Mancha;-3.471416;38.63611
Ciudad Real;Ciudad Real;Castilla - La Mancha;-3.932697;38.982933
Puertollano;Ciudad Real;Castilla - La Mancha;-4.109281;38.690544
Alcázar de San Juan;Ciudad Real;Castilla - La Mancha;-3.214311;39.391052
Ciudad Real;Ciudad Real;Castilla - La Mancha;-3.928287;39.00117
Campo de Criptana;Ciudad Real;Castilla - La Mancha;-3.1373384;39.399967
Manzanares;Ciudad Real;Castilla - La Mancha;-3.362988;38.997475
Miguelturra;Ciudad Real;Castilla - La Mancha;-3.90446;38.97201
Ciudad Real;Ciudad Real;Castilla - La Mancha;-3.931848;38.97441
Tomelloso;Ciudad Real;Castilla - La Mancha;-3.016181;39.16378
Moral de Calatrava;Ciudad Real;Castilla - La Mancha;-3.567643;38.82486
Alcázar de San Juan;Ciudad Real;Castilla - La Mancha;-3.233353;39.386024
Daimiel;Ciudad Real;Castilla - La Mancha;-3.602201;39.072517
Almuradiel;Ciudad Real;Castilla - La Mancha;-3.498855;38.417778
Almuradiel;Ciudad Real;Castilla - La Mancha;-3.494741;38.51557
Daimiel;Ciudad Real;Castilla - La Mancha;-3.595628;39.07694
Malagón;Ciudad Real;Castilla - La Mancha;-3.859545;39.16399
Valdepeñas;Ciudad Real;Castilla - La Mancha;-3.393747;38.78982
Alcázar de San Juan;Ciudad Real;Castilla - La Mancha;-3.216941;39.365803
Manzanares;Ciudad Real;Castilla - La Mancha;-3.380419;38.985012
Valdepeñas;Ciudad Real;Castilla - La Mancha;-3.3876474;38.760094
Valdepeñas;Ciudad Real;Castilla - La Mancha;-3.39245;38.84326
Torralba de Calatrava;Ciudad Real;Castilla - La Mancha;-3.7575321;39.022415
Montoro;Córdoba;Andalucía;-4.3232;38.038
Lucena;Córdoba;Andalucía;-4.485739;37.408848
Córdoba;Córdoba;Andalucía;-4.78933;37.90215
Córdoba;Córdoba;Andalucía;-4.73468;37.89848
Lucena;Córdoba;Andalucía;-4.491131;37.408806
Córdoba;Córdoba;Andalucía;-4.723948;37.90327
Córdoba;Córdoba;Andalucía;-4.781741;37.86788
Córdoba;Córdoba;Andalucía;-4.780831;37.883858
Espejo;Córdoba;Andalucía;-4.559241;37.67348
Villaviciosa de Córdoba;Córdoba;Andalucía;-5.01401;38.07482
Villanueva de Córdoba;Córdoba;Andalucía;-4.621966;38.321644
Córdoba;Córdoba;Andalucía;-4.762548;37.399357
Montemayor;Córdoba;Andalucía;-4.695302;37.644176
Cabra;Córdoba;Andalucía;-4.440176;37.475285
Carcabuey;Córdoba;Andalucía;-4.274673;37.44439
Espiel;Córdoba;Andalucía;-4.900421;38.129105
Aguilar de la Frontera;Córdoba;Andalucía;-4.654436;37.526005
Belalcázar;Córdoba;Andalucía;-5.162316;38.573616
Espejo;Córdoba;Andalucía;-4.555193;37.675327
Cañete de las Torres;Córdoba;Andalucía;-4.31894;37.8676
Lucena;Córdoba;Andalucía;-4.508612;37.38625
Espejo;Córdoba;Andalucía;-4.559241;37.67348
Córdoba;Córdoba;Andalucía;-4.785366;37.89126
Lucena;Córdoba;Andalucía;-4.50812;37.38573
Lucena;Córdoba;Andalucía;-4.50812;37.38573
Fernán-Núñez;Córdoba;Andalucía;-4.728098;37.66709
Córdoba;Córdoba;Andalucía;-4.758927;37.90578
Zuheros;Córdoba;Andalucía;-4.351037;37.54656
Montoro;Córdoba;Andalucía;-4.376796;38.010437
Córdoba;Córdoba;Andalucía;-4.792521;37.909348
Córdoba;Córdoba;Andalucía;-4.7914;37.8778
Córdoba;Córdoba;Andalucía;-4.784684;37.884815
Córdoba;Córdoba;Andalucía;-4.784714;37.884785
Cabra;Córdoba;Andalucía;-4.58906;37.47615
Carlota, La;Córdoba;Andalucía;-4.94212;37.664875
Espiel;Córdoba;Andalucía;-4.900858;38.126163
Rambla, La;Córdoba;Andalucía;-4.695174;37.614117
Córdoba;Córdoba;Andalucía;-4.758799;37.904846
Rute;Córdoba;Andalucía;-4.373766;37.32506
Córdoba;Córdoba;Andalucía;-4.809633;37.89315
Córdoba;Córdoba;Andalucía;-4.796231;37.906536
Baena;Córdoba;Andalucía;-4.320113;37.616573
Montilla;Córdoba;Andalucía;-4.641022;37.584293
Córdoba;Córdoba;Andalucía;-4.767186;37.892735
Córdoba;Córdoba;Andalucía;-4.768967;37.900654
Córdoba;Córdoba;Andalucía;-4.736448;37.899647
Córdoba;Córdoba;Andalucía;-4.765829;37.887287
Córdoba;Córdoba;Andalucía;-4.766204;37.87708
Palma del Río;Córdoba;Andalucía;-5.276997;37.702827
Lucena;Córdoba;Andalucía;-4.551031;37.440716
Córdoba;Córdoba;Andalucía;-4.804149;37.884632
Córdoba;Córdoba;Andalucía;-4.809957;37.797626
Córdoba;Córdoba;Andalucía;-4.784674;37.884758
Cabra;Córdoba;Andalucía;-4.589134;37.475967
Belmez;Córdoba;Andalucía;-5.2077413;38.267597
Córdoba;Córdoba;Andalucía;-4.720352;37.913322
Córdoba;Córdoba;Andalucía;-4.7938156;37.864883
Córdoba;Córdoba;Andalucía;-4.780853;37.87937
Córdoba;Córdoba;Andalucía;-4.7806697;37.879353
Córdoba;Córdoba;Andalucía;-4.7879605;37.881233
Córdoba;Córdoba;Andalucía;-4.785316;37.86389
Córdoba;Córdoba;Andalucía;-4.8001423;37.90794
Oleiros;Coruña, A;Galicia;-8.36636;43.32953
Oleiros;Coruña, A;Galicia;-8.36636;43.32953
Santiago de Compostela;Coruña, A;Galicia;-8.55084;42.8715
Coruña, A;Coruña, A;Galicia;-8.43148;43.3507
Narón;Coruña, A;Galicia;-8.198955;43.48942
Coruña, A;Coruña, A;Galicia;-8.429914;43.344467
Coruña, A;Coruña, A;Galicia;-8.422831;43.350643
Monfero;Coruña, A;Galicia;-7.979763;43.308174
Santiago de Compostela;Coruña, A;Galicia;-8.509587;42.90209
Rianxo;Coruña, A;Galicia;-8.832281;42.68131
Betanzos;Coruña, A;Galicia;-8.214091;43.275963
Ferrol;Coruña, A;Galicia;-8.227173;43.484993
Coruña, A;Coruña, A;Galicia;-8.398154;43.35557
Ferrol;Coruña, A;Galicia;-8.204868;43.487812
Oleiros;Coruña, A;Galicia;-8.36378;43.327003
Coruña, A;Coruña, A;Galicia;-8.419643;43.34722
Santiago de Compostela;Coruña, A;Galicia;-8.492398;42.910057
Santa Comba;Coruña, A;Galicia;-8.817667;43.027283
Pino, O;Coruña, A;Galicia;-8.391931;42.926003
Fene;Coruña, A;Galicia;-8.170064;43.449886
Santa Comba;Coruña, A;Galicia;-8.854569;43.056305
Coruña, A;Coruña, A;Galicia;-8.420864;43.349804
Pontes de García Rodríguez, As;Coruña, A;Galicia;-7.987354;43.43627
Santiago de Compostela;Coruña, A;Galicia;-8.51366;42.904175
Santiago de Compostela;Coruña, A;Galicia;-8.54304;42.87348
Santiago de Compostela;Coruña, A;Galicia;-8.547001;42.87898
Santiago de Compostela;Coruña, A;Galicia;-8.547001;42.87898
Santiago de Compostela;Coruña, A;Galicia;-8.534488;42.887993
Santiago de Compostela;Coruña, A;Galicia;-8.534488;42.887993
Santiago de Compostela;Coruña, A;Galicia;-8.54304;42.87348
Santiago de Compostela;Coruña, A;Galicia;-8.551651;42.87844
Santiago de Compostela;Coruña, A;Galicia;-8.551666;42.878426
Santiago de Compostela;Coruña, A;Galicia;-8.512924;42.884346
Arzúa;Coruña, A;Galicia;-8.144087;42.930157
Carballo;Coruña, A;Galicia;-8.690937;43.21501
Coruña, A;Coruña, A;Galicia;-8.402651;43.33353
Pobra do Caramiñal, A;Coruña, A;Galicia;-8.963855;42.60774
Cee;Coruña, A;Galicia;-9.191738;42.97304
Bergondo;Coruña, A;Galicia;-8.23206;43.26614
Ferrol;Coruña, A;Galicia;-8.221867;43.502872
Coruña, A;Coruña, A;Galicia;-8.419549;43.35884
Cambre;Coruña, A;Galicia;-8.360222;43.294277
Oleiros;Coruña, A;Galicia;-8.364246;43.326546
Coruña, A;Coruña, A;Galicia;-8.42954;43.354557
Santiago de Compostela;Coruña, A;Galicia;-8.502577;42.9046
Santiago de Compostela;Coruña, A;Galicia;-8.506444;42.913795
Ares;Coruña, A;Galicia;-8.245223;43.434216
Brión;Coruña, A;Galicia;-8.67721;42.866634
Oleiros;Coruña, A;Galicia;-8.985262;42.62134
Brión;Coruña, A;Galicia;-8.676272;42.863274
Culleredo;Coruña, A;Galicia;-8.381531;43.326637
Vimianzo;Coruña, A;Galicia;-9.034666;43.113277
Betanzos;Coruña, A;Galicia;-8.218406;43.275833
Coruña, A;Coruña, A;Galicia;-8.418917;43.36564
Cabana de Bergantiños;Coruña, A;Galicia;-8.935807;43.21903
Coruña, A;Coruña, A;Galicia;-8.418386;43.356266
Carral;Coruña, A;Galicia;-8.370424;43.290295
Cabana de Bergantiños;Coruña, A;Galicia;-8.929769;43.21936
Carballo;Coruña, A;Galicia;-8.69953;43.204525
Santiago de Compostela;Coruña, A;Galicia;-8.524061;42.90061
Oleiros;Coruña, A;Galicia;-8.305259;43.332813
Ferrol;Coruña, A;Galicia;-8.219678;43.512253
Coruña, A;Coruña, A;Galicia;-8.393277;43.35442
Narón;Coruña, A;Galicia;-8.186657;43.515087
Santiago de Compostela;Coruña, A;Galicia;-8.441766;42.899963
Narón;Coruña, A;Galicia;-8.216205;43.534386
Curtis;Coruña, A;Galicia;-7.967766;43.18165
Santiago de Compostela;Coruña, A;Galicia;-8.543329;42.88954
Aranga;Coruña, A;Galicia;-8.12946;43.234478
Culleredo;Coruña, A;Galicia;-8.427976;43.28225
Bergondo;Coruña, A;Galicia;-8.238773;43.275093
Melide;Coruña, A;Galicia;-7.987685;42.89863
Oleiros;Coruña, A;Galicia;-8.316096;43.32203
Ames;Coruña, A;Galicia;-8.616869;42.815662
Teo;Coruña, A;Galicia;-8.550182;42.77361
Santiago de Compostela;Coruña, A;Galicia;-8.559659;42.8724
Santiago de Compostela;Coruña, A;Galicia;-8.512693;42.88315
Cuenca;Cuenca;Castilla - La Mancha;-2.138847;40.05931
Motilla del Palancar;Cuenca;Castilla - La Mancha;-1.902784;39.552948
Atalaya del Cañavate;Cuenca;Castilla - La Mancha;-2.25491;39.538704
Cañete;Cuenca;Castilla - La Mancha;-1.6479;40.04108
Beteta;Cuenca;Castilla - La Mancha;-2.07737;40.57241
Graja de Iniesta;Cuenca;Castilla - La Mancha;-1.674444;39.51712
Tarancón;Cuenca;Castilla - La Mancha;-3.01901;40.006413
Atalaya del Cañavate;Cuenca;Castilla - La Mancha;-2.254855;39.538723
Saelices;Cuenca;Castilla - La Mancha;-2.805598;39.91926
Cuenca;Cuenca;Castilla - La Mancha;-2.129118;40.059708
Cuenca;Cuenca;Castilla - La Mancha;-2.121534;40.054325
Motilla del Palancar;Cuenca;Castilla - La Mancha;-1.902913;39.553684
Castillejo de Iniesta;Cuenca;Castilla - La Mancha;-1.753888;39.516518
Atalaya del Cañavate;Cuenca;Castilla - La Mancha;-2.158367;39.48435
Villares del Saz;Cuenca;Castilla - La Mancha;-2.576845;39.864933
San Clemente;Cuenca;Castilla - La Mancha;-2.4207;39.407837
Motilla del Palancar;Cuenca;Castilla - La Mancha;-1.913989;39.56518
Cuenca;Cuenca;Castilla - La Mancha;-2.134603;40.065903
Iniesta;Cuenca;Castilla - La Mancha;-1.743635;39.44027
Castillejo de Iniesta;Cuenca;Castilla - La Mancha;-1.752575;39.519478
Cuenca;Cuenca;Castilla - La Mancha;-2.13503;40.067764
Cuenca;Cuenca;Castilla - La Mancha;-2.137304;40.06427
Tragacete;Cuenca;Castilla - La Mancha;-1.85038;40.351433
Cuenca;Cuenca;Castilla - La Mancha;-2.11374;40.0247
Priego;Cuenca;Castilla - La Mancha;-2.318304;40.45157
Motilla del Palancar;Cuenca;Castilla - La Mancha;-1.90775;39.56109
Atalaya del Cañavate;Cuenca;Castilla - La Mancha;-2.15628;39.48489
Casas de Guijarro;Cuenca;Castilla - La Mancha;-2.200926;39.361763
Tarancón;Cuenca;Castilla - La Mancha;-2.95062;40.024387
Saelices;Cuenca;Castilla - La Mancha;-2.812996;39.921238
Honrubia;Cuenca;Castilla - La Mancha;-2.280002;39.59617
Almendros;Cuenca;Castilla - La Mancha;-2.8946514;39.946594
Cuenca;Cuenca;Castilla - La Mancha;-2.1255105;40.05582
Donostia/San Sebastián;Gipuzkoa;País Vasco;-1.949693;43.30434
Bergara;Gipuzkoa;País Vasco;-2.42466;43.12245
Azkoitia;Gipuzkoa;País Vasco;-2.308042;43.176823
Arrasate/Mondragón;Gipuzkoa;País Vasco;-2.52862;43.06546
Eibar;Gipuzkoa;País Vasco;-2.454243;43.190002
Hernani;Gipuzkoa;País Vasco;-1.96846;43.26708
Urretxu;Gipuzkoa;País Vasco;-2.319752;43.08752
Astigarraga;Gipuzkoa;País Vasco;-1.916705;43.281902
Irun;Gipuzkoa;País Vasco;-1.835486;43.32547
Urretxu;Gipuzkoa;País Vasco;-2.31326;43.092884
Olaberria;Gipuzkoa;País Vasco;-2.21688;43.039326
Eibar;Gipuzkoa;País Vasco;-2.488186;43.1802
Andoain;Gipuzkoa;País Vasco;-2.02355;43.22486
Oñati;Gipuzkoa;País Vasco;-2.427542;43.044132
Oiartzun;Gipuzkoa;País Vasco;-1.871469;43.318012
Irun;Gipuzkoa;País Vasco;-1.837503;43.319534
Donostia/San Sebastián;Gipuzkoa;País Vasco;-1.966242;43.297226
Arrasate/Mondragón;Gipuzkoa;País Vasco;-2.497361;43.048717
Ibarra;Gipuzkoa;País Vasco;-2.071293;43.144993
Hernani;Gipuzkoa;País Vasco;-1.999467;43.27765
Eibar;Gipuzkoa;País Vasco;-2.452464;43.194763
Donostia/San Sebastián;Gipuzkoa;País Vasco;-2.01131;43.30239
Bergara;Gipuzkoa;País Vasco;-2.406641;43.107967
Donostia/San Sebastián;Gipuzkoa;País Vasco;-1.979605;43.307114
Arrasate/Mondragón;Gipuzkoa;País Vasco;-2.487854;43.066063
Arrasate/Mondragón;Gipuzkoa;País Vasco;-2.489868;43.064278
Zarautz;Gipuzkoa;País Vasco;-2.146357;43.28983
Astigarraga;Gipuzkoa;País Vasco;-1.951196;43.280064
Beasain;Gipuzkoa;País Vasco;-2.214645;43.043774
Irun;Gipuzkoa;País Vasco;-1.818815;43.330833
Andoain;Gipuzkoa;País Vasco;-2.034829;43.20684
Donostia/San Sebastián;Gipuzkoa;País Vasco;-1.976873;43.32487
Donostia/San Sebastián;Gipuzkoa;País Vasco;-1.97686;43.324886
Usurbil;Gipuzkoa;País Vasco;-2.02397;43.275738
Usurbil;Gipuzkoa;País Vasco;-2.024;43.27577
Usurbil;Gipuzkoa;País Vasco;-2.02403;43.2758
Donostia/San Sebastián;Gipuzkoa;País Vasco;-2.022994;43.254353
Donostia/San Sebastián;Gipuzkoa;País Vasco;-1.985421;43.291573
Donostia/San Sebastián;Gipuzkoa;País Vasco;-1.973914;43.305283
Hondarribia;Gipuzkoa;País Vasco;-1.793754;43.361584
Oñati;Gipuzkoa;País Vasco;-2.409438;43.028366
Azkoitia;Gipuzkoa;País Vasco;-2.30361;43.17207
Zarautz;Gipuzkoa;País Vasco;-2.16392;43.281403
Eibar;Gipuzkoa;País Vasco;-2.480759;43.18279
Elgoibar;Gipuzkoa;País Vasco;-2.416841;43.213497
Arrasate/Mondragón;Gipuzkoa;País Vasco;-2.472951;43.071915
Arrasate/Mondragón;Gipuzkoa;País Vasco;-2.504542;43.062134
Donostia/San Sebastián;Gipuzkoa;País Vasco;-2.002232;43.30088
Azpeitia;Gipuzkoa;País Vasco;-2.264993;43.183456
Legazpi;Gipuzkoa;País Vasco;-2.333429;43.049667
Irun;Gipuzkoa;País Vasco;-1.81733;43.333755
Irun;Gipuzkoa;País Vasco;-1.787399;43.34746
Azpeitia;Gipuzkoa;País Vasco;-2.27147;43.17875
Donostia/San Sebastián;Gipuzkoa;País Vasco;-1.983945;43.3202
Donostia/San Sebastián;Gipuzkoa;País Vasco;-2.009245;43.309013
Donostia/San Sebastián;Gipuzkoa;País Vasco;-1.971778;43.323917
Donostia/San Sebastián;Gipuzkoa;País Vasco;-1.976835;43.306713
Bergara;Gipuzkoa;País Vasco;-2.423945;43.12585
Aia;Gipuzkoa;País Vasco;-2.092501;43.293633
Donostia/San Sebastián;Gipuzkoa;País Vasco;-2.069368;43.29887
Ibarra;Gipuzkoa;País Vasco;-2.093085;43.11622
Donostia/San Sebastián;Gipuzkoa;País Vasco;-2.009167;43.29666
Arrasate/Mondragón;Gipuzkoa;País Vasco;-2.506135;43.065926
Oiartzun;Gipuzkoa;País Vasco;-1.879497;43.31266
Arrasate/Mondragón;Gipuzkoa;País Vasco;-2.506171;43.06364
Irun;Gipuzkoa;País Vasco;-1.787072;43.346916
Azpeitia;Gipuzkoa;País Vasco;-2.250839;43.20866
Donostia/San Sebastián;Gipuzkoa;País Vasco;-1.984971;43.28683
Donostia/San Sebastián;Gipuzkoa;País Vasco;-1.98379;43.28704
Irun;Gipuzkoa;País Vasco;-1.760706;43.342266
Hernani;Gipuzkoa;País Vasco;-1.978935;43.277805
Hernani;Gipuzkoa;País Vasco;-1.982283;43.279854
Irun;Gipuzkoa;País Vasco;-1.796717;43.336178
Bidania-Goiatz;Gipuzkoa;País Vasco;-2.153495;43.138557
Urretxu;Gipuzkoa;País Vasco;-2.314996;43.095882
Urretxu;Gipuzkoa;País Vasco;-2.31455;43.08973
Urretxu;Gipuzkoa;País Vasco;-2.315503;43.09275
Urretxu;Gipuzkoa;País Vasco;-2.31914;43.082047
Azkoitia;Gipuzkoa;País Vasco;-2.312212;43.177456
Oiartzun;Gipuzkoa;País Vasco;-1.86867;43.31663
Olaberria;Gipuzkoa;País Vasco;-2.215967;43.042206
Donostia/San Sebastián;Gipuzkoa;País Vasco;-1.989006;43.311707
Donostia/San Sebastián;Gipuzkoa;País Vasco;-2.005333;43.296734
Donostia/San Sebastián;Gipuzkoa;País Vasco;-2.005388;43.296696
Donostia/San Sebastián;Gipuzkoa;País Vasco;-2.005463;43.296753
Donostia/San Sebastián;Gipuzkoa;País Vasco;-1.942979;43.299416
Donostia/San Sebastián;Gipuzkoa;País Vasco;-1.992691;43.31194
Donostia/San Sebastián;Gipuzkoa;País Vasco;-2.012309;43.301117
Donostia/San Sebastián;Gipuzkoa;País Vasco;-2.012254;43.301144
Elgoibar;Gipuzkoa;País Vasco;-2.406524;43.22136
Donostia/San Sebastián;Gipuzkoa;País Vasco;-2.04306;43.307793
Lazkao;Gipuzkoa;País Vasco;-2.189792;43.04167
Irun;Gipuzkoa;País Vasco;-1.765315;43.337906
Aduna;Gipuzkoa;País Vasco;-2.055118;43.177235
Aduna;Gipuzkoa;País Vasco;-2.054352;43.179886
Zarautz;Gipuzkoa;País Vasco;-2.158873;43.28479
Eibar;Gipuzkoa;País Vasco;-2.485073;43.181046
Irun;Gipuzkoa;País Vasco;-1.754291;43.341217
Andoain;Gipuzkoa;País Vasco;-2.023937;43.2248
Urretxu;Gipuzkoa;País Vasco;-2.315494;43.09287
Hernani;Gipuzkoa;País Vasco;-1.966318;43.259827
Donostia/San Sebastián;Gipuzkoa;País Vasco;-2.007033;43.31283
Donostia/San Sebastián;Gipuzkoa;País Vasco;-1.977145;43.324776
Hondarribia;Gipuzkoa;País Vasco;-1.80801;43.35885
Beasain;Gipuzkoa;País Vasco;-2.1991107;43.04624
Getaria;Gipuzkoa;País Vasco;-2.2026212;43.304478
Usurbil;Gipuzkoa;País Vasco;-2.0241046;43.276146
Usurbil;Gipuzkoa;País Vasco;-2.0241907;43.276146
Donostia/San Sebastián;Gipuzkoa;País Vasco;-1.9849907;43.291878
Donostia/San Sebastián;Gipuzkoa;País Vasco;-1.9848585;43.293545
Donostia/San Sebastián;Gipuzkoa;País Vasco;-1.9856485;43.29569
Donostia/San Sebastián;Gipuzkoa;País Vasco;-1.9863137;43.294125
Donostia/San Sebastián;Gipuzkoa;País Vasco;-1.9861099;43.294952
Donostia/San Sebastián;Gipuzkoa;País Vasco;-1.94121;43.29049
Irun;Gipuzkoa;País Vasco;-1.8175691;43.33188
Lezo;Gipuzkoa;País Vasco;-1.8705606;43.32707
Salt;Girona;Cataluña;2.78;41.9682
Salt;Girona;Cataluña;2.78;41.9682
Blanes;Girona;Cataluña;2.773378;41.677975
Blanes;Girona;Cataluña;2.773933;41.679405
Girona;Girona;Cataluña;2.808616;41.96509
Salt;Girona;Cataluña;2.787213;41.96719
Girona;Girona;Cataluña;2.818971;41.978104
Fontanilles;Girona;Cataluña;3.139234;42.014416
Camprodon;Girona;Cataluña;2.369;42.3135
Campelles;Girona;Cataluña;2.165874;42.35181
Campelles;Girona;Cataluña;2.171529;42.308956
Palau-sator;Girona;Cataluña;3.161718;41.96762
Girona;Girona;Cataluña;2.805762;41.9596
Fontcoberta;Girona;Cataluña;2.839095;42.152252
Blanes;Girona;Cataluña;2.773502;41.676785
Alp;Girona;Cataluña;1.942701;42.33725
Figueres;Girona;Cataluña;2.999237;42.268536
Ripoll;Girona;Cataluña;2.1951;42.19306
Blanes;Girona;Cataluña;2.776668;41.677784
Aiguaviva;Girona;Cataluña;2.77326;41.907253
Vilobí d'Onyar;Girona;Cataluña;2.770511;41.89873
Girona;Girona;Cataluña;2.8206;41.981342
Figueres;Girona;Cataluña;2.997957;42.26654
Figueres;Girona;Cataluña;2.997959;42.26657
Preses, Les;Girona;Cataluña;2.466856;42.153248
Llanars;Girona;Cataluña;2.346473;42.32106
Colera;Girona;Cataluña;3.152229;42.403614
Llagostera;Girona;Cataluña;2.916216;41.824474
Castell-Platja d'Aro;Girona;Cataluña;3.05239;41.803864
Castell-Platja d'Aro;Girona;Cataluña;3.059189;41.809494
Sant Feliu de Buixalleu;Girona;Cataluña;3.023665;41.78803
Llançà;Girona;Cataluña;3.153146;42.360188
Girona;Girona;Cataluña;2.8206;41.981342
Fontanilles;Girona;Cataluña;3.127402;42.03725
Palau-sator;Girona;Cataluña;3.193684;41.983753
Figueres;Girona;Cataluña;2.97686;42.26992
Salt;Girona;Cataluña;2.7794497;41.96904
Far d'Empordà, El;Girona;Cataluña;2.982384;42.2287
Castell-Platja d'Aro;Girona;Cataluña;3.063632;41.81763
Castell-Platja d'Aro;Girona;Cataluña;3.063799;41.817577
Castell-Platja d'Aro;Girona;Cataluña;3.063779;41.81756
Castell-Platja d'Aro;Girona;Cataluña;3.063632;41.81763
Castell-Platja d'Aro;Girona;Cataluña;3.063632;41.81763
Castell-Platja d'Aro;Girona;Cataluña;3.063632;41.81763
Blanes;Girona;Cataluña;2.7907;41.672108
Blanes;Girona;Cataluña;2.79067;41.672077
Girona;Girona;Cataluña;2.822136;41.987076
Cadaqués;Girona;Cataluña;3.2742;42.289
Cadaqués;Girona;Cataluña;3.2742;42.289
Cadaqués;Girona;Cataluña;3.2742;42.289
Cadaqués;Girona;Cataluña;3.2742;42.289
Girona;Girona;Cataluña;2.822127;41.987007
Puigcerdà;Girona;Cataluña;1.926395;42.43329
Puigcerdà;Girona;Cataluña;1.926395;42.43329
Girona;Girona;Cataluña;2.820589;41.981113
Preses, Les;Girona;Cataluña;2.45822;42.14252
Preses, Les;Girona;Cataluña;2.45819;42.14249
Calonge i Sant Antoni;Girona;Cataluña;3.073229;41.866592
Cassà de la Selva;Girona;Cataluña;2.877785;41.891026
Escala, L';Girona;Cataluña;3.125039;42.11087
Girona;Girona;Cataluña;2.806262;41.962566
Calonge i Sant Antoni;Girona;Cataluña;3.088546;41.837994
Girona;Girona;Cataluña;2.83716;41.9674
Escala, L';Girona;Cataluña;3.125014;42.1108
Begur;Girona;Cataluña;3.203007;41.977406
Ripoll;Girona;Cataluña;2.192885;42.19817
Puigcerdà;Girona;Cataluña;1.940943;42.441353
Castell-Platja d'Aro;Girona;Cataluña;3.054535;41.806576
Cadaqués;Girona;Cataluña;3.2737;42.289085
Girona;Girona;Cataluña;2.822127;41.987007
Banyoles;Girona;Cataluña;2.767986;42.114155
Sils;Girona;Cataluña;2.73981;41.81538
Figueres;Girona;Cataluña;2.963795;42.265972
Salt;Girona;Cataluña;2.800649;41.968987
Girona;Girona;Cataluña;2.837145;41.967384
Blanes;Girona;Cataluña;2.774209;41.678284
Girona;Girona;Cataluña;2.822142;41.987022
Blanes;Girona;Cataluña;2.792262;41.683544
Cassà de la Selva;Girona;Cataluña;2.88441;41.863235
Blanes;Girona;Cataluña;2.779421;41.668457
Girona;Girona;Cataluña;2.822808;41.978714
Ripoll;Girona;Cataluña;2.188464;42.199245
Puigcerdà;Girona;Cataluña;1.926413;42.433186
Girona;Girona;Cataluña;2.820441;41.981445
Guils de Cerdanya;Girona;Cataluña;1.906463;42.443737
Amer;Girona;Cataluña;2.592158;42.02415
Girona;Girona;Cataluña;2.805979;41.956776
Puigcerdà;Girona;Cataluña;1.923394;42.423355
Blanes;Girona;Cataluña;2.774189;41.678253
Figueres;Girona;Cataluña;2.96378;42.26596
Cornellà del Terri;Girona;Cataluña;2.802563;42.094643
Salt;Girona;Cataluña;2.78265;41.966415
Campelles;Girona;Cataluña;2.139885;42.295708
Olot;Girona;Cataluña;2.497409;42.186142
Salt;Girona;Cataluña;2.783767;41.967327
Figueres;Girona;Cataluña;2.970678;42.243736
Salt;Girona;Cataluña;2.78724;41.972294
Olot;Girona;Cataluña;2.497409;42.186142
Salt;Girona;Cataluña;2.783601;41.967503
Salt;Girona;Cataluña;2.783601;41.967503
Santa Cristina d'Aro;Girona;Cataluña;2.97695;41.823563
Llanars;Girona;Cataluña;2.346434;42.3211
Girona;Girona;Cataluña;2.8112;41.960426
Caldes de Malavella;Girona;Cataluña;2.808307;41.837162
Caldes de Malavella;Girona;Cataluña;2.808307;41.837162
Blanes;Girona;Cataluña;2.79064;41.67206
Llagostera;Girona;Cataluña;2.953567;41.827873
Far d'Empordà, El;Girona;Cataluña;2.963316;42.230286
Lloret de Mar;Girona;Cataluña;2.8307858;41.71371
Castell-Platja d'Aro;Girona;Cataluña;3.0570407;41.816124
Aiguaviva;Girona;Cataluña;2.771696;41.90578
Agullana;Girona;Cataluña;2.874348;42.405586
Celrà;Girona;Cataluña;2.865273;42.025463
Jonquera, La;Girona;Cataluña;2.880505;42.39862
Girona;Girona;Cataluña;2.809102;41.966427
Fontanilles;Girona;Cataluña;3.14084;42.04247
Torroella de Montgrí;Girona;Cataluña;3.117219;42.045395
Jonquera, La;Girona;Cataluña;2.882151;42.398193
Lloret de Mar;Girona;Cataluña;2.835205;41.708683
Cadaqués;Girona;Cataluña;3.276173;42.290028
Olot;Girona;Cataluña;2.505046;42.189835
Puigcerdà;Girona;Cataluña;1.936314;42.43267
Olot;Girona;Cataluña;2.482602;42.192814
Camprodon;Girona;Cataluña;2.359086;42.30436
Palafrugell;Girona;Cataluña;3.154719;41.911335
Escala, L';Girona;Cataluña;3.121875;42.124638
Escala, L';Girona;Cataluña;3.13145;41.86169
Girona;Girona;Cataluña;2.808664;41.96565
Alp;Girona;Cataluña;1.872652;42.362133
Jonquera, La;Girona;Cataluña;2.87942;42.40247
Girona;Girona;Cataluña;2.8114;41.96196
Caldes de Malavella;Girona;Cataluña;2.807591;41.837803
Banyoles;Girona;Cataluña;2.756792;42.117718
Banyoles;Girona;Cataluña;2.764765;42.11912
Banyoles;Girona;Cataluña;2.762317;42.12587
Blanes;Girona;Cataluña;2.80045;41.67551
Avinyonet de Puigventós;Girona;Cataluña;2.910867;42.250843
Roses;Girona;Cataluña;3.181156;42.25581
Escala, L';Girona;Cataluña;3.149316;42.119003
Llançà;Girona;Cataluña;3.164216;42.37199
Port de la Selva, El;Girona;Cataluña;3.203374;42.338314
Sant Feliu de Buixalleu;Girona;Cataluña;3.036449;41.780663
Escala, L';Girona;Cataluña;3.128039;41.845394
Figueres;Girona;Cataluña;2.968559;42.266197
Figueres;Girona;Cataluña;2.959009;42.268898
Figueres;Girona;Cataluña;2.970576;42.26577
Sant Pere Pescador;Girona;Cataluña;3.108388;42.177193
Sant Pere Pescador;Girona;Cataluña;3.108316;42.17719
Espolla;Girona;Cataluña;3.002428;42.39144
Lloret de Mar;Girona;Cataluña;2.836668;41.6967
Lloret de Mar;Girona;Cataluña;2.83678;41.703358
Lloret de Mar;Girona;Cataluña;2.848269;41.69879
Pont de Molins;Girona;Cataluña;2.930873;42.316437
Santa Cristina d'Aro;Girona;Cataluña;2.999541;41.811066
Santa Cristina d'Aro;Girona;Cataluña;2.999541;41.811066
Vilablareix;Girona;Cataluña;2.799911;41.954872
Begur;Girona;Cataluña;3.20755;41.953556
Begur;Girona;Cataluña;3.207578;41.95349
Begur;Girona;Cataluña;3.205588;41.957043
Begur;Girona;Cataluña;3.205551;41.95701
Capmany;Girona;Cataluña;2.92272;42.374393
Torrent;Girona;Cataluña;3.128597;41.95172
Lloret de Mar;Girona;Cataluña;2.662512;41.86148
Palau-sator;Girona;Cataluña;3.159175;41.956966
Roses;Girona;Cataluña;3.178451;42.26021
Vilablareix;Girona;Cataluña;2.793376;41.95583
Roses;Girona;Cataluña;3.171301;42.264854
Roses;Girona;Cataluña;3.178917;42.26352
Vidreres;Girona;Cataluña;2.78033;41.790073
Amer;Girona;Cataluña;2.601232;42.010418
Amer;Girona;Cataluña;2.601232;42.010418
Vall d'en Bas, La;Girona;Cataluña;2.453448;42.120033
Figueres;Girona;Cataluña;2.969787;42.256325
Figueres;Girona;Cataluña;2.966869;42.268986
Figueres;Girona;Cataluña;2.966682;42.259785
Caldes de Malavella;Girona;Cataluña;2.808608;41.835743
Caldes de Malavella;Girona;Cataluña;2.808712;41.838642
Roses;Girona;Cataluña;3.178917;42.26352
Far d'Empordà, El;Girona;Cataluña;2.996561;42.25103
Palau-sator;Girona;Cataluña;3.147312;41.96873
Llagostera;Girona;Cataluña;2.893062;41.825645
Fornells de la Selva;Girona;Cataluña;2.812702;41.93097
Bescanó;Girona;Cataluña;2.737352;41.96455
Roses;Girona;Cataluña;3.181355;42.25659
Roses;Girona;Cataluña;3.181342;42.25664
Roses;Girona;Cataluña;3.181331;42.2567
Roses;Girona;Cataluña;3.181315;42.25676
Girona;Girona;Cataluña;2.796217;41.98717
Girona;Girona;Cataluña;2.791334;41.988716
Girona;Girona;Cataluña;2.791335;41.988743
Girona;Girona;Cataluña;2.791323;41.98877
Cruïlles, Monells i Sant Sadurní de l'Heura;Girona;Cataluña;2.99326;41.957703
Jonquera, La;Girona;Cataluña;2.872906;42.4167
Vilobí d'Onyar;Girona;Cataluña;2.769086;41.900486
Borrassà;Girona;Cataluña;2.556334;41.748283
Borrassà;Girona;Cataluña;2.562573;41.747017
Castelló d'Empúries;Girona;Cataluña;3.128865;42.243862
Castelló d'Empúries;Girona;Cataluña;3.125978;42.24481
Castell-Platja d'Aro;Girona;Cataluña;3.068014;41.816097
Palol de Revardit;Girona;Cataluña;2.8117657;42.06316
Alp;Girona;Cataluña;1.96012;42.324493
Banyoles;Girona;Cataluña;2.775639;42.11439
Vilobí d'Onyar;Girona;Cataluña;2.770511;41.89873
Figueres;Girona;Cataluña;2.963613;42.257084
Banyoles;Girona;Cataluña;2.762567;42.124496
Girona;Girona;Cataluña;2.810982;41.962296
Blanes;Girona;Cataluña;2.78037;41.6674
Salt;Girona;Cataluña;2.781624;41.96563
Calonge i Sant Antoni;Girona;Cataluña;3.072718;41.858356
Cassà de la Selva;Girona;Cataluña;2.867366;41.887054
Alp;Girona;Cataluña;1.916224;42.392773
Alp;Girona;Cataluña;1.891589;42.38491
Figueres;Girona;Cataluña;2.970646;42.24087
Ripoll;Girona;Cataluña;2.775548;41.990276
Ripoll;Girona;Cataluña;2.759202;41.985764
Calonge i Sant Antoni;Girona;Cataluña;3.076292;41.861206
Calonge i Sant Antoni;Girona;Cataluña;3.100938;41.846996
Jonquera, La;Girona;Cataluña;2.880578;42.40662
Llívia;Girona;Cataluña;1.98021;42.46672
Alp;Girona;Cataluña;1.9570138;42.345238
Alp;Girona;Cataluña;1.9365222;42.336884
Vallfogona de Ripollès;Girona;Cataluña;2.3058267;42.19716
Alp;Girona;Cataluña;1.8843437;42.372997
Llers;Girona;Cataluña;2.9380121;42.299545
Ripoll;Girona;Cataluña;2.189451;42.20086
Ripoll;Girona;Cataluña;2.1957667;42.191795
Jonquera, La;Girona;Cataluña;2.8761978;42.410637
Bubión;Granada;Andalucía;-3.355497;36.95068
Huétor Tájar;Granada;Andalucía;-4.130184;37.163635
Granada;Granada;Andalucía;-3.612204;37.181522
Granada;Granada;Andalucía;-3.60905;37.18754
Baza;Granada;Andalucía;-2.73867;37.50821
Salobreña;Granada;Andalucía;-3.584;36.746334
Baza;Granada;Andalucía;-2.763191;37.495445
Peligros;Granada;Andalucía;-3.63566;37.228523
Almuñécar;Granada;Andalucía;-3.688359;36.735996
Motril;Granada;Andalucía;-3.512435;36.73629
Gabias, Las;Granada;Andalucía;-3.672596;37.1494
Granada;Granada;Andalucía;-3.598623;37.17175
Granada;Granada;Andalucía;-3.605776;37.167313
Granada;Granada;Andalucía;-3.595132;37.166847
Granada;Granada;Andalucía;-3.610578;37.190205
Granada;Granada;Andalucía;-3.607633;37.1933
Granada;Granada;Andalucía;-3.603568;37.184093
Benalúa;Granada;Andalucía;-3.641808;37.197582
Atarfe;Granada;Andalucía;-3.696785;37.218796
Vegas del Genil;Granada;Andalucía;-3.664079;37.176186
Granada;Granada;Andalucía;-3.615263;37.202038
Alhendín;Granada;Andalucía;-3.64908;37.085808
Dílar;Granada;Andalucía;-2.958882;37.1872
Dílar;Granada;Andalucía;-2.958882;37.1872
Cacín;Granada;Andalucía;-3.960243;37.18563
Cúllar;Granada;Andalucía;-2.46555;37.592896
Cúllar;Granada;Andalucía;-2.465149;37.591595
Cúllar;Granada;Andalucía;-2.465149;37.591595
Granada;Granada;Andalucía;-3.605239;37.180065
Granada;Granada;Andalucía;-3.605239;37.180065
Granada;Granada;Andalucía;-3.605202;37.179993
Granada;Granada;Andalucía;-3.605239;37.180065
Granada;Granada;Andalucía;-3.605239;37.180065
Granada;Granada;Andalucía;-3.605239;37.180065
Granada;Granada;Andalucía;-3.614421;37.177303
Granada;Granada;Andalucía;-3.613221;37.178066
Motril;Granada;Andalucía;-3.513338;36.737743
Huétor Tájar;Granada;Andalucía;-4.124414;37.159813
Monachil;Granada;Andalucía;-3.399419;37.09326
Granada;Granada;Andalucía;-3.605216;37.180088
Granada;Granada;Andalucía;-3.6048;37.1677
Peligros;Granada;Andalucía;-3.640898;37.227634
Monachil;Granada;Andalucía;-3.399329;37.09317
Granada;Granada;Andalucía;-3.604362;37.160805
Monachil;Granada;Andalucía;-3.399724;37.09337
Monachil;Granada;Andalucía;-3.399359;37.0932
Alhendín;Granada;Andalucía;-3.64908;37.085808
Peligros;Granada;Andalucía;-3.640769;37.227634
Cúllar Vega;Granada;Andalucía;-3.662879;37.148697
Granada;Granada;Andalucía;-3.572589;37.164692
Granada;Granada;Andalucía;-3.606938;37.18657
Granada;Granada;Andalucía;-3.606968;37.1866
Granada;Granada;Andalucía;-3.610366;37.187366
Granada;Granada;Andalucía;-3.610336;37.187366
Motril;Granada;Andalucía;-3.514795;36.745857
Motril;Granada;Andalucía;-3.514765;36.745827
Baza;Granada;Andalucía;-2.76711;37.48637
Cacín;Granada;Andalucía;-3.958642;37.184185
Cacín;Granada;Andalucía;-3.958342;37.183884
Benalúa;Granada;Andalucía;-3.636363;37.19073
Benalúa;Granada;Andalucía;-3.624444;37.183548
Motril;Granada;Andalucía;-3.522618;36.754414
Baza;Granada;Andalucía;-3.129388;37.29819
Armilla;Granada;Andalucía;-3.599544;37.160618
Cogollos de la Vega;Granada;Andalucía;-3.6212;37.215
Atarfe;Granada;Andalucía;-3.691467;37.216476
Chauchina;Granada;Andalucía;-3.779008;37.192055
Almuñécar;Granada;Andalucía;-3.696529;36.73234
Atarfe;Granada;Andalucía;-3.687706;37.218777
Monachil;Granada;Andalucía;-3.569166;37.137367
Cogollos de la Vega;Granada;Andalucía;-3.619578;37.215015
Diezma;Granada;Andalucía;-3.32401;37.31801
Granada;Granada;Andalucía;-3.605122;37.176517
Benalúa;Granada;Andalucía;-3.63641;37.19723
Cogollos de la Vega;Granada;Andalucía;-3.619604;37.21175
Diezma;Granada;Andalucía;-3.32401;37.31801
Motril;Granada;Andalucía;-3.5119;36.7424
Benalúa;Granada;Andalucía;-3.623;37.18773
Huéscar;Granada;Andalucía;-2.54443;37.80401
Albolote;Granada;Andalucía;-3.649455;37.232986
Huétor Tájar;Granada;Andalucía;-4.13142;37.16334
Cortes y Graena;Granada;Andalucía;-3.266203;37.32262
Campotéjar;Granada;Andalucía;-3.612599;37.48122
Huétor Tájar;Granada;Andalucía;-4.056714;37.181763
Iznalloz;Granada;Andalucía;-3.637788;37.52801
Loja;Granada;Andalucía;-4.284149;37.13427
Motril;Granada;Andalucía;-3.53972;36.72439
Güéjar Sierra;Granada;Andalucía;-3.507243;37.161804
Polopos;Granada;Andalucía;-3.301643;36.741142
Albuñuelas;Granada;Andalucía;-3.605657;36.987034
Albolote;Granada;Andalucía;-3.675543;37.285664
Salobreña;Granada;Andalucía;-3.621349;36.74432
Granada;Granada;Andalucía;-3.6015508;37.177063
Uceda;Guadalajara;Castilla - La Mancha;-3.498464;40.789047
Guadalajara;Guadalajara;Castilla - La Mancha;-3.156205;40.644882
Casar, El;Guadalajara;Castilla - La Mancha;-3.435993;40.698334
Guadalajara;Guadalajara;Castilla - La Mancha;-3.157759;40.634346
Guadalajara;Guadalajara;Castilla - La Mancha;-3.164314;40.621197
Checa;Guadalajara;Castilla - La Mancha;-1.79;40.5858
Guadalajara;Guadalajara;Castilla - La Mancha;-3.150806;40.631405
Azuqueca de Henares;Guadalajara;Castilla - La Mancha;-3.24951;40.57081
Uceda;Guadalajara;Castilla - La Mancha;-3.464613;40.844917
Guadalajara;Guadalajara;Castilla - La Mancha;-3.189736;40.636135
Sigüenza;Guadalajara;Castilla - La Mancha;-2.63869;41.06853
Cabanillas del Campo;Guadalajara;Castilla - La Mancha;-3.237297;40.630894
Azuqueca de Henares;Guadalajara;Castilla - La Mancha;-3.26913;40.56365
Marchamalo;Guadalajara;Castilla - La Mancha;-3.196825;40.662827
Guadalajara;Guadalajara;Castilla - La Mancha;-3.150551;40.63861
Alovera;Guadalajara;Castilla - La Mancha;-3.251841;40.593533
Guadalajara;Guadalajara;Castilla - La Mancha;-3.1877;40.629383
Guadalajara;Guadalajara;Castilla - La Mancha;-3.187181;40.637863
Pastrana;Guadalajara;Castilla - La Mancha;-2.922993;40.420067
Campillo de Ranas;Guadalajara;Castilla - La Mancha;-3.234057;41.129498
Campillo de Ranas;Guadalajara;Castilla - La Mancha;-3.234027;41.129475
Guadalajara;Guadalajara;Castilla - La Mancha;-3.167934;40.631886
Guadalajara;Guadalajara;Castilla - La Mancha;-3.167944;40.631893
Espinosa de Henares;Guadalajara;Castilla - La Mancha;-2.994463;40.774384
Alovera;Guadalajara;Castilla - La Mancha;-3.2253006;40.594845
Alovera;Guadalajara;Castilla - La Mancha;-3.235845;40.57948
Azuqueca de Henares;Guadalajara;Castilla - La Mancha;-3.277337;40.55625
Guadalajara;Guadalajara;Castilla - La Mancha;-3.151164;40.640163
Algora;Guadalajara;Castilla - La Mancha;-2.713923;40.92805
Sacedón;Guadalajara;Castilla - La Mancha;-2.733142;40.48325
Cabanillas del Campo;Guadalajara;Castilla - La Mancha;-3.233835;40.63071
Guadalajara;Guadalajara;Castilla - La Mancha;-3.184788;40.63336
Estriégana;Guadalajara;Castilla - La Mancha;-2.528108;41.031166
Azuqueca de Henares;Guadalajara;Castilla - La Mancha;-3.268033;40.565453
Cabanillas del Campo;Guadalajara;Castilla - La Mancha;-3.245475;40.65465
Casar, El;Guadalajara;Castilla - La Mancha;-3.4311576;40.70298
Sigüenza;Guadalajara;Castilla - La Mancha;-2.647262;41.061893
Santa Olalla del Cala;Huelva;Andalucía;-6.2211;37.9042
Huelva;Huelva;Andalucía;-6.92297;37.26511
Gibraleón;Huelva;Andalucía;-6.962499;37.37669
Almonte;Huelva;Andalucía;-6.512055;37.23318
Palma del Condado, La;Huelva;Andalucía;-6.54288;37.36031
Huelva;Huelva;Andalucía;-6.91441;37.2726
Cartaya;Huelva;Andalucía;-7.130397;37.25926
Santa Olalla del Cala;Huelva;Andalucía;-6.789409;37.334072
Santa Olalla del Cala;Huelva;Andalucía;-6.8012576;37.331757
Almonte;Huelva;Andalucía;-6.564699;37.00844
Almonte;Huelva;Andalucía;-6.564669;37.008408
Minas de Riotinto;Huelva;Andalucía;-6.596805;37.69631
Santa Olalla del Cala;Huelva;Andalucía;-6.2208;37.903023
Lepe;Huelva;Andalucía;-7.19851;37.24739
Huelva;Huelva;Andalucía;-6.950165;37.25318
Huelva;Huelva;Andalucía;-6.949754;37.253284
Galaroza;Huelva;Andalucía;-6.71536;37.925247
Minas de Riotinto;Huelva;Andalucía;-6.596805;37.69631
Almonaster la Real;Huelva;Andalucía;-6.78102;37.86944
Ayamonte;Huelva;Andalucía;-7.394764;37.19592
Ayamonte;Huelva;Andalucía;-7.394794;37.19595
Huelva;Huelva;Andalucía;-6.95822;37.25845
Huelva;Huelva;Andalucía;-6.95825;37.258476
Aroche;Huelva;Andalucía;-6.95272;37.94453
Cerro de Andévalo, El;Huelva;Andalucía;-6.937829;37.73214
Cartaya;Huelva;Andalucía;-7.1477;37.28933
Niebla;Huelva;Andalucía;-6.67828;37.36286
Manzanilla;Huelva;Andalucía;-6.429557;37.387856
Galaroza;Huelva;Andalucía;-6.71509;37.92561
Isla Cristina;Huelva;Andalucía;-7.236288;37.205437
Ayamonte;Huelva;Andalucía;-7.3748;37.174038
Isla Cristina;Huelva;Andalucía;-7.321512;37.196507
Isla Cristina;Huelva;Andalucía;-7.321572;37.196568
Huelva;Huelva;Andalucía;-6.94709;37.25639
Huelva;Huelva;Andalucía;-6.94706;37.256416
Lepe;Huelva;Andalucía;-7.195952;37.267204
Huelva;Huelva;Andalucía;-6.953632;37.256447
Huelva;Huelva;Andalucía;-6.953662;37.256477
Santa Olalla del Cala;Huelva;Andalucía;-6.220952;37.902946
Aljaraque;Huelva;Andalucía;-6.980903;37.18755
Aljaraque;Huelva;Andalucía;-6.980873;37.18752
Isla Cristina;Huelva;Andalucía;-7.321542;37.196537
Aljaraque;Huelva;Andalucía;-6.980933;37.18758
Aljaraque;Huelva;Andalucía;-6.980888;37.187553
Aljaraque;Huelva;Andalucía;-6.980873;37.18752
Isla Cristina;Huelva;Andalucía;-7.238219;37.214542
Almonte;Huelva;Andalucía;-6.515787;37.26023
Chucena;Huelva;Andalucía;-6.423251;37.348347
Chucena;Huelva;Andalucía;-6.423124;37.34687
Santa Olalla del Cala;Huelva;Andalucía;-6.221767;37.90426
Aljaraque;Huelva;Andalucía;-6.972194;37.191856
Huelva;Huelva;Andalucía;-6.921958;37.2719
Huelva;Huelva;Andalucía;-6.959644;37.262466
Huelva;Huelva;Andalucía;-6.87324;37.30626
Huelva;Huelva;Andalucía;-6.873187;37.306282
Palma del Condado, La;Huelva;Andalucía;-6.556207;37.386017
Cortegana;Huelva;Andalucía;-6.82365;37.91684
Niebla;Huelva;Andalucía;-6.676219;37.351433
Huelva;Huelva;Andalucía;-6.942805;37.264187
Campofrío;Huelva;Andalucía;-6.57694;37.76577
Calañas;Huelva;Andalucía;-6.87706;37.65101
Lepe;Huelva;Andalucía;-7.178576;37.283684
Ayamonte;Huelva;Andalucía;-7.336674;37.186493
Huelva;Huelva;Andalucía;-6.9479313;37.25565
Sallent de Gállego;Huesca;Aragón;-0.358167;42.77851
Sotonera, La;Huesca;Aragón;-0.581902;42.226482
Benasque;Huesca;Aragón;0.521946;42.60181
Sallent de Gállego;Huesca;Aragón;-0.3608;42.773
Benasque;Huesca;Aragón;0.54067;42.59439
Sallent de Gállego;Huesca;Aragón;-0.3331;42.7718
Binéfar;Huesca;Aragón;0.299917;41.841305
Barbastro;Huesca;Aragón;0.053188;42.0249
Barbastro;Huesca;Aragón;0.141634;42.00594
Panticosa;Huesca;Aragón;-0.234075;42.759426
Alquézar;Huesca;Aragón;0.0224;42.17205
Alquézar;Huesca;Aragón;0.02246;42.172054
Sallent de Gállego;Huesca;Aragón;-0.315721;42.73667
Benasque;Huesca;Aragón;0.527233;42.61206
Benasque;Huesca;Aragón;0.527203;42.612057
Benabarre;Huesca;Aragón;0.485232;42.101185
Aisa;Huesca;Aragón;-0.508251;42.808887
Sallent de Gállego;Huesca;Aragón;-0.315724;42.736675
Huesca;Huesca;Aragón;-0.458078;42.107555
Huesca;Huesca;Aragón;-0.41966;42.131214
Monzón;Huesca;Aragón;0.163698;41.92648
Fraga;Huesca;Aragón;0.338313;41.52554
Almudévar;Huesca;Aragón;-0.575526;42.036148
Villanúa;Huesca;Aragón;-0.532819;42.678593
Bierge;Huesca;Aragón;-0.076162;42.27969
Monzón;Huesca;Aragón;0.19666;41.91117
Osso de Cinca;Huesca;Aragón;0.187948;41.672405
Boltaña;Huesca;Aragón;0.086841;42.434525
Jaca;Huesca;Aragón;-0.564643;42.56542
Barbastro;Huesca;Aragón;0.104773;42.03354
Santa Cilia;Huesca;Aragón;-0.67917;42.55511
Canal de Berdún;Huesca;Aragón;-0.857265;42.599594
Grañén;Huesca;Aragón;-0.3653157;41.94167
Broto;Huesca;Aragón;-0.1186829;42.499237
Biescas;Huesca;Aragón;-0.3423167;42.526527
Jaca;Huesca;Aragón;-0.5638253;42.564102
Jaén;Jaén;Andalucía;-3.808492;37.780975
Bailén;Jaén;Andalucía;-3.78294;38.090443
Úbeda;Jaén;Andalucía;-3.371358;38.019615
Linares;Jaén;Andalucía;-3.650127;38.092113
Jaén;Jaén;Andalucía;-3.771396;37.81658
Baeza;Jaén;Andalucía;-3.475624;37.99165
Siles;Jaén;Andalucía;-2.584958;38.390366
Torredonjimeno;Jaén;Andalucía;-3.938218;37.762936
Puente de Génave;Jaén;Andalucía;-2.79867;38.35731
Andújar;Jaén;Andalucía;-4.05365;38.02212
Beas de Segura;Jaén;Andalucía;-2.890412;38.251087
Puente de Génave;Jaén;Andalucía;-2.79871;38.35735
Bailén;Jaén;Andalucía;-3.768732;38.093502
Carboneros;Jaén;Andalucía;-3.628143;38.228325
Úbeda;Jaén;Andalucía;-3.370622;38.01999
Jaén;Jaén;Andalucía;-3.756766;37.77904
Andújar;Jaén;Andalucía;-4.038533;38.03626
Andújar;Jaén;Andalucía;-4.054892;38.03238
Segura de la Sierra;Jaén;Andalucía;-2.651178;38.298702
Alcaudete;Jaén;Andalucía;-4.073916;37.65795
Jaén;Jaén;Andalucía;-3.791362;37.792957
Andújar;Jaén;Andalucía;-4.056944;38.03624
Jaén;Jaén;Andalucía;-3.776479;37.784412
Carolina, La;Jaén;Andalucía;-3.610011;38.27228
Porcuna;Jaén;Andalucía;-4.176183;37.872936
Bailén;Jaén;Andalucía;-3.777854;38.09286
Andújar;Jaén;Andalucía;-4.040899;38.039238
Linares;Jaén;Andalucía;-3.631277;38.088108
Jaén;Jaén;Andalucía;-3.78853;37.79066
Marmolejo;Jaén;Andalucía;-4.164194;38.029778
Mengíbar;Jaén;Andalucía;-3.80371;37.97308
Sabiote;Jaén;Andalucía;-3.320162;38.06034
Arquillos;Jaén;Andalucía;-3.433199;38.180065
Vilches;Jaén;Andalucía;-3.513473;38.216995
Linares;Jaén;Andalucía;-3.626034;38.090263
Torredonjimeno;Jaén;Andalucía;-3.94021;37.762188
Úbeda;Jaén;Andalucía;-3.369587;38.026157
Andújar;Jaén;Andalucía;-4.048308;38.038315
Carolina, La;Jaén;Andalucía;-3.610288;38.27035
Bailén;Jaén;Andalucía;-3.766868;38.09882
Úbeda;Jaén;Andalucía;-3.367885;38.022038
Santa Elena;Jaén;Andalucía;-3.536243;38.344208
León;León;Castilla y León;-5.56853;42.58993
Bañeza, La;León;Castilla y León;-5.904782;42.29836
Sahagún;León;Castilla y León;-5.032999;42.37182
Valencia de Don Juan;León;Castilla y León;-5.517989;42.291927
Santa Colomba de Somoza;León;Castilla y León;-6.242184;42.444233
Vega de Valcarce;León;Castilla y León;-6.914265;42.65886
León;León;Castilla y León;-5.57135;42.59669
Bañeza, La;León;Castilla y León;-5.905751;42.3057
Hospital de Órbigo;León;Castilla y León;-5.868871;42.461903
Toral de los Vados;León;Castilla y León;-6.78222;42.544025
Valdefresno;León;Castilla y León;-5.549665;42.602642
Almanza;León;Castilla y León;-5.035691;42.6565
Burgo Ranero, El;León;Castilla y León;-5.216187;42.41799
Astorga;León;Castilla y León;-6.05192;42.45389
Acebedo;León;Castilla y León;-5.049303;43.02497
Boñar;León;Castilla y León;-5.32201;42.866467
Valencia de Don Juan;León;Castilla y León;-5.52045;42.29332
Valverde de la Virgen;León;Castilla y León;-5.642893;42.58031
León;León;Castilla y León;-5.58003;42.60348
León;León;Castilla y León;-5.621684;42.588028
León;León;Castilla y León;-5.574222;42.59874
León;León;Castilla y León;-5.574989;42.59549
Bañeza, La;León;Castilla y León;-5.89988;42.298763
León;León;Castilla y León;-5.57025;42.59409
Benavides;León;Castilla y León;-5.895752;42.50195
León;León;Castilla y León;-5.5591;42.5871
Robla, La;León;Castilla y León;-5.631977;42.806454
Sahagún;León;Castilla y León;-5.02914;42.37128
Cimanes del Tejar;León;Castilla y León;-5.74775;42.5351
Antigua, La;León;Castilla y León;-5.6415;42.155724
León;León;Castilla y León;-5.583759;42.585518
León;León;Castilla y León;-5.571053;42.59653
León;León;Castilla y León;-5.620235;42.590584
León;León;Castilla y León;-5.620205;42.590553
León;León;Castilla y León;-5.620265;42.590614
Arganza;León;Castilla y León;-6.657921;42.566803
León;León;Castilla y León;-5.574006;42.600574
León;León;Castilla y León;-5.556085;42.583652
Ponferrada;León;Castilla y León;-6.605738;42.56529
Mansilla de las Mulas;León;Castilla y León;-5.414388;42.49535
Ponferrada;León;Castilla y León;-6.576214;42.55087
Cabrillanes;León;Castilla y León;-6.149248;42.953663
Villablino;León;Castilla y León;-6.322756;42.93785
Bembibre;León;Castilla y León;-6.421869;42.61899
León;León;Castilla y León;-5.557438;42.602234
Santa María del Páramo;León;Castilla y León;-5.739473;42.352093
Villamanín;León;Castilla y León;-5.659927;42.938076
León;León;Castilla y León;-5.556878;42.601757
Oseja de Sajambre;León;Castilla y León;-5.038546;43.13628
Cabrillanes;León;Castilla y León;-6.074818;42.948887
Candín;León;Castilla y León;-6.773433;42.488617
Burón;León;Castilla y León;-5.091151;43.040947
Posada de Valdeón;León;Castilla y León;-4.920691;43.150158
Villablino;León;Castilla y León;-6.395656;42.94935
Puebla de Lillo;León;Castilla y León;-5.275783;43.006565
León;León;Castilla y León;-5.577754;42.598557
León;León;Castilla y León;-5.577772;42.598537
León;León;Castilla y León;-5.577784;42.598537
León;León;Castilla y León;-5.552254;42.604744
Garrafe de Torío;León;Castilla y León;-5.328425;42.3579
Puente de Domingo Flórez;León;Castilla y León;-6.820027;42.41099
León;León;Castilla y León;-5.581883;42.60713
Valdefresno;León;Castilla y León;-5.4984;42.56526
León;León;Castilla y León;-5.629951;42.58513
Astorga;León;Castilla y León;-6.07357;42.465153
Carrocera;León;Castilla y León;-5.783691;42.7846
Arganza;León;Castilla y León;-6.666784;42.56552
León;León;Castilla y León;-5.583238;42.585835
Brazuelo;León;Castilla y León;-6.121285;42.49089
León;León;Castilla y León;-5.5672903;42.612232
León;León;Castilla y León;-5.567393;42.59016
León;León;Castilla y León;-5.580365;42.595646
Baix Pallars;Lleida;Cataluña;0.960229;42.34608
Alpicat;Lleida;Cataluña;0.552556;41.667553
Torrefarrera;Lleida;Cataluña;0.604217;41.671745
Naut Aran;Lleida;Cataluña;0.905684;42.708546
Naut Aran;Lleida;Cataluña;0.89169;42.706024
Naut Aran;Lleida;Cataluña;0.9033;42.71036
Bellver de Cerdanya;Lleida;Cataluña;1.775243;42.37341
Les;Lleida;Cataluña;0.71208;42.813526
Alpicat;Lleida;Cataluña;0.555652;41.66666
Naut Aran;Lleida;Cataluña;0.930144;42.69859
Bellver de Cerdanya;Lleida;Cataluña;1.778291;42.368927
Torre de Cabdella, La;Lleida;Cataluña;0.964141;42.382843
Torre de Cabdella, La;Lleida;Cataluña;0.980379;42.422077
Coma i la Pedra, La;Lleida;Cataluña;1.59128;42.175117
Naut Aran;Lleida;Cataluña;0.91685;42.720154
Lleida;Lleida;Cataluña;0.66487;41.62202
Alpicat;Lleida;Cataluña;0.55124;41.66941
Naut Aran;Lleida;Cataluña;0.87292;42.698177
Lleida;Lleida;Cataluña;0.665058;41.62342
Torrefarrera;Lleida;Cataluña;0.599884;41.667774
Naut Aran;Lleida;Cataluña;0.84649;42.700817
Coma i la Pedra, La;Lleida;Cataluña;1.563814;42.172653
Alpicat;Lleida;Cataluña;0.525833;41.66552
Golmés;Lleida;Cataluña;0.931523;41.64386
Sentiu de Sió, La;Lleida;Cataluña;0.826967;41.7879
Sentiu de Sió, La;Lleida;Cataluña;0.826967;41.7879
Albi, L';Lleida;Cataluña;0.940798;41.424232
Albi, L';Lleida;Cataluña;0.940788;41.424202
Espot;Lleida;Cataluña;1.088664;42.57601
Bassella;Lleida;Cataluña;1.29428;42.006012
Torrefarrera;Lleida;Cataluña;0.607333;41.66457
Lleida;Lleida;Cataluña;0.628053;41.61201
Vall de Boí, La;Lleida;Cataluña;0.8027;42.5049
Lleida;Lleida;Cataluña;0.628113;41.612072
Linyola;Lleida;Cataluña;0.903076;41.718613
Lleida;Lleida;Cataluña;0.59534;41.63031
Lleida;Lleida;Cataluña;0.628113;41.61204
Estamariu;Lleida;Cataluña;0.513132;41.35932
Estamariu;Lleida;Cataluña;0.513722;41.35902
Cervera;Lleida;Cataluña;1.21047;41.6663
Lleida;Lleida;Cataluña;0.612205;41.60559
Lleida;Lleida;Cataluña;0.595309;41.63028
Alfarràs;Lleida;Cataluña;0.569217;41.824444
Farrera;Lleida;Cataluña;1.208818;42.4975
Lleida;Lleida;Cataluña;0.628023;41.61198
Ponts;Lleida;Cataluña;1.19146;41.92066
Alòs de Balaguer;Lleida;Cataluña;0.957506;41.853386
Golmés;Lleida;Cataluña;0.907859;41.626278
Tàrrega;Lleida;Cataluña;1.133333;41.662636
Llavorsí;Lleida;Cataluña;1.130524;42.43734
Gimenells i el Pla de la Font;Lleida;Cataluña;0.388631;41.652912
Lladorre;Lleida;Cataluña;1.257309;42.64451
Gimenells i el Pla de la Font;Lleida;Cataluña;0.388661;41.652943
Tàrrega;Lleida;Cataluña;1.14741;41.651863
Alfés;Lleida;Cataluña;0.619821;41.518307
Tàrrega;Lleida;Cataluña;1.136423;41.6449
Térmens;Lleida;Cataluña;0.797051;41.743584
Bellver de Cerdanya;Lleida;Cataluña;1.772786;42.370075
Os de Balaguer;Lleida;Cataluña;0.719597;41.871834
Os de Balaguer;Lleida;Cataluña;0.806083;41.82218
Lleida;Lleida;Cataluña;0.66291;41.61073
Mollerussa;Lleida;Cataluña;0.88824;41.630405
Cervera;Lleida;Cataluña;1.210961;41.66645
Lleida;Lleida;Cataluña;0.628889;41.625443
Lleida;Lleida;Cataluña;0.635281;41.60543
Montferrer i Castellbò;Lleida;Cataluña;1.456807;42.36126
Lleida;Lleida;Cataluña;0.628606;41.60495
Torre de Cabdella, La;Lleida;Cataluña;0.98924;42.466923
Vall de Boí, La;Lleida;Cataluña;0.867055;42.479553
Torrefarrera;Lleida;Cataluña;0.60071;41.673923
Artesa de Segre;Lleida;Cataluña;1.043397;41.896008
Albatàrrec;Lleida;Cataluña;0.602625;41.570686
Vila-sana;Lleida;Cataluña;0.895174;41.643066
Juneda;Lleida;Cataluña;0.828654;41.547047
Bellvís;Lleida;Cataluña;0.817381;41.6722
Lleida;Lleida;Cataluña;0.618009;41.620327
Lleida;Lleida;Cataluña;0.610511;41.626472
Lleida;Lleida;Cataluña;0.621165;41.629578
Arbeca;Lleida;Cataluña;0.920913;41.543
Alcarràs;Lleida;Cataluña;0.517052;41.57556
Borges Blanques, Les;Lleida;Cataluña;0.867339;41.520054
Montferrer i Castellbò;Lleida;Cataluña;1.405644;42.337803
Conca de Dalt;Lleida;Cataluña;0.965784;42.240753
Conca de Dalt;Lleida;Cataluña;0.965784;42.240753
Guissona;Lleida;Cataluña;1.28736;41.783764
Benavent de Segrià;Lleida;Cataluña;0.632419;41.69609
Pont de Suert, El;Lleida;Cataluña;0.740063;42.408722
Alcarràs;Lleida;Cataluña;0.516971;41.57556
Olius;Lleida;Cataluña;1.517235;41.99612
Olius;Lleida;Cataluña;1.515356;41.993477
Montferrer i Castellbò;Lleida;Cataluña;1.42221;42.34126
Almatret;Lleida;Cataluña;0.42722;41.30493
Guissona;Lleida;Cataluña;1.296582;41.78422
Ponts;Lleida;Cataluña;1.18543;41.915398
Ivars d'Urgell;Lleida;Cataluña;0.98579;41.68091
Bellver de Cerdanya;Lleida;Cataluña;1.832766;42.346046
Alfés;Lleida;Cataluña;0.619661;41.517685
Sidamon;Lleida;Cataluña;0.822908;41.633842
Guissona;Lleida;Cataluña;1.2875;41.78936
Soses;Lleida;Cataluña;0.473808;41.544346
Tàrrega;Lleida;Cataluña;1.133481;41.663506
Bellvís;Lleida;Cataluña;0.81735474;41.672203
Agramunt;Lleida;Cataluña;1.0950007;41.78415
Vilagrassa;Lleida;Cataluña;1.1031373;41.647026
Estamariu;Lleida;Cataluña;1.44097;42.3553
Ponts;Lleida;Cataluña;1.1944501;41.92241
Naut Aran;Lleida;Cataluña;0.9350513;42.703075
Outeiro de Rei;Lugo;Galicia;-7.546485;43.087288
Taboada;Lugo;Galicia;-7.76679;42.71767
Monterroso;Lugo;Galicia;-7.832396;42.792397
Mondoñedo;Lugo;Galicia;-7.36617;43.42796
Barreiros;Lugo;Galicia;-7.263064;43.53962
Lugo;Lugo;Galicia;-7.55311;43.04178
Corgo, O;Lugo;Galicia;-7.45764;42.964878
Corgo, O;Lugo;Galicia;-7.454562;42.96586
Lugo;Lugo;Galicia;-7.55268;43.041943
Lugo;Lugo;Galicia;-7.545415;42.997692
Lugo;Lugo;Galicia;-7.545445;42.997723
Outeiro de Rei;Lugo;Galicia;-7.605561;43.10722
Vilalba;Lugo;Galicia;-7.670673;43.294167
Vilalba;Lugo;Galicia;-7.678828;43.301094
Vilalba;Lugo;Galicia;-7.67234;43.30262
Foz;Lugo;Galicia;-7.2903533;43.586216
Burela;Lugo;Galicia;-7.349536;43.646248
Abadín;Lugo;Galicia;-7.426508;43.379726
Lugo;Lugo;Galicia;-7.568884;43.036446
Monterroso;Lugo;Galicia;-7.839884;42.79236
Mondoñedo;Lugo;Galicia;-7.365862;43.427494
Quiroga;Lugo;Galicia;-7.264507;42.473877
Lugo;Lugo;Galicia;-7.567155;43.025753
Lugo;Lugo;Galicia;-7.567228;43.038696
Vicedo, O;Lugo;Galicia;-7.613806;43.677193
Lugo;Lugo;Galicia;-7.56441;43.052654
Ribadeo;Lugo;Galicia;-7.080848;43.54438
Lugo;Lugo;Galicia;-7.5118375;43.05047
Xove;Lugo;Galicia;-7.508856;43.685726
Corgo, O;Lugo;Galicia;-7.464773;42.901978
Begonte;Lugo;Galicia;-7.6359997;43.158943
Lugo;Lugo;Galicia;-7.5543876;43.004803
Sober;Lugo;Galicia;-7.580483;42.46323
Monforte de Lemos;Lugo;Galicia;-7.504854;42.517666
Pozuelo de Alarcón;Madrid;Madrid;-3.800484;40.45829
San Sebastián de los Reyes;Madrid;Madrid;-3.60891;40.56683
Boadilla del Monte;Madrid;Madrid;-3.898342;40.412853
Madrid;Madrid;Madrid;-3.591499;40.404854
Boadilla del Monte;Madrid;Madrid;-3.851004;40.392994
Leganés;Madrid;Madrid;-3.75799;40.327023
Alcalá de Henares;Madrid;Madrid;-3.352892;40.50825
Móstoles;Madrid;Madrid;-3.869598;40.31311
Madrid;Madrid;Madrid;-3.693423;40.48838
Madrid;Madrid;Madrid;-3.71582;40.331253
San Lorenzo de El Escorial;Madrid;Madrid;-4.127735;40.60278
Madrid;Madrid;Madrid;-3.663212;40.497322
Collado Villalba;Madrid;Madrid;-4.00823;40.649746
Madrid;Madrid;Madrid;-3.77606;40.374573
Leganés;Madrid;Madrid;-3.777628;40.360542
Alcorcón;Madrid;Madrid;-3.850106;40.34825
Valdemoro;Madrid;Madrid;-3.69273;40.19398
Villaviciosa de Odón;Madrid;Madrid;-3.902309;40.350426
Leganés;Madrid;Madrid;-3.749073;40.32194
Alcorcón;Madrid;Madrid;-3.825359;40.333206
Madrid;Madrid;Madrid;-3.599003;40.364353
Navalcarnero;Madrid;Madrid;-3.994007;40.290733
Tres Cantos;Madrid;Madrid;-3.698133;40.601208
Madrid;Madrid;Madrid;-3.776849;40.37407
Madrid;Madrid;Madrid;-3.632026;40.38402
Fuenlabrada;Madrid;Madrid;-3.81834;40.28525
Alcalá de Henares;Madrid;Madrid;-3.394622;40.4817
Madrid;Madrid;Madrid;-3.676783;40.43804
Móstoles;Madrid;Madrid;-3.88428;40.33146
Fuenlabrada;Madrid;Madrid;-3.790524;40.29389
Escorial, El;Madrid;Madrid;-4.12266;40.46951
Rozas de Madrid, Las;Madrid;Madrid;-3.887691;40.501625
Rivas-Vaciamadrid;Madrid;Madrid;-3.524351;40.330677
Villanueva de la Cañada;Madrid;Madrid;-4.001915;40.43397
Ciempozuelos;Madrid;Madrid;-3.632063;40.166187
Alcobendas;Madrid;Madrid;-3.616014;40.51715
Alcorcón;Madrid;Madrid;-3.831067;40.333214
Garganta de los Montes;Madrid;Madrid;-3.692158;40.981094
Madrid;Madrid;Madrid;-3.77723;40.37387
Alcalá de Henares;Madrid;Madrid;-3.32239;40.50872
Madrid;Madrid;Madrid;-3.714887;40.336155
Getafe;Madrid;Madrid;-3.695308;40.27087
Cenicientos;Madrid;Madrid;-3.769491;40.32512
Madrid;Madrid;Madrid;-3.728885;40.372147
Parla;Madrid;Madrid;-3.778031;40.244457
Robledo de Chavela;Madrid;Madrid;-4.238094;40.50105
Rivas-Vaciamadrid;Madrid;Madrid;-3.548924;40.353863
Galapagar;Madrid;Madrid;-3.926225;40.57143
San Sebastián de los Reyes;Madrid;Madrid;-3.613033;40.54535
Madrid;Madrid;Madrid;-3.673069;40.429615
Madrid;Madrid;Madrid;-3.625858;40.50693
Móstoles;Madrid;Madrid;-3.86029;40.34168
Alcalá de Henares;Madrid;Madrid;-3.36688;40.50296
Alcobendas;Madrid;Madrid;-3.656952;40.52332
Galapagar;Madrid;Madrid;-3.920128;40.568565
Madrid;Madrid;Madrid;-3.697552;40.44691
Alcobendas;Madrid;Madrid;-3.663987;40.520515
Alcorcón;Madrid;Madrid;-3.824132;40.356476
Rivas-Vaciamadrid;Madrid;Madrid;-3.543258;40.354393
Aranjuez;Madrid;Madrid;-3.615918;40.057648
San Sebastián de los Reyes;Madrid;Madrid;-3.610045;40.558266
Alcorcón;Madrid;Madrid;-3.818327;40.332565
Alcorcón;Madrid;Madrid;-3.82464;40.33285
Escorial, El;Madrid;Madrid;-4.129765;40.58482
Getafe;Madrid;Madrid;-3.696051;40.30273
Madrid;Madrid;Madrid;-3.690403;40.467785
Getafe;Madrid;Madrid;-3.699337;40.27068
Mejorada del Campo;Madrid;Madrid;-3.502705;40.389584
Móstoles;Madrid;Madrid;-3.87681;40.33409
Villalbilla;Madrid;Madrid;-3.362181;40.445168
Fuente el Saz de Jarama;Madrid;Madrid;-3.509456;40.641457
Parla;Madrid;Madrid;-3.766841;40.2494
Alcalá de Henares;Madrid;Madrid;-3.330597;40.504185
Alcorcón;Madrid;Madrid;-3.851249;40.34862
Colmenar Viejo;Madrid;Madrid;-3.759465;40.65865
Rivas-Vaciamadrid;Madrid;Madrid;-3.534313;40.341694
Madrid;Madrid;Madrid;-3.618324;40.46467
Alcorcón;Madrid;Madrid;-3.84381;40.35023
Madrid;Madrid;Madrid;-3.612573;40.406185
Majadahonda;Madrid;Madrid;-3.868697;40.456295
Paracuellos de Jarama;Madrid;Madrid;-3.510628;40.502098
Rozas de Madrid, Las;Madrid;Madrid;-3.890906;40.516827
Madrid;Madrid;Madrid;-3.576161;40.446465
Galapagar;Madrid;Madrid;-3.997097;40.583797
Daganzo de Arriba;Madrid;Madrid;-3.465139;40.540813
Getafe;Madrid;Madrid;-3.696983;40.27072
Aranjuez;Madrid;Madrid;-3.595185;40.033432
Fuenlabrada;Madrid;Madrid;-3.783925;40.283295
Alcorcón;Madrid;Madrid;-3.824391;40.358364
Moralzarzal;Madrid;Madrid;-3.966355;40.686375
Griñón;Madrid;Madrid;-3.843454;40.226833
Madrid;Madrid;Madrid;-3.687877;40.474373
Madrid;Madrid;Madrid;-3.648247;40.493893
Madrid;Madrid;Madrid;-3.692209;40.416134
Madrid;Madrid;Madrid;-3.686428;40.478054
Madrid;Madrid;Madrid;-3.636139;40.46494
Madrid;Madrid;Madrid;-3.699182;40.430508
Madrid;Madrid;Madrid;-3.692321;40.425816
Madrid;Madrid;Madrid;-3.700257;40.43825
Madrid;Madrid;Madrid;-3.681045;40.424908
Madrid;Madrid;Madrid;-3.670647;40.46674
Madrid;Madrid;Madrid;-3.675142;40.39992
Madrid;Madrid;Madrid;-3.689124;40.431908
Madrid;Madrid;Madrid;-3.699728;40.405666
Madrid;Madrid;Madrid;-3.692111;40.416252
Madrid;Madrid;Madrid;-3.655444;40.454
Madrid;Madrid;Madrid;-3.680722;40.435017
Paracuellos de Jarama;Madrid;Madrid;-3.514271;40.50276
Alcalá de Henares;Madrid;Madrid;-3.359647;40.49505
Coslada;Madrid;Madrid;-3.573895;40.420574
Madrid;Madrid;Madrid;-3.59291;40.46544
Parla;Madrid;Madrid;-3.749992;40.23713
Madrid;Madrid;Madrid;-3.655836;40.39231
Parla;Madrid;Madrid;-3.753668;40.24045
Colmenar Viejo;Madrid;Madrid;-3.585191;40.616077
Madrid;Madrid;Madrid;-3.616638;40.458576
Fuenlabrada;Madrid;Madrid;-3.83089;40.302032
Madrid;Madrid;Madrid;-3.693588;40.45137
Madrid;Madrid;Madrid;-3.711465;40.41806
Madrid;Madrid;Madrid;-3.696463;40.420208
Madrid;Madrid;Madrid;-3.666928;40.444374
Madrid;Madrid;Madrid;-3.697122;40.447002
Madrid;Madrid;Madrid;-3.709224;40.421814
Madrid;Madrid;Madrid;-3.720573;40.422302
Madrid;Madrid;Madrid;-3.672822;40.41758
Madrid;Madrid;Madrid;-3.693512;40.45635
Pozuelo de Alarcón;Madrid;Madrid;-3.799035;40.449837
Villanueva de la Cañada;Madrid;Madrid;-3.993308;40.44734
Madrid;Madrid;Madrid;-3.773851;40.373756
Rivas-Vaciamadrid;Madrid;Madrid;-3.532589;40.38069
Villalbilla;Madrid;Madrid;-3.36204;40.446507
San Lorenzo de El Escorial;Madrid;Madrid;-4.131486;40.59906
Torrejón de Ardoz;Madrid;Madrid;-3.460362;40.4597
Colmenar Viejo;Madrid;Madrid;-3.759382;40.657314
Perales de Tajuña;Madrid;Madrid;-3.279598;40.16949
Rozas de Madrid, Las;Madrid;Madrid;-3.896747;40.535812
Torrejón de Ardoz;Madrid;Madrid;-3.467087;40.45826
Velilla de San Antonio;Madrid;Madrid;-3.485136;40.374832
Rivas-Vaciamadrid;Madrid;Madrid;-3.537552;40.353397
Alcalá de Henares;Madrid;Madrid;-3.367437;40.510998
Madrid;Madrid;Madrid;-3.588407;40.475327
Boadilla del Monte;Madrid;Madrid;-3.903828;40.408764
Madrid;Madrid;Madrid;-3.750404;40.362747
Coslada;Madrid;Madrid;-3.554188;40.420155
Madrid;Madrid;Madrid;-3.701939;40.38802
Villaviciosa de Odón;Madrid;Madrid;-3.899189;40.350533
Valdemoro;Madrid;Madrid;-3.690082;40.1944
San Sebastián de los Reyes;Madrid;Madrid;-3.65365;40.557587
Madrid;Madrid;Madrid;-3.671316;40.50802
Madrid;Madrid;Madrid;-3.689447;40.39054
Getafe;Madrid;Madrid;-3.72185;40.316658
Galapagar;Madrid;Madrid;-4.004956;40.574562
Arganda del Rey;Madrid;Madrid;-3.45711;40.30477
Madrid;Madrid;Madrid;-3.601723;40.422626
Getafe;Madrid;Madrid;-3.75037;40.3032
San Sebastián de los Reyes;Madrid;Madrid;-3.625342;40.54066
Fuenlabrada;Madrid;Madrid;-3.794032;40.288013
Arroyomolinos;Madrid;Madrid;-3.905018;40.303368
Pinto;Madrid;Madrid;-3.694057;40.25824
Pinto;Madrid;Madrid;-3.693443;40.242023
Alcorcón;Madrid;Madrid;-3.83731;40.340496
Pinto;Madrid;Madrid;-3.693443;40.242023
Madrid;Madrid;Madrid;-3.666829;40.498417
Madrid;Madrid;Madrid;-3.693761;40.508896
Colmenar Viejo;Madrid;Madrid;-3.615757;40.675907
Getafe;Madrid;Madrid;-3.742898;40.317406
Aldea del Fresno;Madrid;Madrid;-4.197662;40.32256
Madrid;Madrid;Madrid;-3.629739;40.431473
Madrid;Madrid;Madrid;-3.675794;40.506817
Madrid;Madrid;Madrid;-3.711533;40.47502
Madrid;Madrid;Madrid;-3.629878;40.462944
Alcorcón;Madrid;Madrid;-3.808224;40.344852
Madrid;Madrid;Madrid;-3.697116;40.471565
Guadarrama;Madrid;Madrid;-4.090616;40.671803
Alcorcón;Madrid;Madrid;-3.826138;40.338333
Getafe;Madrid;Madrid;-3.71721;40.32233
Fuenlabrada;Madrid;Madrid;-3.797518;40.291195
Madrid;Madrid;Madrid;-3.705993;40.354584
San Sebastián de los Reyes;Madrid;Madrid;-3.618583;40.56044
San Martín de la Vega;Madrid;Madrid;-3.575545;40.21392
Coslada;Madrid;Madrid;-3.539455;40.425354
Madrid;Madrid;Madrid;-3.609204;40.386528
Ciempozuelos;Madrid;Madrid;-3.634067;40.16551
Valdemoro;Madrid;Madrid;-3.68336;40.190964
Aranjuez;Madrid;Madrid;-3.587478;40.031242
Madrid;Madrid;Madrid;-3.655204;40.410435
Torrejón de Ardoz;Madrid;Madrid;-3.447625;40.458637
Alcobendas;Madrid;Madrid;-3.650044;40.547504
Collado Villalba;Madrid;Madrid;-4.01256;40.62364
Móstoles;Madrid;Madrid;-3.860633;40.335266
Madrid;Madrid;Madrid;-3.6676;40.445297
Alcalá de Henares;Madrid;Madrid;-3.369916;40.46971
Madrid;Madrid;Madrid;-3.606941;40.491608
Navalcarnero;Madrid;Madrid;-4.00529;40.291122
Arganda del Rey;Madrid;Madrid;-3.446902;40.309196
Álamo, El;Madrid;Madrid;-3.986935;40.228836
Campo Real;Madrid;Madrid;-3.377003;40.340935
Madrid;Madrid;Madrid;-3.612702;40.317394
Pozuelo del Rey;Madrid;Madrid;-3.364768;40.40923
Rivas-Vaciamadrid;Madrid;Madrid;-3.521858;40.34242
Rivas-Vaciamadrid;Madrid;Madrid;-3.536394;40.376217
Collado Villalba;Madrid;Madrid;-4.005447;40.627007
Madrid;Madrid;Madrid;-3.676841;40.395855
Madrid;Madrid;Madrid;-3.734658;40.388664
Alcobendas;Madrid;Madrid;-3.650931;40.530724
Majadahonda;Madrid;Madrid;-3.849032;40.4743
Alcorcón;Madrid;Madrid;-3.809607;40.343353
Madrid;Madrid;Madrid;-3.640783;40.475986
Madrid;Madrid;Madrid;-3.714913;40.43107
Madrid;Madrid;Madrid;-3.714943;40.4311
Coslada;Madrid;Madrid;-3.53759;40.440674
Arganda del Rey;Madrid;Madrid;-3.48133;40.309612
Arganda del Rey;Madrid;Madrid;-3.48136;40.309643
Arganda del Rey;Madrid;Madrid;-3.48139;40.309673
Madrid;Madrid;Madrid;-3.677913;40.425194
Madrid;Madrid;Madrid;-3.677943;40.42522
Coslada;Madrid;Madrid;-3.53759;40.440674
Madrid;Madrid;Madrid;-3.703933;40.436844
Madrid;Madrid;Madrid;-3.703963;40.436874
Madrid;Madrid;Madrid;-3.668296;40.4881
Madrid;Madrid;Madrid;-3.668326;40.48813
Collado Villalba;Madrid;Madrid;-4.007132;40.631195
Collado Villalba;Madrid;Madrid;-4.007162;40.631237
Navacerrada;Madrid;Madrid;-4.020657;40.723763
Madrid;Madrid;Madrid;-3.68372;40.4379
Madrid;Madrid;Madrid;-3.68375;40.43793
Navacerrada;Madrid;Madrid;-4.020657;40.723763
Madrid;Madrid;Madrid;-3.695696;40.452488
Madrid;Madrid;Madrid;-3.70531;40.35432
Madrid;Madrid;Madrid;-3.637604;40.42958
Madrid;Madrid;Madrid;-3.637574;40.429546
Madrid;Madrid;Madrid;-3.688325;40.407295
Madrid;Madrid;Madrid;-3.699963;40.42335
Madrid;Madrid;Madrid;-3.626407;40.450764
Madrid;Madrid;Madrid;-3.627275;40.450928
Madrid;Madrid;Madrid;-3.714219;40.332035
Madrid;Madrid;Madrid;-3.686491;40.459274
Madrid;Madrid;Madrid;-3.670561;40.42113
Madrid;Madrid;Madrid;-3.670561;40.42113
Madrid;Madrid;Madrid;-3.697489;40.421707
Madrid;Madrid;Madrid;-3.697519;40.421738
Madrid;Madrid;Madrid;-3.697549;40.42177
Madrid;Madrid;Madrid;-3.699993;40.423325
Majadahonda;Madrid;Madrid;-3.88299;40.451538
Getafe;Madrid;Madrid;-3.733104;40.323296
Getafe;Madrid;Madrid;-3.733074;40.323265
Madrid;Madrid;Madrid;-3.652108;40.446903
Madrid;Madrid;Madrid;-3.652078;40.446877
Coslada;Madrid;Madrid;-3.53759;40.440674
Majadahonda;Madrid;Madrid;-3.88293;40.451508
Madrid;Madrid;Madrid;-3.699428;40.417828
Madrid;Madrid;Madrid;-3.699428;40.417828
Madrid;Madrid;Madrid;-3.699428;40.417828
Madrid;Madrid;Madrid;-3.699428;40.417828
Madrid;Madrid;Madrid;-3.699428;40.417828
Madrid;Madrid;Madrid;-3.699428;40.417828
Alcalá de Henares;Madrid;Madrid;-3.366098;40.502934
Majadahonda;Madrid;Madrid;-3.860177;40.44901
Madrid;Madrid;Madrid;-3.635966;40.447758
Madrid;Madrid;Madrid;-3.635996;40.44779
Miraflores de la Sierra;Madrid;Madrid;-3.769095;40.810665
Moralzarzal;Madrid;Madrid;-3.968234;40.68073
Moralzarzal;Madrid;Madrid;-3.968234;40.68073
Moralzarzal;Madrid;Madrid;-3.954455;40.704597
Moralzarzal;Madrid;Madrid;-3.954455;40.704597
Coslada;Madrid;Madrid;-3.537409;40.438183
Boadilla del Monte;Madrid;Madrid;-3.881779;40.400963
San Sebastián de los Reyes;Madrid;Madrid;-3.60838;40.566914
Arganda del Rey;Madrid;Madrid;-3.482643;40.311153
Madrid;Madrid;Madrid;-3.623205;40.463894
Coslada;Madrid;Madrid;-3.53759;40.440674
Madrid;Madrid;Madrid;-3.623205;40.463894
Coslada;Madrid;Madrid;-3.53759;40.440674
Coslada;Madrid;Madrid;-3.53759;40.440674
Móstoles;Madrid;Madrid;-3.860267;40.314556
Getafe;Madrid;Madrid;-3.734521;40.31689
Getafe;Madrid;Madrid;-3.734501;40.31686
Getafe;Madrid;Madrid;-3.734481;40.316833
Madrid;Madrid;Madrid;-3.6326652;40.431053
Madrid;Madrid;Madrid;-3.6700158;40.488228
Tres Cantos;Madrid;Madrid;-3.7161355;40.602108
Coslada;Madrid;Madrid;-3.53759;40.440674
Coslada;Madrid;Madrid;-3.53759;40.440674
Madrid;Madrid;Madrid;-3.671759;40.514397
Madrid;Madrid;Madrid;-3.671759;40.514397
Madrid;Madrid;Madrid;-3.671759;40.514397
Madrid;Madrid;Madrid;-3.671759;40.514397
Madrid;Madrid;Madrid;-3.671759;40.514397
Madrid;Madrid;Madrid;-3.671759;40.514397
Madrid;Madrid;Madrid;-3.671759;40.514397
Madrid;Madrid;Madrid;-3.701263;40.448963
Madrid;Madrid;Madrid;-3.701233;40.448933
Tres Cantos;Madrid;Madrid;-3.716776;40.60618
Tres Cantos;Madrid;Madrid;-3.716776;40.60618
Montejo de la Sierra;Madrid;Madrid;-3.446066;41.01385
Coslada;Madrid;Madrid;-3.537409;40.438183
Coslada;Madrid;Madrid;-3.53759;40.440674
Coslada;Madrid;Madrid;-3.53759;40.440674
Coslada;Madrid;Madrid;-3.53759;40.440674
Coslada;Madrid;Madrid;-3.53759;40.440674
Madrid;Madrid;Madrid;-3.706125;40.40888
Madrid;Madrid;Madrid;-3.691164;40.458794
Madrid;Madrid;Madrid;-3.690864;40.458763
Coslada;Madrid;Madrid;-3.53759;40.440674
Coslada;Madrid;Madrid;-3.53759;40.440674
Alcalá de Henares;Madrid;Madrid;-3.343364;40.49733
Fuenlabrada;Madrid;Madrid;-3.7888823;40.296673
Cercedilla;Madrid;Madrid;-3.8326325;40.268375
Coslada;Madrid;Madrid;-3.537409;40.438183
Alcalá de Henares;Madrid;Madrid;-3.388528;40.49387
Rivas-Vaciamadrid;Madrid;Madrid;-3.549749;40.353935
Alcobendas;Madrid;Madrid;-3.623245;40.538097
Madrid;Madrid;Madrid;-3.534924;40.447178
Madrid;Madrid;Madrid;-3.5847;40.3654
Madrid;Madrid;Madrid;-3.650033;40.37334
Madrid;Madrid;Madrid;-3.66865;40.44342
Madrid;Madrid;Madrid;-3.72919;40.37264
Madrid;Madrid;Madrid;-3.71432;40.42695
Madrid;Madrid;Madrid;-3.695642;40.452522
Madrid;Madrid;Madrid;-3.677583;40.40257
Madrid;Madrid;Madrid;-3.666726;40.490204
Madrid;Madrid;Madrid;-3.629674;40.38348
Getafe;Madrid;Madrid;-3.694457;40.27283
Majadahonda;Madrid;Madrid;-3.8829;40.451477
Majadahonda;Madrid;Madrid;-3.88296;40.451538
San Sebastián de los Reyes;Madrid;Madrid;-3.608581;40.56712
Getafe;Madrid;Madrid;-3.694455;40.27279
Coslada;Madrid;Madrid;-3.53759;40.440674
San Sebastián de los Reyes;Madrid;Madrid;-3.608589;40.567154
Majadahonda;Madrid;Madrid;-3.8604;40.44925
Madrid;Madrid;Madrid;-3.652358;40.450108
Villanueva de la Cañada;Madrid;Madrid;-3.990413;40.456844
Madrid;Madrid;Madrid;-3.666817;40.49024
Pinto;Madrid;Madrid;-3.71059;40.246407
Navalcarnero;Madrid;Madrid;-4.00284;40.2913
Móstoles;Madrid;Madrid;-3.887322;40.32678
Pinto;Madrid;Madrid;-3.71065;40.246468
Pinto;Madrid;Madrid;-3.71062;40.246437
Fuenlabrada;Madrid;Madrid;-3.798178;40.292187
Majadahonda;Madrid;Madrid;-3.872329;40.453518
Majadahonda;Madrid;Madrid;-3.872339;40.453514
Madrid;Madrid;Madrid;-3.719143;40.429863
Madrid;Madrid;Madrid;-3.670778;40.434307
Madrid;Madrid;Madrid;-3.695612;40.452553
Madrid;Madrid;Madrid;-3.695642;40.45249
Madrid;Madrid;Madrid;-3.670748;40.434277
Móstoles;Madrid;Madrid;-3.887337;40.326763
Alcobendas;Madrid;Madrid;-3.645133;40.508575
Pozuelo de Alarcón;Madrid;Madrid;-3.832861;40.44119
Pozuelo de Alarcón;Madrid;Madrid;-3.832801;40.44125
Madrid;Madrid;Madrid;-3.692544;40.366016
Fuenlabrada;Madrid;Madrid;-3.760763;40.27457
Pozuelo de Alarcón;Madrid;Madrid;-3.832831;40.44122
Madrid;Madrid;Madrid;-3.6784;40.4204
Madrid;Madrid;Madrid;-3.655057;40.440235
Pozuelo de Alarcón;Madrid;Madrid;-3.798086;40.394512
Fuenlabrada;Madrid;Madrid;-3.76083;40.274517
Alcorcón;Madrid;Madrid;-3.84211;40.39466
Galapagar;Madrid;Madrid;-3.926073;40.57062
Galapagar;Madrid;Madrid;-3.926073;40.57062
Villanueva de la Cañada;Madrid;Madrid;-3.990413;40.456844
Madrid;Madrid;Madrid;-3.783373;40.467297
Móstoles;Madrid;Madrid;-3.860354;40.31474
Madrid;Madrid;Madrid;-3.719173;40.429893
Madrid;Madrid;Madrid;-3.693301;40.452854
Alcobendas;Madrid;Madrid;-3.645163;40.508606
Valdemoro;Madrid;Madrid;-3.681;40.21
Madrid;Madrid;Madrid;-3.697694;40.411526
Madrid;Madrid;Madrid;-3.635219;40.475807
Arganda del Rey;Madrid;Madrid;-3.486983;40.312187
Madrid;Madrid;Madrid;-3.668635;40.443436
Madrid;Madrid;Madrid;-3.695934;40.373775
Madrid;Madrid;Madrid;-3.695934;40.373775
Madrid;Madrid;Madrid;-3.695964;40.373802
Pozuelo de Alarcón;Madrid;Madrid;-3.794571;40.431305
Collado Villalba;Madrid;Madrid;-3.997271;40.629128
Madrid;Madrid;Madrid;-3.686511;40.459297
Madrid;Madrid;Madrid;-3.719082;40.429848
Madrid;Madrid;Madrid;-3.67076;40.434258
Madrid;Madrid;Madrid;-3.618641;40.455486
Madrid;Madrid;Madrid;-3.618622;40.455486
Madrid;Madrid;Madrid;-3.64117;40.441
Torrejón de Ardoz;Madrid;Madrid;-3.466383;40.458603
Madrid;Madrid;Madrid;-3.6735;40.4903
Madrid;Madrid;Madrid;-3.6735;40.4903
Madrid;Madrid;Madrid;-3.6735;40.4903
Madrid;Madrid;Madrid;-3.6735;40.4903
Madrid;Madrid;Madrid;-3.67309;40.4904
Madrid;Madrid;Madrid;-3.67313;40.4904
Majadahonda;Madrid;Madrid;-3.8713;40.4554
Majadahonda;Madrid;Madrid;-3.8713;40.4554
Madrid;Madrid;Madrid;-3.656059;40.3639
Madrid;Madrid;Madrid;-3.656059;40.3639
Madrid;Madrid;Madrid;-3.586386;40.442863
Madrid;Madrid;Madrid;-3.663058;40.472847
Getafe;Madrid;Madrid;-3.745295;40.295864
Collado Villalba;Madrid;Madrid;-4.0187;40.6277
Madrid;Madrid;Madrid;-3.667804;40.395336
Perales de Tajuña;Madrid;Madrid;-3.352422;40.239613
Móstoles;Madrid;Madrid;-3.888241;40.33578
Alcobendas;Madrid;Madrid;-3.602841;40.525192
Tres Cantos;Madrid;Madrid;-3.696933;40.609898
Madrid;Madrid;Madrid;-3.684251;40.397884
Escorial, El;Madrid;Madrid;-4.028266;40.625095
Móstoles;Madrid;Madrid;-3.88671;40.33407
San Sebastián de los Reyes;Madrid;Madrid;-3.61012;40.544415
Madrid;Madrid;Madrid;-3.708544;40.429333
Galapagar;Madrid;Madrid;-3.929593;40.57567
Madrid;Madrid;Madrid;-3.639021;40.372234
Pozuelo de Alarcón;Madrid;Madrid;-3.799229;40.41896
Pozuelo de Alarcón;Madrid;Madrid;-3.799009;40.417465
Galapagar;Madrid;Madrid;-3.95249;40.57833
Madrid;Madrid;Madrid;-3.690852;40.44543
Tres Cantos;Madrid;Madrid;-3.709418;40.594173
Madrid;Madrid;Madrid;-3.671205;40.42468
Madrid;Madrid;Madrid;-3.68818;40.43547
Madrid;Madrid;Madrid;-3.70921;40.43519
Madrid;Madrid;Madrid;-3.688938;40.419
San Fernando de Henares;Madrid;Madrid;-3.51073;40.450806
Madrid;Madrid;Madrid;-3.604325;40.37605
Madrid;Madrid;Madrid;-3.765412;40.36804
Alcobendas;Madrid;Madrid;-3.630152;40.533592
Ajalvir;Madrid;Madrid;-3.479282;40.49746
Madrid;Madrid;Madrid;-3.790842;40.378696
Madrid;Madrid;Madrid;-3.819865;40.46903
Madrid;Madrid;Madrid;-3.720154;40.407402
Madrid;Madrid;Madrid;-3.7027;40.4301
Madrid;Madrid;Madrid;-3.68983;40.4014
Madrid;Madrid;Madrid;-3.683591;40.4293
Madrid;Madrid;Madrid;-3.707259;40.431488
Madrid;Madrid;Madrid;-3.678457;40.41852
Móstoles;Madrid;Madrid;-3.885677;40.33622
Madrid;Madrid;Madrid;-3.685611;40.46662
Madrid;Madrid;Madrid;-3.70846;40.46138
Madrid;Madrid;Madrid;-3.663132;40.502285
Madrid;Madrid;Madrid;-3.757853;40.461254
Madrid;Madrid;Madrid;-3.565438;40.449253
Atazar, El;Madrid;Madrid;-3.496826;40.836433
Madrid;Madrid;Madrid;-3.6921;40.38912
Madrid;Madrid;Madrid;-3.658406;40.457466
Alcalá de Henares;Madrid;Madrid;-3.39316;40.47615
Madrid;Madrid;Madrid;-3.667398;40.458927
Ajalvir;Madrid;Madrid;-3.481604;40.52682
Alcalá de Henares;Madrid;Madrid;-3.413169;40.47124
Alcalá de Henares;Madrid;Madrid;-3.400273;40.481506
Madrid;Madrid;Madrid;-3.693852;40.367065
Navalafuente;Madrid;Madrid;-3.613601;40.78568
Tres Cantos;Madrid;Madrid;-3.700777;40.613132
Madrid;Madrid;Madrid;-3.652067;40.407352
Madrid;Madrid;Madrid;-3.681413;40.55047
Madrid;Madrid;Madrid;-3.62528;40.441235
Madrid;Madrid;Madrid;-3.694729;40.36675
Madrid;Madrid;Madrid;-3.668788;40.339966
Madrid;Madrid;Madrid;-3.754662;40.358334
Madrid;Madrid;Madrid;-3.687144;40.401527
Madrid;Madrid;Madrid;-3.589786;40.36441
Leganés;Madrid;Madrid;-3.773545;40.35721
Fuenlabrada;Madrid;Madrid;-3.74363;40.26626
Madrid;Madrid;Madrid;-3.661034;40.43454
Madrid;Madrid;Madrid;-3.780576;40.361786
Madrid;Madrid;Madrid;-3.679003;40.442116
Madrid;Madrid;Madrid;-3.725888;40.479225
Leganés;Madrid;Madrid;-3.75732;40.341293
Madrid;Madrid;Madrid;-3.712372;40.400562
Madrid;Madrid;Madrid;-3.627924;40.374004
Madrid;Madrid;Madrid;-3.695192;40.40589
Getafe;Madrid;Madrid;-3.727089;40.30759
Alcorcón;Madrid;Madrid;-3.847271;40.32434
Madrid;Madrid;Madrid;-3.68881;40.490234
Alcorcón;Madrid;Madrid;-3.828407;40.34244
Mejorada del Campo;Madrid;Madrid;-3.49292;40.38935
Madrid;Madrid;Madrid;-3.661295;40.3811
Madrid;Madrid;Madrid;-3.757842;40.46108
Coslada;Madrid;Madrid;-3.533239;40.43418
Madrid;Madrid;Madrid;-3.689356;40.458508
Madrid;Madrid;Madrid;-3.600102;40.429173
Madrid;Madrid;Madrid;-3.655833;40.36636
Loeches;Madrid;Madrid;-3.410858;40.402
Collado Villalba;Madrid;Madrid;-4.016513;40.636227
Leganés;Madrid;Madrid;-3.774475;40.333626
Pozuelo de Alarcón;Madrid;Madrid;-3.811015;40.456245
Rozas de Madrid, Las;Madrid;Madrid;-3.888499;40.504295
Madrid;Madrid;Madrid;-3.588017;40.346313
Madrid;Madrid;Madrid;-3.610726;40.40447
Pelayos de la Presa;Madrid;Madrid;-4.315029;40.365513
Majadahonda;Madrid;Madrid;-3.875813;40.473866
Colmenar Viejo;Madrid;Madrid;-3.610357;40.673275
Madrid;Madrid;Madrid;-3.684552;40.437992
Madrid;Madrid;Madrid;-3.588955;40.343967
Majadahonda;Madrid;Madrid;-3.881572;40.450695
Alcorcón;Madrid;Madrid;-3.8543;40.3324
Fuenlabrada;Madrid;Madrid;-3.8113878;40.293972
Madrid;Madrid;Madrid;-3.741;40.3679
Cercedilla;Madrid;Madrid;-3.8125;40.2743
Getafe;Madrid;Madrid;-3.7440586;40.317547
Alcorcón;Madrid;Madrid;-3.8057044;40.343475
Alcorcón;Madrid;Madrid;-3.8476;40.3255
Alcobendas;Madrid;Madrid;-3.6599;40.5284
San Fernando de Henares;Madrid;Madrid;-3.5214;40.4129
Coslada;Madrid;Madrid;-3.532776;40.436684
Getafe;Madrid;Madrid;-3.7024393;40.30394
Villalbilla;Madrid;Madrid;-3.322586;40.444878
Valdemoro;Madrid;Madrid;-3.664653;40.163494
Pinto;Madrid;Madrid;-3.690338;40.239777
Móstoles;Madrid;Madrid;-3.870435;40.320015
Alcalá de Henares;Madrid;Madrid;-3.33715;40.50056
Alcalá de Henares;Madrid;Madrid;-3.395491;40.481606
Pozuelo de Alarcón;Madrid;Madrid;-3.801528;40.44811
Parla;Madrid;Madrid;-3.77695;40.24513
San Martín de Valdeiglesias;Madrid;Madrid;-4.409769;40.358932
Paracuellos de Jarama;Madrid;Madrid;-3.512657;40.509228
Arroyomolinos;Madrid;Madrid;-3.914247;40.276703
Torrejón de Ardoz;Madrid;Madrid;-3.489726;40.460953
Madrid;Madrid;Madrid;-3.580408;40.445293
Fuenlabrada;Madrid;Madrid;-3.819106;40.29614
Rozas de Madrid, Las;Madrid;Madrid;-3.888378;40.517975
Alcobendas;Madrid;Madrid;-3.657265;40.525604
Arganda del Rey;Madrid;Madrid;-3.452355;40.3023
Leganés;Madrid;Madrid;-3.795816;40.31215
Getafe;Madrid;Madrid;-3.735925;40.31568
Colmenar Viejo;Madrid;Madrid;-3.620845;40.68063
Villaviciosa de Odón;Madrid;Madrid;-3.911208;40.35974
Móstoles;Madrid;Madrid;-3.87555;40.32005
San Lorenzo de El Escorial;Madrid;Madrid;-4.038636;40.64373
San Lorenzo de El Escorial;Madrid;Madrid;-4.039017;40.642387
Madrid;Madrid;Madrid;-3.721634;40.490032
Galapagar;Madrid;Madrid;-3.953098;40.578327
Rivas-Vaciamadrid;Madrid;Madrid;-3.517687;40.33733
Coslada;Madrid;Madrid;-3.541869;40.41875
Majadahonda;Madrid;Madrid;-3.883324;40.45392
Moraleja de Enmedio;Madrid;Madrid;-3.857575;40.26017
Fuenlabrada;Madrid;Madrid;-3.802543;40.277626
Madrid;Madrid;Madrid;-3.744517;40.385914
Tres Cantos;Madrid;Madrid;-3.716579;40.606762
Madrid;Madrid;Madrid;-3.599114;40.36926
Boadilla del Monte;Madrid;Madrid;-3.878084;40.40571
Boadilla del Monte;Madrid;Madrid;-3.894544;40.402348
Leganés;Madrid;Madrid;-3.768081;40.332417
Madrid;Madrid;Madrid;-3.56892;40.45017
Tres Cantos;Madrid;Madrid;-3.716413;40.606895
Madrid;Madrid;Madrid;-3.682339;40.43333
Aranjuez;Madrid;Madrid;-3.60875;40.02002
Madrid;Madrid;Madrid;-3.692174;40.434692
Parla;Madrid;Madrid;-3.757958;40.239693
San Lorenzo de El Escorial;Madrid;Madrid;-4.118773;40.614716
Madrid;Madrid;Madrid;-3.67817;40.45417
Madrid;Madrid;Madrid;-3.694228;40.447674
San Lorenzo de El Escorial;Madrid;Madrid;-4.152245;40.588547
Madrid;Madrid;Madrid;-3.671786;40.42461
Boadilla del Monte;Madrid;Madrid;-3.851069;40.394188
Boadilla del Monte;Madrid;Madrid;-3.876343;40.403385
Madrid;Madrid;Madrid;-3.675238;40.46259
Madrid;Madrid;Madrid;-3.675476;40.4304
Madrid;Madrid;Madrid;-3.672876;40.417263
Madrid;Madrid;Madrid;-3.696476;40.406902
Escorial, El;Madrid;Madrid;-4.123981;40.46882
San Lorenzo de El Escorial;Madrid;Madrid;-4.146792;40.591087
Escorial, El;Madrid;Madrid;-4.059755;40.60073
Garganta de los Montes;Madrid;Madrid;-3.71763;40.96503
Madrid;Madrid;Madrid;-3.698971;40.444668
Madrid;Madrid;Madrid;-3.695278;40.37985
Madrid;Madrid;Madrid;-3.774884;40.373455
Madrid;Madrid;Madrid;-3.668857;40.49764
Madrid;Madrid;Madrid;-3.64598;40.44793
San Sebastián de los Reyes;Madrid;Madrid;-3.634333;40.54807
Alcorcón;Madrid;Madrid;-3.836937;40.329823
Madrid;Madrid;Madrid;-3.58166;40.4457
Madrid;Madrid;Madrid;-3.631598;40.4347
Madrid;Madrid;Madrid;-3.703037;40.45747
Madrid;Madrid;Madrid;-3.735379;40.391785
Madrid;Madrid;Madrid;-3.746151;40.40643
Madrid;Madrid;Madrid;-3.71553;40.40217
Madrid;Madrid;Madrid;-3.706185;40.40474
Madrid;Madrid;Madrid;-3.765638;40.36278
Móstoles;Madrid;Madrid;-3.85679;40.33199
Móstoles;Madrid;Madrid;-3.926535;40.306026
Madrid;Madrid;Madrid;-3.694341;40.398838
Madrid;Madrid;Madrid;-3.800249;40.460728
Madrid;Madrid;Madrid;-3.608914;40.493202
Móstoles;Madrid;Madrid;-3.883224;40.329983
Madrid;Madrid;Madrid;-3.670371;40.40455
Madrid;Madrid;Madrid;-3.626017;40.382896
Leganés;Madrid;Madrid;-3.744635;40.318367
Madrid;Madrid;Madrid;-3.642204;40.434254
Madrid;Madrid;Madrid;-3.700371;40.38951
Madrid;Madrid;Madrid;-3.706833;40.486294
Madrid;Madrid;Madrid;-3.687418;40.364597
Madrid;Madrid;Madrid;-3.591197;40.40576
Madrid;Madrid;Madrid;-3.6856;40.40385
Madrid;Madrid;Madrid;-3.659198;40.412216
Alcalá de Henares;Madrid;Madrid;-3.378087;40.480957
Madrid;Madrid;Madrid;-3.593909;40.48114
Madrid;Madrid;Madrid;-3.641483;40.469826
Madrid;Madrid;Madrid;-3.641483;40.469826
Madrid;Madrid;Madrid;-3.641483;40.469826
Tres Cantos;Madrid;Madrid;-3.709793;40.59365
Tres Cantos;Madrid;Madrid;-3.710932;40.594093
Tres Cantos;Madrid;Madrid;-3.710979;40.5941
Tres Cantos;Madrid;Madrid;-3.71105;40.594086
Madrid;Madrid;Madrid;-3.698175;40.458496
Madrid;Madrid;Madrid;-3.698186;40.4585
Rozas de Madrid, Las;Madrid;Madrid;-3.885504;40.53631
Rozas de Madrid, Las;Madrid;Madrid;-3.885514;40.53635
Madrid;Madrid;Madrid;-3.687651;40.47813
Madrid;Madrid;Madrid;-3.687605;40.47812
Madrid;Madrid;Madrid;-3.689979;40.431507
Madrid;Madrid;Madrid;-3.689979;40.431507
Madrid;Madrid;Madrid;-3.680598;40.43967
Madrid;Madrid;Madrid;-3.680592;40.43967
Madrid;Madrid;Madrid;-3.680586;40.43967
Madrid;Madrid;Madrid;-3.694859;40.377453
Madrid;Madrid;Madrid;-3.68124;40.45743
Madrid;Madrid;Madrid;-3.681186;40.457466
Madrid;Madrid;Madrid;-3.681186;40.457466
Madrid;Madrid;Madrid;-3.681186;40.457466
Madrid;Madrid;Madrid;-3.681186;40.457466
Torrejón de Ardoz;Madrid;Madrid;-3.451016;40.473633
Torrejón de Ardoz;Madrid;Madrid;-3.451063;40.47367
Torrejón de Ardoz;Madrid;Madrid;-3.45114;40.473736
Torrejón de Ardoz;Madrid;Madrid;-3.451186;40.473694
Torrejón de Ardoz;Madrid;Madrid;-3.451139;40.473656
Torrejón de Ardoz;Madrid;Madrid;-3.451226;40.473713
Torrejón de Ardoz;Madrid;Madrid;-3.451086;40.473515
Madrid;Madrid;Madrid;-3.690368;40.44574
Madrid;Madrid;Madrid;-3.690368;40.44574
Madrid;Madrid;Madrid;-3.690368;40.44574
Madrid;Madrid;Madrid;-3.690368;40.44574
Torrejón de Ardoz;Madrid;Madrid;-3.452164;40.47276
Torrejón de Ardoz;Madrid;Madrid;-3.452164;40.47276
Torrejón de Ardoz;Madrid;Madrid;-3.452164;40.47276
Torrejón de Ardoz;Madrid;Madrid;-3.45181;40.472866
Algete;Madrid;Madrid;-3.550837;40.590706
Alcobendas;Madrid;Madrid;-3.658394;40.514126
Madrid;Madrid;Madrid;-3.694055;40.448395
Madrid;Madrid;Madrid;-3.694055;40.448395
Madrid;Madrid;Madrid;-3.687532;40.47811
Madrid;Madrid;Madrid;-3.687494;40.478104
Villanueva del Pardillo;Madrid;Madrid;-3.971646;40.482723
Madrid;Madrid;Madrid;-3.690817;40.429028
Alcorcón;Madrid;Madrid;-3.854274;40.33443
Alcorcón;Madrid;Madrid;-3.822605;40.35704
San Sebastián de los Reyes;Madrid;Madrid;-3.634288;40.548065
Torrejón de Ardoz;Madrid;Madrid;-3.468903;40.458015
Getafe;Madrid;Madrid;-3.696984;40.27161
Madrid;Madrid;Madrid;-3.616632;40.458565
Parla;Madrid;Madrid;-3.78075;40.22811
Boadilla del Monte;Madrid;Madrid;-3.898754;40.412846
Móstoles;Madrid;Madrid;-3.87872;40.31652
Madrid;Madrid;Madrid;-3.676568;40.4426
Pozuelo de Alarcón;Madrid;Madrid;-3.8132348;40.435425
Torrejón de Ardoz;Madrid;Madrid;-3.447992;40.46338
Torrejón de Ardoz;Madrid;Madrid;-3.43998;40.460495
Torrejón de Ardoz;Madrid;Madrid;-3.464239;40.44965
Torrejón de Ardoz;Madrid;Madrid;-3.461965;40.46194
Torrejón de Ardoz;Madrid;Madrid;-3.474109;40.460148
Torrejón de Ardoz;Madrid;Madrid;-3.478311;40.458908
Torrejón de Ardoz;Madrid;Madrid;-3.46928;40.44714
Torrejón de Ardoz;Madrid;Madrid;-3.467541;40.46148
Torrejón de Ardoz;Madrid;Madrid;-3.47963;40.459946
Madrid;Madrid;Madrid;-3.61792;40.38655
Galapagar;Madrid;Madrid;-3.917357;40.56826
Madrid;Madrid;Madrid;-3.695313;40.391518
Majadahonda;Madrid;Madrid;-3.848516;40.474277
Leganés;Madrid;Madrid;-3.777462;40.308704
Alcobendas;Madrid;Madrid;-3.633994;40.537537
Meco;Madrid;Madrid;-3.338392;40.55017
Madrid;Madrid;Madrid;-3.580328;40.471107
Móstoles;Madrid;Madrid;-3.848769;40.316883
Villaviciosa de Odón;Madrid;Madrid;-3.872137;40.37622
San Fernando de Henares;Madrid;Madrid;-3.522459;40.449158
Rivas-Vaciamadrid;Madrid;Madrid;-3.541748;40.35552
Madrid;Madrid;Madrid;-3.675161;40.339737
San Fernando de Henares;Madrid;Madrid;-3.492412;40.454697
Alcorcón;Madrid;Madrid;-3.813805;40.342003
Coslada;Madrid;Madrid;-3.552182;40.42859
Torrejón de Ardoz;Madrid;Madrid;-3.457206;40.45846
Alcorcón;Madrid;Madrid;-3.805383;40.346256
Madrid;Madrid;Madrid;-3.611511;40.370766
Madrid;Madrid;Madrid;-3.626765;40.43875
Madrid;Madrid;Madrid;-3.642123;40.46925
Madrid;Madrid;Madrid;-3.690702;40.509926
Madrid;Madrid;Madrid;-3.690833;40.510235
Madrid;Madrid;Madrid;-3.669274;40.44262
Madrid;Madrid;Madrid;-3.783694;40.465298
Madrid;Madrid;Madrid;-3.688743;40.429333
Cercedilla;Madrid;Madrid;-3.818898;40.271664
Madrid;Madrid;Madrid;-3.692933;40.43904
Madrid;Madrid;Madrid;-3.714175;40.42729
Madrid;Madrid;Madrid;-3.682098;40.455894
Madrid;Madrid;Madrid;-3.669895;40.399155
Madrid;Madrid;Madrid;-3.695267;40.438755
Madrid;Madrid;Madrid;-3.681733;40.4359
Madrid;Madrid;Madrid;-3.688834;40.42623
Madrid;Madrid;Madrid;-3.689338;40.426174
Madrid;Madrid;Madrid;-3.685002;40.427296
Madrid;Madrid;Madrid;-3.67886;40.43688
Madrid;Madrid;Madrid;-3.594711;40.451115
Boadilla del Monte;Madrid;Madrid;-3.844307;40.395706
Madrid;Madrid;Madrid;-3.699223;40.37491
Navalcarnero;Madrid;Madrid;-4.054693;40.250015
Madrid;Madrid;Madrid;-3.631911;40.43941
Getafe;Madrid;Madrid;-3.691478;40.314114
Galapagar;Madrid;Madrid;-4.009344;40.575207
Madrid;Madrid;Madrid;-3.685415;40.435806
Madrid;Madrid;Madrid;-3.68617;40.45829
Parla;Madrid;Madrid;-3.783749;40.219112
San Fernando de Henares;Madrid;Madrid;-3.532738;40.418224
Alcorcón;Madrid;Madrid;-3.846266;40.3511
Pozuelo de Alarcón;Madrid;Madrid;-3.784219;40.441067
Coslada;Madrid;Madrid;-3.552284;40.427654
Madrid;Madrid;Madrid;-3.691596;40.438873
Madrid;Madrid;Madrid;-3.721824;40.406345
Madrid;Madrid;Madrid;-3.6301;40.436493
Cabrera, La;Madrid;Madrid;-3.603088;40.87541
Madrid;Madrid;Madrid;-3.670241;40.434406
Madrid;Madrid;Madrid;-3.658528;40.426174
Madrid;Madrid;Madrid;-3.689282;40.47826
Madrid;Madrid;Madrid;-3.78319;40.46465
Madrid;Madrid;Madrid;-3.709841;40.419384
Pozuelo de Alarcón;Madrid;Madrid;-3.797698;40.393658
Madrid;Madrid;Madrid;-3.664563;40.49825
Aranjuez;Madrid;Madrid;-3.611288;40.05611
Arganda del Rey;Madrid;Madrid;-3.45738;40.29661
Madrid;Madrid;Madrid;-3.551043;40.447613
Alcalá de Henares;Madrid;Madrid;-3.390656;40.4983
Pozuelo de Alarcón;Madrid;Madrid;-3.845164;40.44241
Alcorcón;Madrid;Madrid;-3.808636;40.340347
Madrid;Madrid;Madrid;-3.692468;40.461452
Pinto;Madrid;Madrid;-3.692191;40.26389
Madrid;Madrid;Madrid;-3.580277;40.44715
Valdemoro;Madrid;Madrid;-3.665604;40.17221
Madrid;Madrid;Madrid;-3.558145;40.447296
Alcalá de Henares;Madrid;Madrid;-3.362066;40.486183
Madrid;Madrid;Madrid;-3.694661;40.43772
Getafe;Madrid;Madrid;-3.726392;40.30414
Pozuelo de Alarcón;Madrid;Madrid;-3.797801;40.404396
Pozuelo de Alarcón;Madrid;Madrid;-3.801787;40.437138
Pozuelo de Alarcón;Madrid;Madrid;-3.797805;40.405514
Madrid;Madrid;Madrid;-3.714696;40.408627
Guadarrama;Madrid;Madrid;-4.081923;40.67694
Pinto;Madrid;Madrid;-3.696323;40.26532
Madrid;Madrid;Madrid;-3.679587;40.391205
Madrid;Madrid;Madrid;-3.718733;40.42993
Móstoles;Madrid;Madrid;-3.878556;40.342587
Alcobendas;Madrid;Madrid;-3.661345;40.53102
Alcobendas;Madrid;Madrid;-3.655331;40.518658
Cabrera, La;Madrid;Madrid;-3.6128633;40.855934
Acebeda, La;Madrid;Madrid;-3.594362;41.096478
Pinto;Madrid;Madrid;-3.6943762;40.256294
Nuevo Baztán;Madrid;Madrid;-3.245145;40.364624
Majadahonda;Madrid;Madrid;-3.872656;40.45837
Alcorcón;Madrid;Madrid;-3.8519976;40.34332
Madrid;Madrid;Madrid;-3.6260707;40.42663
Madrid;Madrid;Madrid;-3.579164;40.46769
Coslada;Madrid;Madrid;-3.53365;40.43281
Pinto;Madrid;Madrid;-3.6918488;40.267693
Alcobendas;Madrid;Madrid;-3.636173;40.534355
Alcobendas;Madrid;Madrid;-3.6214213;40.534496
Tres Cantos;Madrid;Madrid;-3.7183206;40.597107
Madrid;Madrid;Madrid;-3.6872616;40.476738
Madrid;Madrid;Madrid;-3.7450447;40.4751
Madrid;Madrid;Madrid;-3.7057054;40.486588
Madrid;Madrid;Madrid;-3.771055;40.47089
Rozas de Madrid, Las;Madrid;Madrid;-3.900158;40.554485
Madrid;Madrid;Madrid;-3.6724114;40.491306
Madrid;Madrid;Madrid;-3.7174232;40.433907
Colmenar Viejo;Madrid;Madrid;-3.7601647;40.654564
Alcobendas;Madrid;Madrid;-3.6158822;40.5366
Tres Cantos;Madrid;Madrid;-3.7178605;40.59947
Pinto;Madrid;Madrid;-3.6895034;40.267483
Madrid;Madrid;Madrid;-3.6310318;40.369274
Madrid;Madrid;Madrid;-3.6117582;40.425274
Marbella;Málaga;Andalucía;-4.95022;36.4955
Marbella;Málaga;Andalucía;-4.95027;36.4955
Málaga;Málaga;Andalucía;-4.46014;36.681313
Málaga;Málaga;Andalucía;-4.47729;36.6745
Málaga;Málaga;Andalucía;-4.423681;36.75005
Málaga;Málaga;Andalucía;-4.420187;36.717728
Málaga;Málaga;Andalucía;-4.432096;36.729008
Málaga;Málaga;Andalucía;-4.468414;36.682686
Málaga;Málaga;Andalucía;-4.444462;36.71472
Málaga;Málaga;Andalucía;-4.43851;36.69759
Málaga;Málaga;Andalucía;-4.42291;36.71453
Málaga;Málaga;Andalucía;-4.478848;36.688347
Málaga;Málaga;Andalucía;-4.38162;36.72554
Marbella;Málaga;Andalucía;-4.954574;36.486
Málaga;Málaga;Andalucía;-4.548133;36.736282
Málaga;Málaga;Andalucía;-4.501371;36.6656
Cártama;Málaga;Andalucía;-4.46148;36.71679
Málaga;Málaga;Andalucía;-4.430549;36.712532
Málaga;Málaga;Andalucía;-4.36147;36.72022
Málaga;Málaga;Andalucía;-4.42714;36.72876
Nerja;Málaga;Andalucía;-3.868598;36.757996
Málaga;Málaga;Andalucía;-4.410714;36.71967
Cártama;Málaga;Andalucía;-4.47684;36.71929
Málaga;Málaga;Andalucía;-4.42526;36.722885
Málaga;Málaga;Andalucía;-4.48995;36.74378
Málaga;Málaga;Andalucía;-4.412117;36.71921
Málaga;Málaga;Andalucía;-4.443587;36.68925
Vélez-Málaga;Málaga;Andalucía;-4.099677;36.762177
Málaga;Málaga;Andalucía;-4.48531;36.65861
Málaga;Málaga;Andalucía;-4.552914;36.736866
Cártama;Málaga;Andalucía;-4.44805;36.722397
Málaga;Málaga;Andalucía;-4.43093;36.71779
Málaga;Málaga;Andalucía;-4.397463;36.723213
Málaga;Málaga;Andalucía;-4.505553;36.662834
Cártama;Málaga;Andalucía;-4.478137;36.724308
Málaga;Málaga;Andalucía;-4.4247;36.73494
Málaga;Málaga;Andalucía;-4.43344;36.71878
Málaga;Málaga;Andalucía;-4.449635;36.690998
Málaga;Málaga;Andalucía;-4.431298;36.72646
Estepona;Málaga;Andalucía;-5.192107;36.406254
Estepona;Málaga;Andalucía;-5.189074;36.40831
Málaga;Málaga;Andalucía;-4.414222;36.714756
Málaga;Málaga;Andalucía;-4.482725;36.658543
Málaga;Málaga;Andalucía;-4.48673;36.708794
Fuengirola;Málaga;Andalucía;-4.63198;36.52945
Málaga;Málaga;Andalucía;-4.444435;36.708725
Antequera;Málaga;Andalucía;-4.53764;37.02616
Fuengirola;Málaga;Andalucía;-4.631994;36.527805
Málaga;Málaga;Andalucía;-4.441154;36.712254
Málaga;Málaga;Andalucía;-4.362658;36.719822
Málaga;Málaga;Andalucía;-4.467911;36.711845
Málaga;Málaga;Andalucía;-4.416958;36.749477
Málaga;Málaga;Andalucía;-4.436494;36.721413
Mijas;Málaga;Andalucía;-4.647612;36.509533
Málaga;Málaga;Andalucía;-4.449213;36.722157
Málaga;Málaga;Andalucía;-4.43478;36.71781
Mijas;Málaga;Andalucía;-4.634351;36.54043
Coín;Málaga;Andalucía;-4.748654;36.663334
Málaga;Málaga;Andalucía;-4.42766;36.71718
Benalmádena;Málaga;Andalucía;-4.555039;36.584583
Málaga;Málaga;Andalucía;-4.462023;36.691597
Coín;Málaga;Andalucía;-4.756394;36.661045
Coín;Málaga;Andalucía;-4.733145;36.674873
Málaga;Málaga;Andalucía;-4.381287;36.738014
Coín;Málaga;Andalucía;-4.756351;36.661095
Casabermeja;Málaga;Andalucía;-4.429885;36.898254
Marbella;Málaga;Andalucía;-4.893553;36.509747
Marbella;Málaga;Andalucía;-4.893;36.508644
Marbella;Málaga;Andalucía;-4.89193;36.51255
Marbella;Málaga;Andalucía;-4.989212;36.48439
Ronda;Málaga;Andalucía;-5.165468;36.742855
Málaga;Málaga;Andalucía;-4.481123;36.67258
Málaga;Málaga;Andalucía;-4.481123;36.67278
Antequera;Málaga;Andalucía;-4.498217;36.62541
Vélez-Málaga;Málaga;Andalucía;-4.09346;36.74238
Marbella;Málaga;Andalucía;-4.97775;36.48484
Fuengirola;Málaga;Andalucía;-4.601167;36.564747
Estepona;Málaga;Andalucía;-5.014058;36.462994
Estepona;Málaga;Andalucía;-5.014028;36.462963
Antequera;Málaga;Andalucía;-4.497824;36.62054
Antequera;Málaga;Andalucía;-4.497854;36.620567
Antequera;Málaga;Andalucía;-4.530882;37.03285
Marbella;Málaga;Andalucía;-4.955361;36.489174
Marbella;Málaga;Andalucía;-4.955331;36.489143
Antequera;Málaga;Andalucía;-4.497884;36.620598
Benalmádena;Málaga;Andalucía;-4.535385;36.58259
Benalmádena;Málaga;Andalucía;-4.535355;36.582558
Málaga;Málaga;Andalucía;-4.482768;36.71344
Antequera;Málaga;Andalucía;-4.5616264;37.03351
Fuengirola;Málaga;Andalucía;-4.626799;36.549007
Antequera;Málaga;Andalucía;-4.560247;37.02367
Marbella;Málaga;Andalucía;-4.886452;36.510143
Marbella;Málaga;Andalucía;-4.886482;36.510117
Antequera;Málaga;Andalucía;-4.503982;36.614418
Marbella;Málaga;Andalucía;-4.883661;36.50776
Rincón de la Victoria;Málaga;Andalucía;-4.284312;36.71603
Rincón de la Victoria;Málaga;Andalucía;-4.284282;36.71606
Coín;Málaga;Andalucía;-4.733218;36.674583
Vélez-Málaga;Málaga;Andalucía;-4.104294;36.782097
Mijas;Málaga;Andalucía;-4.714735;36.492622
Antequera;Málaga;Andalucía;-4.504012;36.614388
Antequera;Málaga;Andalucía;-4.498186;36.625443
Ronda;Málaga;Andalucía;-5.167875;36.7442
Ronda;Málaga;Andalucía;-5.167845;36.74417
Coín;Málaga;Andalucía;-4.747051;36.664345
Marbella;Málaga;Andalucía;-4.883693;36.507744
Marbella;Málaga;Andalucía;-4.952054;36.489937
Cártama;Málaga;Andalucía;-4.620914;36.718967
Cártama;Málaga;Andalucía;-4.443992;36.730038
Cártama;Málaga;Andalucía;-4.443992;36.730038
Antequera;Málaga;Andalucía;-4.537524;37.0266
Estepona;Málaga;Andalucía;-5.160388;36.434433
Málaga;Málaga;Andalucía;-4.4769197;36.673203
Vélez-Málaga;Málaga;Andalucía;-4.104763;36.77988
Cártama;Málaga;Andalucía;-4.43408;36.73643
Málaga;Málaga;Andalucía;-4.55753;36.73486
Málaga;Málaga;Andalucía;-4.425891;36.753967
Málaga;Málaga;Andalucía;-4.46331;36.69287
Málaga;Málaga;Andalucía;-4.467445;36.73082
Cártama;Málaga;Andalucía;-4.484278;36.7185
Málaga;Málaga;Andalucía;-4.494141;36.6954
Málaga;Málaga;Andalucía;-4.418768;36.73514
Málaga;Málaga;Andalucía;-4.452784;36.69557
Moclinejo;Málaga;Andalucía;-4.265452;36.71254
Málaga;Málaga;Andalucía;-4.449733;36.721058
Málaga;Málaga;Andalucía;-4.442367;36.702152
Málaga;Málaga;Andalucía;-4.49136;36.738815
Málaga;Málaga;Andalucía;-4.482982;36.690308
Fuengirola;Málaga;Andalucía;-4.617622;36.548126
Málaga;Málaga;Andalucía;-4.543701;36.722607
Vélez-Málaga;Málaga;Andalucía;-4.096825;36.752033
Málaga;Málaga;Andalucía;-4.351078;36.723408
Málaga;Málaga;Andalucía;-4.380575;36.721676
Antequera;Málaga;Andalucía;-4.528667;36.613167
Antequera;Málaga;Andalucía;-4.51;36.6068
Cártama;Málaga;Andalucía;-4.4396;36.7216
Málaga;Málaga;Andalucía;-4.4671;36.7121
Benahavís;Málaga;Andalucía;-5.017651;36.49226
Antequera;Málaga;Andalucía;-4.5704;37.023438
Vélez-Málaga;Málaga;Andalucía;-4.102033;36.73683
Algarrobo;Málaga;Andalucía;-4.057975;36.74875
Estepona;Málaga;Andalucía;-5.038765;36.463676
Málaga;Málaga;Andalucía;-4.434483;36.710556
Málaga;Málaga;Andalucía;-4.42449;36.71946
Marbella;Málaga;Andalucía;-4.991673;36.494915
Málaga;Málaga;Andalucía;-4.48805;36.65047
Málaga;Málaga;Andalucía;-4.469225;36.705856
Málaga;Málaga;Andalucía;-4.462357;36.681248
Mijas;Málaga;Andalucía;-4.643968;36.537476
Málaga;Málaga;Andalucía;-4.364572;36.722378
Cártama;Málaga;Andalucía;-4.481403;36.72016
Málaga;Málaga;Andalucía;-4.438446;36.703865
Mijas;Málaga;Andalucía;-4.676989;36.507057
Málaga;Málaga;Andalucía;-4.41791;36.72787
Málaga;Málaga;Andalucía;-4.441931;36.812946
Antequera;Málaga;Andalucía;-4.52731;36.61219
Málaga;Málaga;Andalucía;-4.549763;36.731262
Antequera;Málaga;Andalucía;-4.499448;36.6248
Estepona;Málaga;Andalucía;-5.010904;36.473248
Fuengirola;Málaga;Andalucía;-4.620855;36.558834
Archidona;Málaga;Andalucía;-4.391111;37.0919
Málaga;Málaga;Andalucía;-4.42383;36.72372
Benalmádena;Málaga;Andalucía;-4.537388;36.5837
Mijas;Málaga;Andalucía;-4.629542;36.556934
Antequera;Málaga;Andalucía;-4.48823;36.63734
Antequera;Málaga;Andalucía;-4.510834;36.601288
Málaga;Málaga;Andalucía;-4.426435;36.718533
Antequera;Málaga;Andalucía;-4.494424;36.62593
Antequera;Málaga;Andalucía;-4.49326;36.626156
Marbella;Málaga;Andalucía;-4.903371;36.50751
Antequera;Málaga;Andalucía;-4.490428;36.63183
Moclinejo;Málaga;Andalucía;-4.254919;36.725452
Antequera;Málaga;Andalucía;-4.555725;37.168266
Málaga;Málaga;Andalucía;-4.549399;36.73069
Estepona;Málaga;Andalucía;-5.186244;36.40881
Ronda;Málaga;Andalucía;-5.16539;36.74596
Estepona;Málaga;Andalucía;-5.0465865;36.46319
Málaga;Málaga;Andalucía;-4.394467;36.739944
Marbella;Málaga;Andalucía;-4.938327;36.50098
Murcia;Murcia;Murcia;-1.1633;38.0235
Murcia;Murcia;Murcia;-1.16326;38.0235
Murcia;Murcia;Murcia;-1.173348;38.02866
Torre-Pacheco;Murcia;Murcia;-1.022554;37.80973
Murcia;Murcia;Murcia;-1.144664;38.00568
Cartagena;Murcia;Murcia;-0.990578;37.606113
Murcia;Murcia;Murcia;-1.120074;37.9828
Alcantarilla;Murcia;Murcia;-1.202602;37.97396
Murcia;Murcia;Murcia;-1.113106;37.97752
Murcia;Murcia;Murcia;-1.114947;37.98749
Murcia;Murcia;Murcia;-1.128325;38.002525
Fuente Álamo de Murcia;Murcia;Murcia;-1.187253;37.72702
Lorca;Murcia;Murcia;-1.692754;37.677032
Abarán;Murcia;Murcia;-1.217261;38.05551
Torre-Pacheco;Murcia;Murcia;-0.966488;37.738003
Caravaca de la Cruz;Murcia;Murcia;-1.866458;38.097797
Murcia;Murcia;Murcia;-1.142255;37.993683
Murcia;Murcia;Murcia;-1.138425;37.99716
San Pedro del Pinatar;Murcia;Murcia;-0.75795;37.81925
Murcia;Murcia;Murcia;-1.127512;37.969105
Murcia;Murcia;Murcia;-1.453744;37.775192
Murcia;Murcia;Murcia;-1.16372;37.93277
Yecla;Murcia;Murcia;-1.10346;38.615654
Murcia;Murcia;Murcia;-1.113455;37.97721
Abarán;Murcia;Murcia;-1.219443;38.063572
Cartagena;Murcia;Murcia;-1.010968;37.65433
Murcia;Murcia;Murcia;-1.163332;37.935524
Cartagena;Murcia;Murcia;-0.972746;37.597523
Caravaca de la Cruz;Murcia;Murcia;-1.866819;38.10262
Lorca;Murcia;Murcia;-1.711529;37.655003
Cartagena;Murcia;Murcia;-0.782704;37.647865
Yecla;Murcia;Murcia;-1.092887;38.615204
Lorca;Murcia;Murcia;-1.705069;37.658337
Murcia;Murcia;Murcia;-1.1477;38.0331
Torre-Pacheco;Murcia;Murcia;-0.844998;37.75989
Abarán;Murcia;Murcia;-1.231227;38.08266
Murcia;Murcia;Murcia;-1.169062;38.0277
Cartagena;Murcia;Murcia;-1.048105;37.718643
Abarán;Murcia;Murcia;-1.2174;38.05938
Cartagena;Murcia;Murcia;-1.075804;37.69196
Fuente Álamo de Murcia;Murcia;Murcia;-1.070244;37.76728
Cartagena;Murcia;Murcia;-0.868197;37.648502
Ojós;Murcia;Murcia;-1.34267;38.148903
Bullas;Murcia;Murcia;-1.660932;38.052807
Blanca;Murcia;Murcia;-1.334314;38.19207
Cieza;Murcia;Murcia;-1.433424;38.25941
Murcia;Murcia;Murcia;-1.150188;38.011433
Murcia;Murcia;Murcia;-1.143102;38.025192
Murcia;Murcia;Murcia;-1.12936;37.981995
Cartagena;Murcia;Murcia;-0.710104;37.627632
Cartagena;Murcia;Murcia;-1.00577;37.6152
Santomera;Murcia;Murcia;-1.052271;38.064075
Moratalla;Murcia;Murcia;-1.195912;37.94503
Abarán;Murcia;Murcia;-1.21806;38.05942
Murcia;Murcia;Murcia;-1.11129;37.98948
Lorca;Murcia;Murcia;-1.801359;37.575718
Cartagena;Murcia;Murcia;-0.98878;37.6025
Murcia;Murcia;Murcia;-1.126587;37.98827
Murcia;Murcia;Murcia;-1.122272;37.989735
Lorca;Murcia;Murcia;-1.706791;37.65749
Blanca;Murcia;Murcia;-1.334464;38.192062
Caravaca de la Cruz;Murcia;Murcia;-1.82116;38.10357
San Pedro del Pinatar;Murcia;Murcia;-0.789358;37.838352
Cartagena;Murcia;Murcia;-1.003453;37.629192
Murcia;Murcia;Murcia;-1.124134;37.98213
Murcia;Murcia;Murcia;-1.124134;37.98213
Cartagena;Murcia;Murcia;-1.0029566;37.62891
Alhama de Murcia;Murcia;Murcia;-1.428612;37.795815
Cartagena;Murcia;Murcia;-0.986034;37.627373
Murcia;Murcia;Murcia;-1.138274;37.998707
Alhama de Murcia;Murcia;Murcia;-1.428134;37.793808
Torre-Pacheco;Murcia;Murcia;-0.95973;37.74223
Murcia;Murcia;Murcia;-1.135858;37.99676
Murcia;Murcia;Murcia;-1.138294;37.998734
San Javier;Murcia;Murcia;-0.838388;37.79497
Torres de Cotillas, Las;Murcia;Murcia;-1.245379;38.022522
Lorca;Murcia;Murcia;-1.712332;37.654736
Moratalla;Murcia;Murcia;-1.068693;38.055325
Torre-Pacheco;Murcia;Murcia;-0.9523152;37.73445
Torre-Pacheco;Murcia;Murcia;-0.9608148;37.740654
Torre-Pacheco;Murcia;Murcia;-0.9498342;37.74118
Torre-Pacheco;Murcia;Murcia;-0.9567288;37.816086
Molina de Segura;Murcia;Murcia;-1.210108;38.059143
Murcia;Murcia;Murcia;-1.145539;38.00515
Cartagena;Murcia;Murcia;-0.921393;37.576637
Murcia;Murcia;Murcia;-1.115224;37.987473
Murcia;Murcia;Murcia;-1.137173;38.01828
Murcia;Murcia;Murcia;-1.086568;37.999046
San Javier;Murcia;Murcia;-0.843048;37.806217
Murcia;Murcia;Murcia;-1.114679;37.984776
Santomera;Murcia;Murcia;-1.038701;38.062828
Torres de Cotillas, Las;Murcia;Murcia;-1.253361;38.03511
Lorca;Murcia;Murcia;-1.802376;37.567875
San Pedro del Pinatar;Murcia;Murcia;-0.777624;37.838898
Mula;Murcia;Murcia;-1.481901;38.04123
Cartagena;Murcia;Murcia;-0.988334;37.62023
Cartagena;Murcia;Murcia;-0.730917;37.67355
Yecla;Murcia;Murcia;-1.130873;38.619972
Moratalla;Murcia;Murcia;-1.085666;38.042927
Murcia;Murcia;Murcia;-1.116629;37.991684
Cartagena;Murcia;Murcia;-0.98408;37.616524
Caravaca de la Cruz;Murcia;Murcia;-1.865543;38.111095
Murcia;Murcia;Murcia;-1.1478145;38.00214
Murcia;Murcia;Murcia;-1.137521;38.01867
San Javier;Murcia;Murcia;-0.827036;37.802372
Murcia;Murcia;Murcia;-1.134087;37.96061
Murcia;Murcia;Murcia;-1.129383;37.995647
San Pedro del Pinatar;Murcia;Murcia;-0.790182;37.83373
San Pedro del Pinatar;Murcia;Murcia;-0.790133;37.83363
Águilas;Murcia;Murcia;-1.564833;37.410007
Murcia;Murcia;Murcia;-1.142242;38.023834
Cartagena;Murcia;Murcia;-1.00448;37.6436
Fuente Álamo de Murcia;Murcia;Murcia;-1.22813;37.732098
Cartagena;Murcia;Murcia;-0.99639;37.61318
Cartagena;Murcia;Murcia;-0.981977;37.61095
Fuente Álamo de Murcia;Murcia;Murcia;-1.166117;37.722874
Murcia;Murcia;Murcia;-1.133844;37.99278
Murcia;Murcia;Murcia;-1.14402;37.99002
Cartagena;Murcia;Murcia;-0.9596;37.61843
Cieza;Murcia;Murcia;-1.4306;38.2566
Lorca;Murcia;Murcia;-1.69929;37.67559
Murcia;Murcia;Murcia;-1.134187;37.990513
Murcia;Murcia;Murcia;-1.15038;38.0312
Murcia;Murcia;Murcia;-1.117701;37.991375
Lorca;Murcia;Murcia;-1.679954;37.683025
Murcia;Murcia;Murcia;-1.163322;37.936886
Fuente Álamo de Murcia;Murcia;Murcia;-1.166745;37.7303
Murcia;Murcia;Murcia;-1.117165;37.99589
Murcia;Murcia;Murcia;-1.20525;37.93395
Mazarrón;Murcia;Murcia;-1.270296;37.572193
Lorca;Murcia;Murcia;-1.590787;37.712704
Mazarrón;Murcia;Murcia;-1.315613;37.58967
San Pedro del Pinatar;Murcia;Murcia;-0.786312;37.83226
Lorca;Murcia;Murcia;-1.76036;37.611034
Alcantarilla;Murcia;Murcia;-1.202863;37.973476
Águilas;Murcia;Murcia;-1.601036;37.40117
Torre-Pacheco;Murcia;Murcia;-1.010175;37.79879
Cartagena;Murcia;Murcia;-0.955041;37.68358
Murcia;Murcia;Murcia;-1.141114;37.993366
Cartagena;Murcia;Murcia;-0.962666;37.689472
Archena;Murcia;Murcia;-1.294325;38.122654
Archena;Murcia;Murcia;-1.299267;38.117496
Archena;Murcia;Murcia;-1.304999;38.116753
Torre-Pacheco;Murcia;Murcia;-1.002435;37.792873
Archena;Murcia;Murcia;-1.299023;38.11433
Torre-Pacheco;Murcia;Murcia;-0.976522;37.796665
Torre-Pacheco;Murcia;Murcia;-1.003088;37.823597
Archena;Murcia;Murcia;-1.300301;38.113194
San Javier;Murcia;Murcia;-0.874034;37.778423
Archena;Murcia;Murcia;-1.28836;38.110523
Cartagena;Murcia;Murcia;-1.037005;37.762486
Torre-Pacheco;Murcia;Murcia;-0.913972;37.73792
Torre-Pacheco;Murcia;Murcia;-1.004689;37.800137
Murcia;Murcia;Murcia;-0.893343;37.815983
Torre-Pacheco;Murcia;Murcia;-0.954833;37.739944
Cartagena;Murcia;Murcia;-0.955313;37.617413
Torre-Pacheco;Murcia;Murcia;-0.955019;37.740047
Abarán;Murcia;Murcia;-1.2108834;38.051533
Abarán;Murcia;Murcia;-1.2051479;38.066143
Ulea;Murcia;Murcia;-1.30546;38.129257
Noáin (Valle de Elorz)/Noain (Elortzibar);Navarra;Navarra;-1.63317;42.7682
Noáin (Valle de Elorz)/Noain (Elortzibar);Navarra;Navarra;-1.63316;42.7683
Murillo el Cuende;Navarra;Navarra;-1.574121;42.32068
Tafalla;Navarra;Navarra;-1.675516;42.51422
Zizur Mayor/Zizur Nagusia;Navarra;Navarra;-1.68422;42.792717
Estella-Lizarra;Navarra;Navarra;-2.02817;42.656742
Guesálaz/Gesalatz;Navarra;Navarra;-1.933427;42.753723
Sartaguda;Navarra;Navarra;-2.058693;42.38061
Berrioplano/Berriobeiti;Navarra;Navarra;-1.68169;42.84359
Oteiza;Navarra;Navarra;-1.95542;42.6195
Cizur;Navarra;Navarra;-1.676567;42.78712
Galar;Navarra;Navarra;-1.63945;42.78959
Yesa;Navarra;Navarra;-1.203379;42.62066
Olite/Erriberri;Navarra;Navarra;-1.665235;42.493904
Tiebas-Muruarte de Reta;Navarra;Navarra;-1.651849;42.688374
Orkoien;Navarra;Navarra;-1.697298;42.82535
Lekunberri;Navarra;Navarra;-1.896017;43.004612
Villatuerta;Navarra;Navarra;-1.995539;42.662083
Tudela;Navarra;Navarra;-1.620353;42.062332
Estella-Lizarra;Navarra;Navarra;-2.03245;42.66445
Lekunberri;Navarra;Navarra;-1.909339;43.00454
Ezcabarte;Navarra;Navarra;-1.619069;42.856155
Erro;Navarra;Navarra;-1.369789;42.97904
Arce/Artzi;Navarra;Navarra;-1.385026;42.776115
Corella;Navarra;Navarra;-1.789068;42.112774
Orkoien;Navarra;Navarra;-1.68909;42.82009
Pamplona/Iruña;Navarra;Navarra;-1.62682;42.81322
Pamplona/Iruña;Navarra;Navarra;-1.627986;42.804104
Galar;Navarra;Navarra;-1.633391;42.78608
Ansoáin/Antsoain;Navarra;Navarra;-1.650222;42.833336
Ezcabarte;Navarra;Navarra;-1.615217;42.844635
Altsasu/Alsasua;Navarra;Navarra;-2.160999;42.891235
Tudela;Navarra;Navarra;-1.674866;42.121582
Guesálaz/Gesalatz;Navarra;Navarra;-1.887656;42.77505
Cáseda;Navarra;Navarra;-1.363618;42.523346
Valle de Egüés/Eguesibar;Navarra;Navarra;-1.592119;42.8158
Tudela;Navarra;Navarra;-1.589498;42.040707
Zizur Mayor/Zizur Nagusia;Navarra;Navarra;-1.700146;42.78895
Larraga;Navarra;Navarra;-1.85065;42.55862
Valle de Egüés/Eguesibar;Navarra;Navarra;-1.583274;42.829308
Noáin (Valle de Elorz)/Noain (Elortzibar);Navarra;Navarra;-1.618726;42.73238
Fontellas;Navarra;Navarra;-1.600613;42.012207
Fontellas;Navarra;Navarra;-1.600367;42.01257
Valle de Egüés/Eguesibar;Navarra;Navarra;-1.589895;42.816963
Aranguren;Navarra;Navarra;-1.624516;42.786163
Valle de Egüés/Eguesibar;Navarra;Navarra;-1.589895;42.816963
Roncal/Erronkari;Navarra;Navarra;-0.956468;42.806
Erro;Navarra;Navarra;-1.366458;42.9789
Erro;Navarra;Navarra;-1.366478;42.97895
Erro;Navarra;Navarra;-1.366498;42.978973
Lesaka;Navarra;Navarra;-1.700864;43.27624
Estella-Lizarra;Navarra;Navarra;-2.028333;42.654915
Noáin (Valle de Elorz)/Noain (Elortzibar);Navarra;Navarra;-1.613247;42.732735
Erro;Navarra;Navarra;-1.586904;42.83653
Tudela;Navarra;Navarra;-1.642569;42.076145
Pamplona/Iruña;Navarra;Navarra;-1.638428;42.81546
Pamplona/Iruña;Navarra;Navarra;-1.638443;42.815468
Ansoáin/Antsoain;Navarra;Navarra;-1.6861;42.830063
Aranguren;Navarra;Navarra;-1.6115102;42.800457
Ansoáin/Antsoain;Navarra;Navarra;-1.679197;42.833603
Tudela;Navarra;Navarra;-1.58857;42.03557
Iza/Itza;Navarra;Navarra;-1.744144;42.862675
Valtierra;Navarra;Navarra;-1.675074;42.200317
Cascante;Navarra;Navarra;-1.676131;41.99307
Valtierra;Navarra;Navarra;-1.675974;42.20028
Fontellas;Navarra;Navarra;-1.601074;42.01253
Noáin (Valle de Elorz)/Noain (Elortzibar);Navarra;Navarra;-1.635383;42.77596
Tudela;Navarra;Navarra;-1.599921;42.058025
Tafalla;Navarra;Navarra;-1.670663;42.533875
Pamplona/Iruña;Navarra;Navarra;-1.645583;42.797783
Liédena;Navarra;Navarra;-1.278242;42.6141
Aranguren;Navarra;Navarra;-1.634673;42.776344
Castejón;Navarra;Navarra;-1.699955;42.136894
Luzaide/Valcarlos;Navarra;Navarra;-1.271734;43.116837
Villava/Atarrabia;Navarra;Navarra;-1.6094804;42.835114
Aranguren;Navarra;Navarra;-1.628231;42.775543
Ansoáin/Antsoain;Navarra;Navarra;-1.675203;42.83269
Pamplona/Iruña;Navarra;Navarra;-1.655796;42.82052
Pamplona/Iruña;Navarra;Navarra;-1.655826;42.820545
Tudela;Navarra;Navarra;-1.59828;42.05252
Altsasu/Alsasua;Navarra;Navarra;-2.17921;42.88366
Orkoien;Navarra;Navarra;-1.688151;42.819748
Pamplona/Iruña;Navarra;Navarra;-1.63424;42.827183
Pamplona/Iruña;Navarra;Navarra;-1.661513;42.797794
Pamplona/Iruña;Navarra;Navarra;-1.665279;42.804844
Pamplona/Iruña;Navarra;Navarra;-1.665279;42.804844
Pamplona/Iruña;Navarra;Navarra;-1.625395;42.81418
Pamplona/Iruña;Navarra;Navarra;-1.625395;42.81418
Pamplona/Iruña;Navarra;Navarra;-1.64504;42.819702
Pamplona/Iruña;Navarra;Navarra;-1.64504;42.819702
Pamplona/Iruña;Navarra;Navarra;-1.624121;42.833416
Galar;Navarra;Navarra;-1.638223;42.78978
Pamplona/Iruña;Navarra;Navarra;-1.625395;42.81418
Pamplona/Iruña;Navarra;Navarra;-1.658069;42.817734
Tudela;Navarra;Navarra;-1.614306;42.04889
Peralta/Azkoien;Navarra;Navarra;-1.799295;42.336475
Tudela;Navarra;Navarra;-1.605089;42.06085
Tudela;Navarra;Navarra;-1.620995;42.04201
Tudela;Navarra;Navarra;-1.619265;42.066414
Baztan;Navarra;Navarra;-1.609198;43.13899
Baztan;Navarra;Navarra;-1.521313;43.14871
Tafalla;Navarra;Navarra;-1.672852;42.530354
Tafalla;Navarra;Navarra;-1.672852;42.530354
Tudela;Navarra;Navarra;-1.614547;42.0591
Estella-Lizarra;Navarra;Navarra;-2.032962;42.673878
Altsasu/Alsasua;Navarra;Navarra;-2.164386;42.89156
Tudela;Navarra;Navarra;-1.620995;42.04201
Tafalla;Navarra;Navarra;-1.672637;42.53022
Lekunberri;Navarra;Navarra;-1.889054;42.99928
Abaurregaina/Abaurrea Alta;Navarra;Navarra;-1.20355;42.90375
Olite/Erriberri;Navarra;Navarra;-1.651701;42.48409
Sesma;Navarra;Navarra;-2.084818;42.479115
Mendavia;Navarra;Navarra;-2.19977;42.4419
Baztan;Navarra;Navarra;-1.51636;43.1463
Pamplona/Iruña;Navarra;Navarra;-1.668614;42.808285
Pamplona/Iruña;Navarra;Navarra;-1.668686;42.808254
Pamplona/Iruña;Navarra;Navarra;-1.633623;42.833294
Pamplona/Iruña;Navarra;Navarra;-1.641752;42.814247
Pamplona/Iruña;Navarra;Navarra;-1.629555;42.83165
Pamplona/Iruña;Navarra;Navarra;-1.620192;42.81493
Pamplona/Iruña;Navarra;Navarra;-1.641113;42.79776
Pamplona/Iruña;Navarra;Navarra;-1.661934;42.814648
Pamplona/Iruña;Navarra;Navarra;-1.661851;42.814663
Pamplona/Iruña;Navarra;Navarra;-1.661432;42.824238
Pamplona/Iruña;Navarra;Navarra;-1.661477;42.82433
Pamplona/Iruña;Navarra;Navarra;-1.63522;42.81157
Pamplona/Iruña;Navarra;Navarra;-1.641043;42.80945
Pamplona/Iruña;Navarra;Navarra;-1.64096;42.80945
Pamplona/Iruña;Navarra;Navarra;-1.654004;42.806522
Pamplona/Iruña;Navarra;Navarra;-1.648192;42.821705
Pamplona/Iruña;Navarra;Navarra;-1.648231;42.82169
Valle de Egüés/Eguesibar;Navarra;Navarra;-1.596441;42.81333
Valle de Egüés/Eguesibar;Navarra;Navarra;-1.586938;42.810795
Aranguren;Navarra;Navarra;-1.596324;42.79878
Valle de Egüés/Eguesibar;Navarra;Navarra;-1.553155;42.82469
Valle de Egüés/Eguesibar;Navarra;Navarra;-1.586705;42.81943
Valle de Egüés/Eguesibar;Navarra;Navarra;-1.582688;42.822933
Aranguren;Navarra;Navarra;-1.624444;42.771942
Aranguren;Navarra;Navarra;-1.625;42.772778
Aranguren;Navarra;Navarra;-1.624722;42.772778
Aranguren;Navarra;Navarra;-1.627222;42.773056
Puente la Reina/Gares;Navarra;Navarra;-1.815556;42.670555
Pamplona/Iruña;Navarra;Navarra;-1.663859;42.811455
Pamplona/Iruña;Navarra;Navarra;-1.643328;42.813545
Pamplona/Iruña;Navarra;Navarra;-1.64927;42.807964
Galar;Navarra;Navarra;-1.654801;42.773094
Cendea de Olza/Oltza Zendea;Navarra;Navarra;-1.745409;42.813263
Ansoáin/Antsoain;Navarra;Navarra;-1.658282;42.833126
Ansoáin/Antsoain;Navarra;Navarra;-1.658238;42.833164
Ansoáin/Antsoain;Navarra;Navarra;-1.660274;42.83552
Ansoáin/Antsoain;Navarra;Navarra;-1.662066;42.83413
Ansoáin/Antsoain;Navarra;Navarra;-1.657591;42.83554
Ansoáin/Antsoain;Navarra;Navarra;-1.655422;42.838154
Berrioplano/Berriobeiti;Navarra;Navarra;-1.691763;42.85399
Berrioplano/Berriobeiti;Navarra;Navarra;-1.689562;42.854218
Berrioplano/Berriobeiti;Navarra;Navarra;-1.683495;42.84928
Berrioplano/Berriobeiti;Navarra;Navarra;-1.721138;42.86373
Noáin (Valle de Elorz)/Noain (Elortzibar);Navarra;Navarra;-1.638229;42.75418
Pamplona/Iruña;Navarra;Navarra;-1.635289;42.80149
Pamplona/Iruña;Navarra;Navarra;-1.64534;42.81159
Pamplona/Iruña;Navarra;Navarra;-1.666899;42.830006
Pamplona/Iruña;Navarra;Navarra;-1.668427;42.821968
Pamplona/Iruña;Navarra;Navarra;-1.657191;42.819386
Pamplona/Iruña;Navarra;Navarra;-1.672398;42.81054
Galar;Navarra;Navarra;-1.654753;42.773678
Anue;Navarra;Navarra;-1.60894;42.931423
Pamplona/Iruña;Navarra;Navarra;-1.65675;42.817062
Zizur Mayor/Zizur Nagusia;Navarra;Navarra;-1.698371;42.78699
Galar;Navarra;Navarra;-1.634799;42.784943
Urdazubi/Urdax;Navarra;Navarra;-1.507639;43.29128
Villafranca;Navarra;Navarra;-1.738748;42.26353
Irurtzun;Navarra;Navarra;-1.831256;42.919125
Galar;Navarra;Navarra;-1.632925;42.73663
Pamplona/Iruña;Navarra;Navarra;-1.663599;42.81179
Guesálaz/Gesalatz;Navarra;Navarra;-1.939176;42.72005
Arbizu;Navarra;Navarra;-2.03687;42.916824
Legarda;Navarra;Navarra;-1.7777059;42.711414
Zizur Mayor/Zizur Nagusia;Navarra;Navarra;-1.6932529;42.79097
Vilamartín de Valdeorras;Ourense;Galicia;-7.072508;42.40799
Ourense;Ourense;Galicia;-7.862543;42.321037
Barbadás;Ourense;Galicia;-7.883468;42.31748
Ourense;Ourense;Galicia;-7.853364;42.34324
Ourense;Ourense;Galicia;-7.861659;42.337723
Ourense;Ourense;Galicia;-7.861659;42.337723
Ourense;Ourense;Galicia;-7.86169;42.327347
Ourense;Ourense;Galicia;-7.86169;42.327347
Ourense;Ourense;Galicia;-7.86169;42.327347
Castro Caldelas;Ourense;Galicia;-7.423978;42.37121
Allariz;Ourense;Galicia;-7.80485;42.193977
Allariz;Ourense;Galicia;-7.804856;42.193974
Verín;Ourense;Galicia;-7.425074;41.82515
Cenlle;Ourense;Galicia;-8.028995;42.326942
Barbadás;Ourense;Galicia;-7.894788;42.351295
Xinzo de Limia;Ourense;Galicia;-7.731959;42.072742
Xinzo de Limia;Ourense;Galicia;-7.727157;42.075867
Verín;Ourense;Galicia;-7.445949;41.939438
Lobios;Ourense;Galicia;-8.106146;41.862587
Arnoia, A;Ourense;Galicia;-8.153301;42.260162
Carballiño, O;Ourense;Galicia;-8.067169;42.430687
San Cibrao das Viñas;Ourense;Galicia;-7.823;42.286
San Cibrao das Viñas;Ourense;Galicia;-7.866466;42.313114
Verín;Ourense;Galicia;-7.442649;41.910942
Mezquita, A;Ourense;Galicia;-7.054087;42.038822
Ourense;Ourense;Galicia;-7.8393645;42.295586
Palencia;Palencia;Castilla y León;-4.511121;41.990765
Cervera de Pisuerga;Palencia;Castilla y León;-4.496746;42.86512
Palencia;Palencia;Castilla y León;-4.510767;42.00454
Cervera de Pisuerga;Palencia;Castilla y León;-4.497621;42.861736
Frómista;Palencia;Castilla y León;-4.4038;42.269062
Velilla del Río Carrión;Palencia;Castilla y León;-4.7477;42.8944
Venta de Baños;Palencia;Castilla y León;-4.518805;41.900192
Villarramiel;Palencia;Castilla y León;-4.912684;42.043613
Frómista;Palencia;Castilla y León;-4.40586;42.26789
Velilla del Río Carrión;Palencia;Castilla y León;-4.8436;42.8275
Carrión de los Condes;Palencia;Castilla y León;-4.6172;42.34131
Palencia;Palencia;Castilla y León;-4.519341;42.01191
Palencia;Palencia;Castilla y León;-4.518477;42.004864
Torquemada;Palencia;Castilla y León;-4.280605;42.03616
Olmos de Ojeda;Palencia;Castilla y León;-4.291774;42.71779
Dueñas;Palencia;Castilla y León;-4.551042;41.85898
Palencia;Palencia;Castilla y León;-4.548834;42.02575
Frómista;Palencia;Castilla y León;-4.406918;42.264267
Venta de Baños;Palencia;Castilla y León;-4.510273;41.91378
Aguilar de Campoo;Palencia;Castilla y León;-4.154992;42.86685
Palencia;Palencia;Castilla y León;-4.519373;41.98961
Cervera de Pisuerga;Palencia;Castilla y León;-4.495923;42.862846
Palencia;Palencia;Castilla y León;-4.525546;42.013767
Dueñas;Palencia;Castilla y León;-4.56733;41.838745
Quintana del Puente;Palencia;Castilla y León;-4.209016;42.08493
Grijota;Palencia;Castilla y León;-4.577387;42.048187
Aguilar de Campoo;Palencia;Castilla y León;-4.252358;42.784397
Palencia;Palencia;Castilla y León;-4.5354;42.016174
Villamuriel de Cerrato;Palencia;Castilla y León;-4.513697;41.948715
Villamuriel de Cerrato;Palencia;Castilla y León;-4.5155096;41.95282
Palmas de Gran Canaria, Las;Palmas, Las;Canarias;-15.4373;28.0989
Palmas de Gran Canaria, Las;Palmas, Las;Canarias;-15.412727;28.158998
Arrecife;Palmas, Las;Canarias;-13.572232;28.976698
Ingenio;Palmas, Las;Canarias;-15.593546;27.760836
Telde;Palmas, Las;Canarias;-15.387281;28.0112
Palmas de Gran Canaria, Las;Palmas, Las;Canarias;-15.450176;28.12903
Pájara;Palmas, Las;Canarias;-14.325935;28.057907
Oliva, La;Palmas, Las;Canarias;-13.871111;28.73385
Oliva, La;Palmas, Las;Canarias;-13.864742;28.728622
Oliva, La;Palmas, Las;Canarias;-13.864772;28.728651
Palmas de Gran Canaria, Las;Palmas, Las;Canarias;-15.45023;28.128595
Palmas de Gran Canaria, Las;Palmas, Las;Canarias;-15.45017;28.128506
Mogán;Palmas, Las;Canarias;-15.704861;27.79517
Mogán;Palmas, Las;Canarias;-15.704891;27.79547
Mogán;Palmas, Las;Canarias;-15.704921;27.795229
Mogán;Palmas, Las;Canarias;-15.704951;27.79526
Mogán;Palmas, Las;Canarias;-15.704981;27.795288
Mogán;Palmas, Las;Canarias;-15.705071;27.79538
Mogán;Palmas, Las;Canarias;-15.704861;27.79517
Mogán;Palmas, Las;Canarias;-15.704871;27.79518
Mogán;Palmas, Las;Canarias;-15.704911;27.79522
Mogán;Palmas, Las;Canarias;-15.704931;27.795238
Mogán;Palmas, Las;Canarias;-15.704941;27.79525
Mogán;Palmas, Las;Canarias;-15.704881;27.795189
Mogán;Palmas, Las;Canarias;-15.704921;27.795229
Mogán;Palmas, Las;Canarias;-15.704901;27.79521
Mogán;Palmas, Las;Canarias;-15.705011;27.795319
Mogán;Palmas, Las;Canarias;-15.705041;27.79535
Palmas de Gran Canaria, Las;Palmas, Las;Canarias;-15.45023;28.128595
Palmas de Gran Canaria, Las;Palmas, Las;Canarias;-15.4502;28.128534
Mogán;Palmas, Las;Canarias;-15.705091;27.795399
Mogán;Palmas, Las;Canarias;-15.704891;27.795198
Palmas de Gran Canaria, Las;Palmas, Las;Canarias;-15.450236;28.128626
Palmas de Gran Canaria, Las;Palmas, Las;Canarias;-15.450266;28.128654
Tías;Palmas, Las;Canarias;-13.672116;28.924768
Telde;Palmas, Las;Canarias;-15.391281;27.9679
Mogán;Palmas, Las;Canarias;-15.704015;27.796026
Ingenio;Palmas, Las;Canarias;-15.580276;27.763166
Ingenio;Palmas, Las;Canarias;-15.580531;27.762733
Oliva, La;Palmas, Las;Canarias;-13.86743;28.732637
Agaete;Palmas, Las;Canarias;-15.707808;28.106398
Ingenio;Palmas, Las;Canarias;-15.576308;27.75937
Teguise;Palmas, Las;Canarias;-13.50908;28.98658
Pájara;Palmas, Las;Canarias;-14.325453;28.055716
Ingenio;Palmas, Las;Canarias;-15.576278;27.759401
Ingenio;Palmas, Las;Canarias;-15.593322;27.751951
Antigua;Palmas, Las;Canarias;-13.858501;28.397955
Ingenio;Palmas, Las;Canarias;-15.593352;27.751982
Telde;Palmas, Las;Canarias;-15.414377;28.006529
Telde;Palmas, Las;Canarias;-15.397705;28.000734
Palmas de Gran Canaria, Las;Palmas, Las;Canarias;-15.427963;28.12145
Teguise;Palmas, Las;Canarias;-13.509081;28.986534
Palmas de Gran Canaria, Las;Palmas, Las;Canarias;-15.417868;28.080938
Palmas de Gran Canaria, Las;Palmas, Las;Canarias;-15.415862;28.10815
Palmas de Gran Canaria, Las;Palmas, Las;Canarias;-15.415862;28.10815
Palmas de Gran Canaria, Las;Palmas, Las;Canarias;-15.427993;28.12148
Palmas de Gran Canaria, Las;Palmas, Las;Canarias;-15.417641;28.083603
Palmas de Gran Canaria, Las;Palmas, Las;Canarias;-15.424761;28.119202
Palmas de Gran Canaria, Las;Palmas, Las;Canarias;-15.424725;28.11925
Santa Lucía de Tirajana;Palmas, Las;Canarias;-15.451008;27.835012
Agaete;Palmas, Las;Canarias;-15.7021;28.102074
Puerto del Rosario;Palmas, Las;Canarias;-13.853061;28.500422
Arucas;Palmas, Las;Canarias;-15.52777;28.115814
Pájara;Palmas, Las;Canarias;-14.224907;28.166174
Antigua;Palmas, Las;Canarias;-13.863417;28.399738
Pájara;Palmas, Las;Canarias;-14.019933;28.216963
Pájara;Palmas, Las;Canarias;-14.35479;28.059273
Oliva, La;Palmas, Las;Canarias;-13.862628;28.72853
Puerto del Rosario;Palmas, Las;Canarias;-13.861513;28.498705
Palmas de Gran Canaria, Las;Palmas, Las;Canarias;-15.418506;28.07108
Palmas de Gran Canaria, Las;Palmas, Las;Canarias;-15.437885;28.126122
Arucas;Palmas, Las;Canarias;-15.510482;28.109276
Agüimes;Palmas, Las;Canarias;-15.432058;27.863308
Gáldar;Palmas, Las;Canarias;-15.671795;28.12025
Palmas de Gran Canaria, Las;Palmas, Las;Canarias;-15.417645;28.156403
Mogán;Palmas, Las;Canarias;-15.76486;27.815722
Ingenio;Palmas, Las;Canarias;-15.5469;27.7727
Palmas de Gran Canaria, Las;Palmas, Las;Canarias;-15.415985;28.09415
Palmas de Gran Canaria, Las;Palmas, Las;Canarias;-15.455107;28.09786
Palmas de Gran Canaria, Las;Palmas, Las;Canarias;-15.455092;28.09789
Palmas de Gran Canaria, Las;Palmas, Las;Canarias;-15.455077;28.09792
Palmas de Gran Canaria, Las;Palmas, Las;Canarias;-15.455062;28.09795
Palmas de Gran Canaria, Las;Palmas, Las;Canarias;-15.455047;28.09798
Palmas de Gran Canaria, Las;Palmas, Las;Canarias;-15.455032;28.09801
Palmas de Gran Canaria, Las;Palmas, Las;Canarias;-15.455017;28.09804
Palmas de Gran Canaria, Las;Palmas, Las;Canarias;-15.455002;28.09807
Palmas de Gran Canaria, Las;Palmas, Las;Canarias;-15.454987;28.0981
Arrecife;Palmas, Las;Canarias;-13.571344;28.976818
Palmas de Gran Canaria, Las;Palmas, Las;Canarias;-15.420126;28.1153
Palmas de Gran Canaria, Las;Palmas, Las;Canarias;-15.420086;28.11533
Palmas de Gran Canaria, Las;Palmas, Las;Canarias;-15.420044;28.115358
Palmas de Gran Canaria, Las;Palmas, Las;Canarias;-15.420003;28.115389
Palmas de Gran Canaria, Las;Palmas, Las;Canarias;-15.420016;28.115444
Palmas de Gran Canaria, Las;Palmas, Las;Canarias;-15.441536;28.129692
Palmas de Gran Canaria, Las;Palmas, Las;Canarias;-15.441533;28.129692
Haría;Palmas, Las;Canarias;-13.462566;29.13212
Yaiza;Palmas, Las;Canarias;-13.831198;28.864407
San Bartolomé;Palmas, Las;Canarias;-13.615638;29.015171
Puerto del Rosario;Palmas, Las;Canarias;-13.881748;28.497969
Puerto del Rosario;Palmas, Las;Canarias;-13.843146;28.521276
Puerto del Rosario;Palmas, Las;Canarias;-13.872655;28.429169
Yaiza;Palmas, Las;Canarias;-13.812842;28.858171
Mogán;Palmas, Las;Canarias;-15.697731;27.79912
Mogán;Palmas, Las;Canarias;-15.764194;27.817667
Telde;Palmas, Las;Canarias;-15.38991;28.01446
Telde;Palmas, Las;Canarias;-15.396258;28.021074
Teror;Palmas, Las;Canarias;-15.567564;28.05485
Teguise;Palmas, Las;Canarias;-13.485058;29.001266
Ingenio;Palmas, Las;Canarias;-15.542692;27.770939
Palmas de Gran Canaria, Las;Palmas, Las;Canarias;-15.41343;28.09973
Nigrán;Pontevedra;Galicia;-8.795249;42.13287
Vigo;Pontevedra;Galicia;-8.70864;42.180725
Nigrán;Pontevedra;Galicia;-8.79536;42.13368
Meaño;Pontevedra;Galicia;-8.812803;42.41599
Nigrán;Pontevedra;Galicia;-8.818901;42.14288
Meaño;Pontevedra;Galicia;-8.812187;42.41578
Nigrán;Pontevedra;Galicia;-8.798352;42.134167
Caldas de Reis;Pontevedra;Galicia;-8.62176;42.60975
Nigrán;Pontevedra;Galicia;-8.79727;42.13348
Vigo;Pontevedra;Galicia;-8.673484;42.21418
Mos;Pontevedra;Galicia;-8.626171;42.168495
Vigo;Pontevedra;Galicia;-8.701267;42.2154
Vigo;Pontevedra;Galicia;-8.724043;42.221123
Vigo;Pontevedra;Galicia;-8.706229;42.220196
Lalín;Pontevedra;Galicia;-8.115733;42.666473
Vigo;Pontevedra;Galicia;-8.68721;42.21649
Vigo;Pontevedra;Galicia;-8.68721;42.21649
Nigrán;Pontevedra;Galicia;-8.799816;42.133305
Pontevedra;Pontevedra;Galicia;-8.643634;42.43426
Sanxenxo;Pontevedra;Galicia;-8.816435;42.417065
Baiona;Pontevedra;Galicia;-8.85003;42.12116
Baiona;Pontevedra;Galicia;-8.849977;42.121613
Vigo;Pontevedra;Galicia;-8.729698;42.23723
Vigo;Pontevedra;Galicia;-8.729683;42.23722
Vigo;Pontevedra;Galicia;-8.713727;42.2313
Meaño;Pontevedra;Galicia;-8.807062;42.434155
Redondela;Pontevedra;Galicia;-8.60926;42.283237
Nigrán;Pontevedra;Galicia;-8.801796;42.162125
Catoira;Pontevedra;Galicia;-8.709745;42.67148
Vigo;Pontevedra;Galicia;-8.753458;42.22836
Vigo;Pontevedra;Galicia;-8.708812;42.221756
Mondariz-Balneario;Pontevedra;Galicia;-8.473938;42.224033
Pontevedra;Pontevedra;Galicia;-8.659799;42.42137
Ponte Caldelas;Pontevedra;Galicia;-8.491717;42.387527
Vilagarcía de Arousa;Pontevedra;Galicia;-8.747206;42.596783
Pontevedra;Pontevedra;Galicia;-8.640839;42.432663
Mos;Pontevedra;Galicia;-8.63136;42.164356
Vigo;Pontevedra;Galicia;-8.69106;42.226685
Salvaterra de Miño;Pontevedra;Galicia;-8.506638;42.08793
Redondela;Pontevedra;Galicia;-8.671589;42.267746
Vigo;Pontevedra;Galicia;-8.733614;42.210995
Pontevedra;Pontevedra;Galicia;-8.587935;42.443512
Nigrán;Pontevedra;Galicia;-8.794537;42.133183
Porriño, O;Pontevedra;Galicia;-8.621159;42.119
Vigo;Pontevedra;Galicia;-8.703101;42.21848
Vigo;Pontevedra;Galicia;-8.733106;42.23251
Pontecesures;Pontevedra;Galicia;-8.65553;42.719803
Lalín;Pontevedra;Galicia;-8.121824;42.66502
Vilagarcía de Arousa;Pontevedra;Galicia;-8.788052;42.588314
Vilagarcía de Arousa;Pontevedra;Galicia;-8.768782;42.59492
Vigo;Pontevedra;Galicia;-8.752645;42.204117
Vigo;Pontevedra;Galicia;-8.718466;42.23739
Vigo;Pontevedra;Galicia;-8.741105;42.215363
Lalín;Pontevedra;Galicia;-8.175929;42.679813
Moaña;Pontevedra;Galicia;-8.692192;42.30217
Grove, O;Pontevedra;Galicia;-8.848616;42.48404
Grove, O;Pontevedra;Galicia;-8.849816;42.483017
Silleda;Pontevedra;Galicia;-8.301238;42.716457
Igea;Rioja, La;Rioja, La;-2.008;42.06721
Logroño;Rioja, La;Rioja, La;-2.433986;42.464676
Cenicero;Rioja, La;Rioja, La;-2.648003;42.481728
Logroño;Rioja, La;Rioja, La;-2.43402;42.46339
Logroño;Rioja, La;Rioja, La;-2.469268;42.46155
Villoslada de Cameros;Rioja, La;Rioja, La;-2.672484;42.112324
Calahorra;Rioja, La;Rioja, La;-1.971331;42.306587
Ezcaray;Rioja, La;Rioja, La;-3.01172;42.33379
San Vicente de la Sonsierra;Rioja, La;Rioja, La;-2.755567;42.572178
Logroño;Rioja, La;Rioja, La;-2.417448;42.471943
Logroño;Rioja, La;Rioja, La;-2.369494;42.4503
Logroño;Rioja, La;Rioja, La;-2.369992;42.449924
Logroño;Rioja, La;Rioja, La;-2.446848;42.464558
Lardero;Rioja, La;Rioja, La;-2.447897;42.43797
Logroño;Rioja, La;Rioja, La;-2.464703;42.45322
Haro;Rioja, La;Rioja, La;-2.83949;42.56621
Logroño;Rioja, La;Rioja, La;-2.44955;42.463955
Logroño;Rioja, La;Rioja, La;-2.453372;42.465202
Agoncillo;Rioja, La;Rioja, La;-2.28083;42.43126
Calahorra;Rioja, La;Rioja, La;-1.974797;42.302677
Logroño;Rioja, La;Rioja, La;-2.406857;42.4597
Logroño;Rioja, La;Rioja, La;-2.370463;42.450302
Arnedo;Rioja, La;Rioja, La;-2.085336;42.230194
Logroño;Rioja, La;Rioja, La;-2.448068;42.453342
Calahorra;Rioja, La;Rioja, La;-1.969542;42.29264
Logroño;Rioja, La;Rioja, La;-2.466383;42.454155
Calahorra;Rioja, La;Rioja, La;-1.971266;42.291874
San Vicente de la Sonsierra;Rioja, La;Rioja, La;-2.761553;42.570816
Logroño;Rioja, La;Rioja, La;-2.474498;42.451736
Torrecilla en Cameros;Rioja, La;Rioja, La;-2.63165;42.25568
Navarrete;Rioja, La;Rioja, La;-2.559644;42.42842
Logroño;Rioja, La;Rioja, La;-2.405856;42.460407
Calahorra;Rioja, La;Rioja, La;-1.955151;42.308926
Agoncillo;Rioja, La;Rioja, La;-2.281125;42.43187
Logroño;Rioja, La;Rioja, La;-2.452909;42.465836
Logroño;Rioja, La;Rioja, La;-2.4206483;42.46263
Salamanca;Salamanca;Castilla y León;-5.669021;40.968307
Salamanca;Salamanca;Castilla y León;-5.657472;40.97104
Alberca, La;Salamanca;Castilla y León;-6.112166;40.490314
Carbajosa de la Sagrada;Salamanca;Castilla y León;-5.668186;40.940186
Santa Marta de Tormes;Salamanca;Castilla y León;-5.615075;40.948853
Arapiles;Salamanca;Castilla y León;-5.641658;40.947308
Béjar;Salamanca;Castilla y León;-5.751917;40.388157
Barruecopardo;Salamanca;Castilla y León;-6.66571;41.07259
Éjeme;Salamanca;Castilla y León;-5.631658;40.81054
Candelario;Salamanca;Castilla y León;-5.7391;40.3645
Mogarraz;Salamanca;Castilla y León;-6.051871;40.493427
Macotera;Salamanca;Castilla y León;-5.27973;40.8307
Peñaranda de Bracamonte;Salamanca;Castilla y León;-5.208743;40.90495
Aldeadávila de la Ribera;Salamanca;Castilla y León;-6.614353;41.217045
Miranda del Castañar;Salamanca;Castilla y León;-5.995401;40.484047
Villarino de los Aires;Salamanca;Castilla y León;-6.46886;41.26688
Alba de Tormes;Salamanca;Castilla y León;-5.466889;40.93196
Carbajosa de la Sagrada;Salamanca;Castilla y León;-5.665279;40.95899
Salamanca;Salamanca;Castilla y León;-5.656304;40.964634
Salamanca;Salamanca;Castilla y León;-5.672277;40.968304
Villares de la Reina;Salamanca;Castilla y León;-5.64386;40.99113
Calvarrasa de Abajo;Salamanca;Castilla y León;-5.554553;40.945755
Alba de Tormes;Salamanca;Castilla y León;-5.515999;40.826176
Arapiles;Salamanca;Castilla y León;-5.642512;40.946762
Salamanca;Salamanca;Castilla y León;-5.648768;40.97742
Salamanca;Salamanca;Castilla y León;-5.648562;40.977467
Castraz;Salamanca;Castilla y León;-6.28666;40.769604
Salamanca;Salamanca;Castilla y León;-5.675746;40.962757
Fuentes de Oñoro;Salamanca;Castilla y León;-6.820339;40.60361
Fuentes de Oñoro;Salamanca;Castilla y León;-6.820339;40.60361
Fuentes de Oñoro;Salamanca;Castilla y León;-6.818524;40.60282
Mogarraz;Salamanca;Castilla y León;-6.051481;40.493362
Arapiles;Salamanca;Castilla y León;-5.641833;40.9467
Arapiles;Salamanca;Castilla y León;-5.641833;40.9467
Salamanca;Salamanca;Castilla y León;-5.669007;40.967484
Salamanca;Salamanca;Castilla y León;-5.661587;40.96969
Salamanca;Salamanca;Castilla y León;-5.669022;40.96747
Salamanca;Salamanca;Castilla y León;-5.661557;40.96958
Carbajosa de la Sagrada;Salamanca;Castilla y León;-5.66565;40.957363
Carbajosa de la Sagrada;Salamanca;Castilla y León;-5.66562;40.957333
Carbajosa de la Sagrada;Salamanca;Castilla y León;-5.7040777;40.955505
Santa Marta de Tormes;Salamanca;Castilla y León;-5.6535707;40.95146
Villares de la Reina;Salamanca;Castilla y León;-5.645836;40.98837
Sancti-Spíritus;Salamanca;Castilla y León;-6.387456;40.711796
Alba de Tormes;Salamanca;Castilla y León;-5.526625;40.832897
Ciudad Rodrigo;Salamanca;Castilla y León;-6.534759;40.601562
Villares de la Reina;Salamanca;Castilla y León;-5.649383;41.004993
Ciudad Rodrigo;Salamanca;Castilla y León;-6.529007;40.603703
Carbajosa de la Sagrada;Salamanca;Castilla y León;-5.655376;40.93918
Carrascal de Barregas;Salamanca;Castilla y León;-5.887432;41.025383
Alba de Tormes;Salamanca;Castilla y León;-5.513649;40.821037
Arapiles;Salamanca;Castilla y León;-5.662612;40.896027
Carbajosa de la Sagrada;Salamanca;Castilla y León;-5.670195;40.9475
Carbajosa de la Sagrada;Salamanca;Castilla y León;-5.706421;40.955204
Salamanca;Salamanca;Castilla y León;-5.647686;40.97657
Santa Marta de Tormes;Salamanca;Castilla y León;-5.648774;40.949924
Ciudad Rodrigo;Salamanca;Castilla y León;-6.532296;40.6043
Béjar;Salamanca;Castilla y León;-5.748846;40.39036
Arapiles;Salamanca;Castilla y León;-5.640957;40.946304
Santa Marta de Tormes;Salamanca;Castilla y León;-5.628358;40.94988
Sobradillo;Salamanca;Castilla y León;-6.799069;40.91758
Alberca, La;Salamanca;Castilla y León;-6.116255;40.4884
Alberca, La;Salamanca;Castilla y León;-6.116128;40.488716
Carbajosa de la Sagrada;Salamanca;Castilla y León;-5.677022;40.956554
Carbajosa de la Sagrada;Salamanca;Castilla y León;-5.677022;40.956554
Salamanca;Salamanca;Castilla y León;-5.63457;40.971394
Béjar;Salamanca;Castilla y León;-5.76269;40.384197
Santa Marta de Tormes;Salamanca;Castilla y León;-5.610282;40.94978
Villares de la Reina;Salamanca;Castilla y León;-5.67022;41.017372
Terradillos;Salamanca;Castilla y León;-5.58238;40.88039
Cabeza de Béjar, La;Salamanca;Castilla y León;-5.677265;40.489574
Sancti-Spíritus;Salamanca;Castilla y León;-6.41751;40.69666
Carbajosa de la Sagrada;Salamanca;Castilla y León;-5.692773;40.955208
Carbajosa de la Sagrada;Salamanca;Castilla y León;-5.664349;40.961124
Carbajosa de la Sagrada;Salamanca;Castilla y León;-5.665616;40.957382
Salamanca;Salamanca;Castilla y León;-5.661463;40.969017
Salamanca;Salamanca;Castilla y León;-5.668979;40.96749
Salamanca;Salamanca;Castilla y León;-5.6632805;40.961113
Salamanca;Salamanca;Castilla y León;-5.657786;40.963074
Salamanca;Salamanca;Castilla y León;-5.662748;40.964428
San Cristóbal de La Laguna;Santa Cruz de Tenerife;Canarias;-16.2915;28.4514
San Cristóbal de La Laguna;Santa Cruz de Tenerife;Canarias;-16.299112;28.46011
Santa Cruz de Tenerife;Santa Cruz de Tenerife;Canarias;-16.255323;28.467627
Puerto de la Cruz;Santa Cruz de Tenerife;Canarias;-16.566881;28.408669
Rosario, El;Santa Cruz de Tenerife;Canarias;-16.318214;28.414473
Tacoronte;Santa Cruz de Tenerife;Canarias;-16.396204;28.481857
Tacoronte;Santa Cruz de Tenerife;Canarias;-16.396235;28.481888
Adeje;Santa Cruz de Tenerife;Canarias;-16.742746;28.094612
Arona;Santa Cruz de Tenerife;Canarias;-16.706913;28.052603
Arona;Santa Cruz de Tenerife;Canarias;-16.706882;28.052572
Arona;Santa Cruz de Tenerife;Canarias;-16.706932;28.052631
Arona;Santa Cruz de Tenerife;Canarias;-16.706854;28.052542
Santiago del Teide;Santa Cruz de Tenerife;Canarias;-16.844624;28.239431
Adeje;Santa Cruz de Tenerife;Canarias;-16.742777;28.094643
Granadilla de Abona;Santa Cruz de Tenerife;Canarias;-16.598785;28.030231
Llanos de Aridane, Los;Santa Cruz de Tenerife;Canarias;-17.912098;28.657528
Llanos de Aridane, Los;Santa Cruz de Tenerife;Canarias;-17.912077;28.657497
Adeje;Santa Cruz de Tenerife;Canarias;-16.75214;28.100355
Puerto de la Cruz;Santa Cruz de Tenerife;Canarias;-16.56679;28.4089
Puerto de la Cruz;Santa Cruz de Tenerife;Canarias;-16.56679;28.4088
Puerto de la Cruz;Santa Cruz de Tenerife;Canarias;-16.566996;28.409029
San Cristóbal de La Laguna;Santa Cruz de Tenerife;Canarias;-16.316504;28.486113
Santa Cruz de Tenerife;Santa Cruz de Tenerife;Canarias;-16.25289;28.474083
Puerto de la Cruz;Santa Cruz de Tenerife;Canarias;-16.56679;28.4087
Arona;Santa Cruz de Tenerife;Canarias;-16.682102;28.099503
Arona;Santa Cruz de Tenerife;Canarias;-16.714708;28.051065
San Cristóbal de La Laguna;Santa Cruz de Tenerife;Canarias;-16.31645;28.486074
Arona;Santa Cruz de Tenerife;Canarias;-16.714708;28.051065
Santa Cruz de Tenerife;Santa Cruz de Tenerife;Canarias;-16.290747;28.454124
Santa Cruz de Tenerife;Santa Cruz de Tenerife;Canarias;-16.29074;28.45412
Adeje;Santa Cruz de Tenerife;Canarias;-16.75213;28.100163
Realejos, Los;Santa Cruz de Tenerife;Canarias;-16.581966;28.389898
Granadilla de Abona;Santa Cruz de Tenerife;Canarias;-16.598545;28.030321
Tacoronte;Santa Cruz de Tenerife;Canarias;-16.39683;28.48158
Arona;Santa Cruz de Tenerife;Canarias;-16.61181;28.050045
Santa Cruz de Tenerife;Santa Cruz de Tenerife;Canarias;-16.26323;28.46352
Orotava, La;Santa Cruz de Tenerife;Canarias;-16.548515;28.393753
Santa Úrsula;Santa Cruz de Tenerife;Canarias;-16.500238;28.422176
Granadilla de Abona;Santa Cruz de Tenerife;Canarias;-16.576572;28.11796
Santa Cruz de Tenerife;Santa Cruz de Tenerife;Canarias;-16.304817;28.428705
San Cristóbal de La Laguna;Santa Cruz de Tenerife;Canarias;-16.318432;28.487322
Alajeró;Santa Cruz de Tenerife;Canarias;-17.19755;28.029408
Hermigua;Santa Cruz de Tenerife;Canarias;-17.197691;28.164927
Adeje;Santa Cruz de Tenerife;Canarias;-16.776993;28.12074
Agulo;Santa Cruz de Tenerife;Canarias;-17.195383;28.186363
Valle Gran Rey;Santa Cruz de Tenerife;Canarias;-17.334831;28.095081
San Sebastián de la Gomera;Santa Cruz de Tenerife;Canarias;-17.1119;28.089956
Alajeró;Santa Cruz de Tenerife;Canarias;-17.239513;28.063776
San Cristóbal de La Laguna;Santa Cruz de Tenerife;Canarias;-16.301542;28.47457
San Cristóbal de La Laguna;Santa Cruz de Tenerife;Canarias;-16.297585;28.452946
Hermigua;Santa Cruz de Tenerife;Canarias;-17.194578;28.168173
Santa Cruz de Tenerife;Santa Cruz de Tenerife;Canarias;-16.30075;28.42689
Adeje;Santa Cruz de Tenerife;Canarias;-16.74003;28.1268
Santa Cruz de Tenerife;Santa Cruz de Tenerife;Canarias;-16.259571;28.462484
Arona;Santa Cruz de Tenerife;Canarias;-16.722456;28.063173
Arafo;Santa Cruz de Tenerife;Canarias;-16.376732;28.329523
Arona;Santa Cruz de Tenerife;Canarias;-16.68015;28.038612
Puerto de la Cruz;Santa Cruz de Tenerife;Canarias;-16.542278;28.417433
Adeje;Santa Cruz de Tenerife;Canarias;-16.747984;28.096813
Guía de Isora;Santa Cruz de Tenerife;Canarias;-16.830984;28.204912
Arona;Santa Cruz de Tenerife;Canarias;-16.714157;28.05356
Arona;Santa Cruz de Tenerife;Canarias;-16.714157;28.05356
Arona;Santa Cruz de Tenerife;Canarias;-16.714157;28.05356
Palazuelos de Eresma;Segovia;Castilla y León;-4.078198;40.922794
Espinar, El;Segovia;Castilla y León;-4.18814;40.737324
Segovia;Segovia;Castilla y León;-4.101716;40.935024
Cuéllar;Segovia;Castilla y León;-4.326788;41.405525
Carbonero el Mayor;Segovia;Castilla y León;-4.262797;41.118435
Fuentidueña;Segovia;Castilla y León;-3.971577;41.439056
Segovia;Segovia;Castilla y León;-4.112856;40.92645
Segovia;Segovia;Castilla y León;-4.116265;40.948223
Segovia;Segovia;Castilla y León;-4.123;40.95264
Sepúlveda;Segovia;Castilla y León;-3.750888;41.29698
Lastrilla, La;Segovia;Castilla y León;-4.094488;40.967896
Segovia;Segovia;Castilla y León;-4.121021;40.944714
Maderuelo;Segovia;Castilla y León;-3.524192;41.483204
Segovia;Segovia;Castilla y León;-4.120364;40.943672
Segovia;Segovia;Castilla y León;-4.12003;40.94506
Segovia;Segovia;Castilla y León;-4.12;40.94503
Boceguillas;Segovia;Castilla y León;-3.634874;41.332413
Lastrilla, La;Segovia;Castilla y León;-4.097522;40.965427
Gomezserracín;Segovia;Castilla y León;-4.3002553;41.29213
Segovia;Segovia;Castilla y León;-4.11223;40.92113
Segovia;Segovia;Castilla y León;-4.121772;40.944714
Segovia;Segovia;Castilla y León;-4.105706;40.94145
Cuéllar;Segovia;Castilla y León;-4.354867;41.419594
Carbonero el Mayor;Segovia;Castilla y León;-4.263394;41.117863
Cuéllar;Segovia;Castilla y León;-4.307937;41.396145
Espinar, El;Segovia;Castilla y León;-4.247316;40.718346
Espinar, El;Segovia;Castilla y León;-4.189421;40.714314
Segovia;Segovia;Castilla y León;-4.097928;40.929794
Sepúlveda;Segovia;Castilla y León;-3.751337;41.296627
Montejo de la Vega de la Serrezuela;Segovia;Castilla y León;-3.654598;41.548492
Casla;Segovia;Castilla y León;-3.583655;41.18812
Castillejo de Mesleón;Segovia;Castilla y León;-3.600876;41.280235
Segovia;Segovia;Castilla y León;-4.1230874;40.952293
Segovia;Segovia;Castilla y León;-4.120647;40.947887
Segovia;Segovia;Castilla y León;-4.1275396;40.952656
Lebrija;Sevilla;Andalucía;-5.80168;37.20309
Dos Hermanas;Sevilla;Andalucía;-5.941315;37.312508
Arahal;Sevilla;Andalucía;-5.552974;37.24716
Molares, Los;Sevilla;Andalucía;-5.73862;37.14963
Bormujos;Sevilla;Andalucía;-6.080172;37.373253
Sevilla;Sevilla;Andalucía;-5.968687;37.429436
Gines;Sevilla;Andalucía;-6.081054;37.379528
Sevilla;Sevilla;Andalucía;-5.9785666;37.36522
Algaba, La;Sevilla;Andalucía;-6.002644;37.463028
Sevilla;Sevilla;Andalucía;-6.00312;37.385677
Tomares;Sevilla;Andalucía;-6.035936;37.37185
Rinconada, La;Sevilla;Andalucía;-5.958446;37.479244
Villamanrique de la Condesa;Sevilla;Andalucía;-6.29628;37.24122
Sevilla;Sevilla;Andalucía;-5.988403;37.369144
Dos Hermanas;Sevilla;Andalucía;-5.937943;37.287025
Sevilla;Sevilla;Andalucía;-5.997376;37.390533
Sevilla;Sevilla;Andalucía;-6.004255;37.391666
Dos Hermanas;Sevilla;Andalucía;-5.938603;37.28673
Rinconada, La;Sevilla;Andalucía;-5.885547;37.43946
Fuentes de Andalucía;Sevilla;Andalucía;-5.350363;37.462353
Sevilla;Sevilla;Andalucía;-5.969713;37.433556
Viso del Alcor, El;Sevilla;Andalucía;-5.709088;37.400166
Fuentes de Andalucía;Sevilla;Andalucía;-5.346561;37.46251
Sevilla;Sevilla;Andalucía;-5.995893;37.410122
Sevilla;Sevilla;Andalucía;-5.995893;37.410122
Sevilla;Sevilla;Andalucía;-5.980214;37.354076
Sevilla;Sevilla;Andalucía;-5.980244;37.354095
Carmona;Sevilla;Andalucía;-5.564563;37.46759
Carmona;Sevilla;Andalucía;-5.564623;37.46765
Carmona;Sevilla;Andalucía;-5.564481;37.468178
Rinconada, La;Sevilla;Andalucía;-5.885547;37.43943
Sevilla;Sevilla;Andalucía;-5.9994917;37.410652
Rinconada, La;Sevilla;Andalucía;-5.885547;37.43944
Rinconada, La;Sevilla;Andalucía;-5.885547;37.439392
Rinconada, La;Sevilla;Andalucía;-5.885547;37.439453
Rinconada, La;Sevilla;Andalucía;-5.885547;37.439392
Sevilla;Sevilla;Andalucía;-5.98296;37.36419
Sevilla;Sevilla;Andalucía;-5.98293;37.36416
Sevilla;Sevilla;Andalucía;-5.945831;37.408226
Sevilla;Sevilla;Andalucía;-5.945861;37.408257
Cabezas de San Juan, Las;Sevilla;Andalucía;-5.948944;36.976307
Sevilla;Sevilla;Andalucía;-6.001467;37.362595
Sevilla;Sevilla;Andalucía;-5.985259;37.33932
Sevilla;Sevilla;Andalucía;-5.985259;37.33932
Cabezas de San Juan, Las;Sevilla;Andalucía;-5.935516;36.988846
Lebrija;Sevilla;Andalucía;-5.795116;37.198147
Tomares;Sevilla;Andalucía;-6.040066;37.36928
Palacios y Villafranca, Los;Sevilla;Andalucía;-5.9388;37.1612
Coria del Río;Sevilla;Andalucía;-6.054005;37.295826
Sevilla;Sevilla;Andalucía;-6.001075;37.37806
Sevilla;Sevilla;Andalucía;-6.005465;37.404835
Rinconada, La;Sevilla;Andalucía;-5.934431;37.487362
Sevilla;Sevilla;Andalucía;-5.97644;37.374413
Gines;Sevilla;Andalucía;-6.083207;37.380333
Sevilla;Sevilla;Andalucía;-5.973777;37.3902
Dos Hermanas;Sevilla;Andalucía;-5.934355;37.290073
Casariche;Sevilla;Andalucía;-4.77873;37.29059
Sevilla;Sevilla;Andalucía;-6.007027;37.403103
Sevilla;Sevilla;Andalucía;-6.007249;37.402977
Tomares;Sevilla;Andalucía;-6.0293;37.3783
Sevilla;Sevilla;Andalucía;-6.000878;37.38697
Sevilla;Sevilla;Andalucía;-6.000893;37.386955
Sevilla;Sevilla;Andalucía;-5.98333;37.38043
Sevilla;Sevilla;Andalucía;-5.919;37.37628
Sevilla;Sevilla;Andalucía;-5.978485;37.364876
Rinconada, La;Sevilla;Andalucía;-5.946751;37.490025
Sevilla;Sevilla;Andalucía;-6.005495;37.404865
Sevilla;Sevilla;Andalucía;-5.973807;37.39017
Sevilla;Sevilla;Andalucía;-5.999386;37.371696
Gines;Sevilla;Andalucía;-6.082356;37.381123
Sevilla;Sevilla;Andalucía;-5.998711;37.37433
Sevilla;Sevilla;Andalucía;-5.998281;37.3747
Sevilla;Sevilla;Andalucía;-6.00106;37.378067
Sevilla;Sevilla;Andalucía;-5.9785;37.36486
Valencina de la Concepción;Sevilla;Andalucía;-6.062054;37.39255
Rinconada, La;Sevilla;Andalucía;-5.934401;37.487392
Dos Hermanas;Sevilla;Andalucía;-5.934433;37.29001
Dos Hermanas;Sevilla;Andalucía;-5.932176;37.28337
Bormujos;Sevilla;Andalucía;-6.083981;37.37348
San Juan de Aznalfarache;Sevilla;Andalucía;-6.026959;37.354095
Mairena del Alcor;Sevilla;Andalucía;-5.453183;37.13024
Sevilla;Sevilla;Andalucía;-5.976395;37.374283
Sevilla;Sevilla;Andalucía;-5.983299;37.379097
Dos Hermanas;Sevilla;Andalucía;-5.977706;37.30953
Dos Hermanas;Sevilla;Andalucía;-5.978006;37.30993
Guillena;Sevilla;Andalucía;-6.055047;37.546055
San Juan de Aznalfarache;Sevilla;Andalucía;-6.026989;37.354115
Camas;Sevilla;Andalucía;-6.03036;37.4206
Camas;Sevilla;Andalucía;-6.03036;37.4206
Mairena del Aljarafe;Sevilla;Andalucía;-6.047491;37.352165
Sevilla;Sevilla;Andalucía;-5.977387;37.350544
Sevilla;Sevilla;Andalucía;-5.956113;37.405262
Sevilla;Sevilla;Andalucía;-5.919649;37.411747
Sevilla;Sevilla;Andalucía;-5.952799;37.393333
Sevilla;Sevilla;Andalucía;-5.955503;37.404747
Sevilla;Sevilla;Andalucía;-6.002508;37.39487
Bormujos;Sevilla;Andalucía;-6.080571;37.37495
Rinconada, La;Sevilla;Andalucía;-5.953265;37.47926
Lebrija;Sevilla;Andalucía;-6.084896;36.928555
Dos Hermanas;Sevilla;Andalucía;-5.926307;37.280758
Sevilla;Sevilla;Andalucía;-5.989454;37.36062
Camas;Sevilla;Andalucía;-6.026482;37.38301
Palacios y Villafranca, Los;Sevilla;Andalucía;-5.923841;37.156303
Sevilla;Sevilla;Andalucía;-5.955147;37.4168
Marchena;Sevilla;Andalucía;-5.411721;37.32569
Carmona;Sevilla;Andalucía;-5.65052;37.467678
Sevilla;Sevilla;Andalucía;-5.97097;37.428257
Alcalá de Guadaíra;Sevilla;Andalucía;-5.8509;37.33838
Mairena del Aljarafe;Sevilla;Andalucía;-6.065834;37.334343
Bormujos;Sevilla;Andalucía;-6.064969;37.382133
Alcolea del Río;Sevilla;Andalucía;-5.527159;37.659042
Camas;Sevilla;Andalucía;-6.033301;37.397175
Viso del Alcor, El;Sevilla;Andalucía;-5.712407;37.396935
Estepa;Sevilla;Andalucía;-4.876792;37.303066
Valencina de la Concepción;Sevilla;Andalucía;-6.067694;37.412254
Sevilla;Sevilla;Andalucía;-5.982012;37.3934
Sevilla;Sevilla;Andalucía;-6.000556;37.387405
Sevilla;Sevilla;Andalucía;-5.982021;37.3802
Dos Hermanas;Sevilla;Andalucía;-5.941995;37.315228
Sevilla;Sevilla;Andalucía;-5.958024;37.404484
Sevilla;Sevilla;Andalucía;-5.957133;37.36233
Dos Hermanas;Sevilla;Andalucía;-5.91897;37.28346
Sevilla;Sevilla;Andalucía;-5.924524;37.400627
Sevilla;Sevilla;Andalucía;-5.945368;37.378624
Albaida del Aljarafe;Sevilla;Andalucía;-5.927046;37.33845
Sevilla;Sevilla;Andalucía;-5.918041;37.374706
Alcalá de Guadaíra;Sevilla;Andalucía;-5.875603;37.358276
Palacios y Villafranca, Los;Sevilla;Andalucía;-5.911263;37.196407
Sevilla;Sevilla;Andalucía;-5.955892;37.363815
Sevilla;Sevilla;Andalucía;-5.978962;37.375896
Coria del Río;Sevilla;Andalucía;-6.052611;37.289356
Alcalá del Río;Sevilla;Andalucía;-5.985908;37.51734
Gines;Sevilla;Andalucía;-6.082067;37.377983
Arahal;Sevilla;Andalucía;-5.564284;37.255394
Mairena del Alcor;Sevilla;Andalucía;-5.734584;37.381184
Estepa;Sevilla;Andalucía;-4.881699;37.29688
Sevilla;Sevilla;Andalucía;-5.973172;37.415703
Rinconada, La;Sevilla;Andalucía;-5.935795;37.487633
Carmona;Sevilla;Andalucía;-5.711451;37.295055
Carrión de los Céspedes;Sevilla;Andalucía;-6.322507;37.36016
Osuna;Sevilla;Andalucía;-5.009434;37.248886
Castilleja de la Cuesta;Sevilla;Andalucía;-6.050715;37.383778
Algaba, La;Sevilla;Andalucía;-6.008443;37.478252
Sevilla;Sevilla;Andalucía;-5.997828;37.37479
Sevilla;Sevilla;Andalucía;-6.000502;37.386703
Sevilla;Sevilla;Andalucía;-5.974808;37.383568
Ronquillo, El;Sevilla;Andalucía;-6.177975;37.72943
Sevilla;Sevilla;Andalucía;-5.914082;37.37548
Sevilla;Sevilla;Andalucía;-5.982671;37.345345
Sevilla;Sevilla;Andalucía;-5.95364;37.36722
Sevilla;Sevilla;Andalucía;-5.98134;37.38088
Sevilla;Sevilla;Andalucía;-5.983703;37.353104
Sevilla;Sevilla;Andalucía;-5.95136;37.38406
Sevilla;Sevilla;Andalucía;-5.9412804;37.378662
Olivares;Sevilla;Andalucía;-6.149586;37.42131
Sevilla;Sevilla;Andalucía;-5.977133;37.385303
Sevilla;Sevilla;Andalucía;-5.984923;37.402157
Sevilla;Sevilla;Andalucía;-5.9574714;37.40482
Sevilla;Sevilla;Andalucía;-5.9830313;37.345745
Aznalcóllar;Sevilla;Andalucía;-6.266307;37.515503
Mairena del Aljarafe;Sevilla;Andalucía;-6.0596576;37.341446
Bormujos;Sevilla;Andalucía;-6.068664;37.381634
Sevilla;Sevilla;Andalucía;-6.000727;37.36213
Carmona;Sevilla;Andalucía;-5.650222;37.48075
Sevilla;Sevilla;Andalucía;-5.9481273;37.366154
Santiponce;Sevilla;Andalucía;-6.0504436;37.432888
Sevilla;Sevilla;Andalucía;-6.000624;37.399174
Sanlúcar la Mayor;Sevilla;Andalucía;-6.1926765;37.384346
Sevilla;Sevilla;Andalucía;-6.0035505;37.41648
Sevilla;Sevilla;Andalucía;-5.9894466;37.40336
Golmayo;Soria;Castilla y León;-2.499592;41.773098
Burgo de Osma-Ciudad de Osma;Soria;Castilla y León;-3.067258;41.587887
Burgo de Osma-Ciudad de Osma;Soria;Castilla y León;-3.065255;41.587654
Vinuesa;Soria;Castilla y León;-2.759556;41.91219
San Esteban de Gormaz;Soria;Castilla y León;-3.20117;41.57298
San Esteban de Gormaz;Soria;Castilla y León;-3.20108;41.57137
Almazán;Soria;Castilla y León;-2.52849;41.48165
Medinaceli;Soria;Castilla y León;-2.404372;41.189228
Talveila;Soria;Castilla y León;-3.04865;41.722275
Molinos de Duero;Soria;Castilla y León;-2.776037;41.932125
Medinaceli;Soria;Castilla y León;-2.421546;41.16891
Navaleno;Soria;Castilla y León;-3.00651;41.83688
Medinaceli;Soria;Castilla y León;-2.40141;41.1892
Reus;Tarragona;Cataluña;1.096187;41.157394
Montmell, El;Tarragona;Cataluña;1.104704;41.144375
Tarragona;Tarragona;Cataluña;1.202236;41.131207
Tarragona;Tarragona;Cataluña;1.210116;41.11226
Vendrell, El;Tarragona;Cataluña;1.528116;41.22669
Tortosa;Tarragona;Cataluña;0.520526;40.79951
Cambrils;Tarragona;Cataluña;1.036738;41.085995
Reus;Tarragona;Cataluña;1.131461;41.14483
Tarragona;Tarragona;Cataluña;1.24881;41.10749
Cambrils;Tarragona;Cataluña;1.036816;41.08603
Móra d'Ebre;Tarragona;Cataluña;0.638284;41.080887
Roquetes;Tarragona;Cataluña;0.508827;40.818466
Cambrils;Tarragona;Cataluña;1.108934;41.072998
Ametlla de Mar, L';Tarragona;Cataluña;0.796013;40.891068
Tortosa;Tarragona;Cataluña;0.52442;40.7865
Vendrell, El;Tarragona;Cataluña;1.544623;41.22414
Tarragona;Tarragona;Cataluña;1.218622;41.114708
Reus;Tarragona;Cataluña;1.121496;41.150257
Amposta;Tarragona;Cataluña;0.592452;40.706726
Tarragona;Tarragona;Cataluña;1.201372;41.13131
Valls;Tarragona;Cataluña;1.254716;41.28896
Vila-seca;Tarragona;Cataluña;1.171822;41.083477
Salou;Tarragona;Cataluña;1.148661;41.07492
Tarragona;Tarragona;Cataluña;1.244725;41.11035
Tarragona;Tarragona;Cataluña;1.2048;41.13176
Altafulla;Tarragona;Cataluña;1.366203;41.140713
Falset;Tarragona;Cataluña;0.81932;41.14364
Falset;Tarragona;Cataluña;0.81935;41.14367
Montmell, El;Tarragona;Cataluña;1.112393;41.137638
Perafort;Tarragona;Cataluña;1.255876;41.190586
Montmell, El;Tarragona;Cataluña;1.112393;41.137638
Solivella;Tarragona;Cataluña;1.176428;41.452232
Solivella;Tarragona;Cataluña;1.176398;41.4522
Perafort;Tarragona;Cataluña;1.238754;41.193947
Mont-roig del Camp;Tarragona;Cataluña;0.940702;41.018867
Mont-roig del Camp;Tarragona;Cataluña;0.940732;41.018898
Reus;Tarragona;Cataluña;1.1816158;41.132957
Tortosa;Tarragona;Cataluña;0.521397;40.798412
Tortosa;Tarragona;Cataluña;0.521427;40.79845
Salou;Tarragona;Cataluña;1.132448;41.07889
Salou;Tarragona;Cataluña;1.132358;41.0788
Salou;Tarragona;Cataluña;1.132418;41.07886
Corbera d'Ebre;Tarragona;Cataluña;0.47838;41.077896
Ametlla de Mar, L';Tarragona;Cataluña;0.782534;40.894543
Constantí;Tarragona;Cataluña;1.209893;41.155033
Capafonts;Tarragona;Cataluña;0.98692;41.31246
Camarles;Tarragona;Cataluña;0.659809;40.774628
Montmell, El;Tarragona;Cataluña;1.116521;41.14151
Reus;Tarragona;Cataluña;1.117877;41.158825
Tarragona;Tarragona;Cataluña;1.227149;41.14096
Mont-roig del Camp;Tarragona;Cataluña;0.920105;41.04297
Sant Carles de la Ràpita;Tarragona;Cataluña;0.590008;40.61361
Reus;Tarragona;Cataluña;1.117877;41.158825
Vila-seca;Tarragona;Cataluña;1.152766;41.106796
Valls;Tarragona;Cataluña;1.248363;41.266937
Tarragona;Tarragona;Cataluña;1.188832;41.119682
Montmell, El;Tarragona;Cataluña;1.112501;41.137745
Vila-seca;Tarragona;Cataluña;1.152796;41.106766
Riba-roja d'Ebre;Tarragona;Cataluña;0.487733;41.251
Cornudella de Montsant;Tarragona;Cataluña;0.906314;41.261738
Sant Carles de la Ràpita;Tarragona;Cataluña;0.590008;40.61361
Sarral;Tarragona;Cataluña;1.249184;41.446735
Tortosa;Tarragona;Cataluña;0.511043;40.82465
Montmell, El;Tarragona;Cataluña;1.112516;41.13776
Vinyols i els Arcs;Tarragona;Cataluña;1.065529;41.069298
Valls;Tarragona;Cataluña;1.261734;41.299328
Cambrils;Tarragona;Cataluña;1.0552;41.07409
Aldea, L';Tarragona;Cataluña;0.606343;40.75308
Vila-seca;Tarragona;Cataluña;1.155952;41.11406
Tarragona;Tarragona;Cataluña;1.365343;41.140034
Montmell, El;Tarragona;Cataluña;1.105648;41.144566
Vendrell, El;Tarragona;Cataluña;1.544318;41.224968
Calafell;Tarragona;Cataluña;1.596111;41.19181
Reus;Tarragona;Cataluña;1.117876;41.15847
Amposta;Tarragona;Cataluña;0.588111;40.70916
Reus;Tarragona;Cataluña;1.117569;41.161335
Albinyana;Tarragona;Cataluña;1.624387;41.19742
Montblanc;Tarragona;Cataluña;1.166581;41.374886
Deltebre;Tarragona;Cataluña;0.725265;40.71879
Roda de Berà;Tarragona;Cataluña;1.490892;41.17787
Montmell, El;Tarragona;Cataluña;1.10346;41.144573
Amposta;Tarragona;Cataluña;0.570019;40.706623
Tarragona;Tarragona;Cataluña;1.222382;41.115513
Montblanc;Tarragona;Cataluña;1.164609;41.37436
Salou;Tarragona;Cataluña;1.149983;41.07791
Reus;Tarragona;Cataluña;1.103518;41.162544
Creixell;Tarragona;Cataluña;1.458196;41.170483
Sant Carles de la Ràpita;Tarragona;Cataluña;0.581609;40.619774
Vandellòs i l'Hospitalet de l'Infant;Tarragona;Cataluña;0.916593;41.000397
Montbrió del Camp;Tarragona;Cataluña;1.015623;41.12749
Tarragona;Tarragona;Cataluña;1.20557;41.106483
Tortosa;Tarragona;Cataluña;0.52101;40.795326
Tortosa;Tarragona;Cataluña;0.521834;40.793568
Tortosa;Tarragona;Cataluña;0.514884;40.813084
Tarragona;Tarragona;Cataluña;1.215361;41.114964
Tarragona;Tarragona;Cataluña;1.215104;41.11508
Ampolla, L';Tarragona;Cataluña;0.711547;40.812195
Deltebre;Tarragona;Cataluña;0.842422;40.71693
Ametlla de Mar, L';Tarragona;Cataluña;0.803978;40.882774
Alcanar;Tarragona;Cataluña;0.53074;40.552387
Sant Carles de la Ràpita;Tarragona;Cataluña;0.593994;40.6173
Constantí;Tarragona;Cataluña;1.216997;41.152386
Constantí;Tarragona;Cataluña;1.214421;41.151882
Santa Coloma de Queralt;Tarragona;Cataluña;1.381736;41.531235
Alcover;Tarragona;Cataluña;1.171821;41.2622
Alcover;Tarragona;Cataluña;1.165329;41.261284
Arboç, L';Tarragona;Cataluña;1.599518;41.26533
Amposta;Tarragona;Cataluña;0.57894;40.712418
Mont-roig del Camp;Tarragona;Cataluña;0.928069;41.004208
Mont-roig del Camp;Tarragona;Cataluña;0.928158;41.004227
Mont-roig del Camp;Tarragona;Cataluña;0.928216;41.004257
Mont-roig del Camp;Tarragona;Cataluña;0.928232;41.004253
Mont-roig del Camp;Tarragona;Cataluña;0.928265;41.004284
Tarragona;Tarragona;Cataluña;1.218196;41.115192
Tarragona;Tarragona;Cataluña;1.218264;41.115196
Amposta;Tarragona;Cataluña;0.580124;40.710785
Vandellòs i l'Hospitalet de l'Infant;Tarragona;Cataluña;0.92141;40.991882
Vandellòs i l'Hospitalet de l'Infant;Tarragona;Cataluña;0.912715;41.009315
Vandellòs i l'Hospitalet de l'Infant;Tarragona;Cataluña;0.916836;40.999863
Reus;Tarragona;Cataluña;1.083338;41.15677
Reus;Tarragona;Cataluña;1.08334;41.15677
Reus;Tarragona;Cataluña;1.083342;41.156773
Reus;Tarragona;Cataluña;1.08737;41.16678
Albinyana;Tarragona;Cataluña;1.626726;41.19981
Albinyana;Tarragona;Cataluña;1.635514;41.200115
Albinyana;Tarragona;Cataluña;1.635629;41.20015
Pratdip;Tarragona;Cataluña;0.83128;41.02096
Reus;Tarragona;Cataluña;1.097156;41.15516
Gandesa;Tarragona;Cataluña;0.436174;41.05129
Gandesa;Tarragona;Cataluña;0.44118;41.05751
Sant Jaume d'Enveja;Tarragona;Cataluña;0.718984;40.7073
Sant Jaume d'Enveja;Tarragona;Cataluña;0.718116;40.707085
Alcanar;Tarragona;Cataluña;0.482138;40.541843
Ascó;Tarragona;Cataluña;0.566697;41.182938
Ascó;Tarragona;Cataluña;0.567002;41.188507
Albinyana;Tarragona;Cataluña;1.624786;41.194393
Albinyana;Tarragona;Cataluña;1.633675;41.196133
Tarragona;Tarragona;Cataluña;1.242043;41.130116
Tarragona;Tarragona;Cataluña;1.242009;41.13008
Vila-seca;Tarragona;Cataluña;1.12979;41.10293
Vila-seca;Tarragona;Cataluña;1.12975;41.10289
Constantí;Tarragona;Cataluña;1.214865;41.15321
Constantí;Tarragona;Cataluña;1.20898;41.154846
Vinyols i els Arcs;Tarragona;Cataluña;1.038134;41.113632
Vinyols i els Arcs;Tarragona;Cataluña;1.038135;41.113632
Caseres;Tarragona;Cataluña;0.25104;41.040512
Pobla de Mafumet, La;Tarragona;Cataluña;1.20879;41.187027
Vilallonga del Camp;Tarragona;Cataluña;1.207331;41.215363
Vilallonga del Camp;Tarragona;Cataluña;1.207331;41.215363
Vilallonga del Camp;Tarragona;Cataluña;1.207331;41.215363
Flix;Tarragona;Cataluña;0.551513;41.231365
Valls;Tarragona;Cataluña;1.258783;41.287525
Valls;Tarragona;Cataluña;1.264954;41.301266
Valls;Tarragona;Cataluña;1.264976;41.301308
Sant Carles de la Ràpita;Tarragona;Cataluña;0.593221;40.61675
Constantí;Tarragona;Cataluña;1.213909;41.15287
Reus;Tarragona;Cataluña;1.071775;41.162598
Tarragona;Tarragona;Cataluña;1.230362;41.1164
Tarragona;Tarragona;Cataluña;1.245008;41.118008
Tarragona;Tarragona;Cataluña;1.262914;41.117348
Reus;Tarragona;Cataluña;1.085713;41.169243
Tarragona;Tarragona;Cataluña;1.26172;41.11871
Mont-roig del Camp;Tarragona;Cataluña;0.935722;41.00675
Constantí;Tarragona;Cataluña;1.17025;41.1595
Salou;Tarragona;Cataluña;1.132407;41.079086
Salou;Tarragona;Cataluña;1.133521;41.076073
Salou;Tarragona;Cataluña;1.126252;41.084126
Reus;Tarragona;Cataluña;1.112952;41.151257
Tarragona;Tarragona;Cataluña;1.206972;41.12216
Tarragona;Tarragona;Cataluña;1.207049;41.122124
Tarragona;Tarragona;Cataluña;1.241051;41.11386
Tarragona;Tarragona;Cataluña;1.200249;41.129986
Tarragona;Tarragona;Cataluña;1.272016;41.1208
Tarragona;Tarragona;Cataluña;1.246108;41.119167
Cambrils;Tarragona;Cataluña;1.093464;41.090492
Cambrils;Tarragona;Cataluña;1.094045;41.09048
Montblanc;Tarragona;Cataluña;1.163606;41.377373
Tortosa;Tarragona;Cataluña;0.515161;40.81415
Tortosa;Tarragona;Cataluña;0.520117;40.807564
Tortosa;Tarragona;Cataluña;0.52428;40.81688
Montmell, El;Tarragona;Cataluña;1.119233;41.1358
Montmell, El;Tarragona;Cataluña;1.119208;41.135784
Montmell, El;Tarragona;Cataluña;1.120057;41.135086
Reus;Tarragona;Cataluña;1.081403;41.16266
Montmell, El;Tarragona;Cataluña;1.120057;41.135086
Vallmoll;Tarragona;Cataluña;1.249082;41.24261
Albinyana;Tarragona;Cataluña;1.455794;41.31738
Pobla de Montornès, La;Tarragona;Cataluña;1.415153;41.177746
Blancafort;Tarragona;Cataluña;1.159242;41.439854
Reus;Tarragona;Cataluña;1.099561;41.157993
Cambrils;Tarragona;Cataluña;1.063804;41.063095
Cambrils;Tarragona;Cataluña;1.063957;41.06555
Valls;Tarragona;Cataluña;1.270776;41.316772
Valls;Tarragona;Cataluña;1.270778;41.316772
Sant Carles de la Ràpita;Tarragona;Cataluña;0.593166;40.620346
Móra d'Ebre;Tarragona;Cataluña;0.643364;41.08972
Figuera, La;Tarragona;Cataluña;0.731133;41.12578
Reus;Tarragona;Cataluña;1.129171;41.14374
Reus;Tarragona;Cataluña;1.129178;41.142
Horta de Sant Joan;Tarragona;Cataluña;0.315549;40.956844
Tarragona;Tarragona;Cataluña;1.178702;41.121815
Tarragona;Tarragona;Cataluña;1.235091;41.098892
Borges del Camp, Les;Tarragona;Cataluña;0.449434;40.596043
Reus;Tarragona;Cataluña;1.186733;41.1296
Cambrils;Tarragona;Cataluña;1.057482;41.06472
Cambrils;Tarragona;Cataluña;1.05762;41.064697
Cambrils;Tarragona;Cataluña;1.064081;41.06718
Tarragona;Tarragona;Cataluña;1.230811;41.116467
Vandellòs i l'Hospitalet de l'Infant;Tarragona;Cataluña;0.924508;40.98877
Reus;Tarragona;Cataluña;1.13209;41.14822
Reus;Tarragona;Cataluña;1.131764;41.148586
Reus;Tarragona;Cataluña;1.13611;41.14703
Reus;Tarragona;Cataluña;1.136379;41.1473
Alforja;Tarragona;Cataluña;0.978858;41.21141
Espluga de Francolí, L';Tarragona;Cataluña;1.09848;41.39514
Espluga de Francolí, L';Tarragona;Cataluña;1.098424;41.395077
Montblanc;Tarragona;Cataluña;1.163327;41.375767
Montblanc;Tarragona;Cataluña;1.163287;41.37581
Tarragona;Tarragona;Cataluña;1.229063;41.1377
Mont-roig del Camp;Tarragona;Cataluña;0.958994;41.082844
Mont-roig del Camp;Tarragona;Cataluña;0.928718;41.00364
Mont-roig del Camp;Tarragona;Cataluña;0.938886;41.010036
Calafell;Tarragona;Cataluña;1.567321;41.18967
Calafell;Tarragona;Cataluña;1.567491;41.189724
Calafell;Tarragona;Cataluña;1.604069;41.19264
Calafell;Tarragona;Cataluña;1.603986;41.192696
Calafell;Tarragona;Cataluña;1.604437;41.190044
Calafell;Tarragona;Cataluña;1.567828;41.19994
Rasquera;Tarragona;Cataluña;0.60041;41.002842
Reus;Tarragona;Cataluña;1.085472;41.165154
Reus;Tarragona;Cataluña;1.085669;41.16512
Reus;Tarragona;Cataluña;1.08559;41.165165
Reus;Tarragona;Cataluña;1.14837;41.12735
Reus;Tarragona;Cataluña;1.148316;41.12737
Valls;Tarragona;Cataluña;1.263535;41.311363
Valls;Tarragona;Cataluña;1.263518;41.311333
Valls;Tarragona;Cataluña;1.263496;41.311295
Tarragona;Tarragona;Cataluña;1.181126;41.099598
Tarragona;Tarragona;Cataluña;1.181156;41.099472
Móra la Nova;Tarragona;Cataluña;0.648795;41.09772
Móra la Nova;Tarragona;Cataluña;0.653326;41.10044
Camarles;Tarragona;Cataluña;0.654832;40.77003
Tarragona;Tarragona;Cataluña;1.2544086;41.114677
Reus;Tarragona;Cataluña;1.181225;41.129868
Tarragona;Tarragona;Cataluña;1.2557893;41.116657
Reus;Tarragona;Cataluña;1.133761;41.18277
Amposta;Tarragona;Cataluña;0.579714;40.705482
Morell, El;Tarragona;Cataluña;1.202777;41.19533
Tarragona;Tarragona;Cataluña;1.237878;41.116722
Tarragona;Tarragona;Cataluña;1.19952;41.13034
Ulldecona;Tarragona;Cataluña;0.420917;40.603874
Camarles;Tarragona;Cataluña;0.646226;40.764977
Reus;Tarragona;Cataluña;1.113856;41.162216
Alcanar;Tarragona;Cataluña;0.509209;40.528893
Tarragona;Tarragona;Cataluña;1.20302;41.132046
Flix;Tarragona;Cataluña;0.5620499;41.241753
Pla de Santa Maria, El;Tarragona;Cataluña;1.289352;41.355206
Ampolla, L';Tarragona;Cataluña;0.7056618;40.811256
Ampolla, L';Tarragona;Cataluña;0.7099995;40.81402
Teruel;Teruel;Aragón;-1.140202;40.360207
Alcalá de la Selva;Teruel;Aragón;-0.718346;40.3715
Calanda;Teruel;Aragón;-0.23089;40.945244
Calaceite;Teruel;Aragón;0.187076;41.013805
Teruel;Teruel;Aragón;-1.13498;40.356853
Puebla de Valverde, La;Teruel;Aragón;-0.941628;40.214413
Calanda;Teruel;Aragón;-0.23132;40.94296
Teruel;Teruel;Aragón;-1.10103;40.33816
Alcorisa;Teruel;Aragón;-0.371891;40.89723
Ferreruela de Huerva;Teruel;Aragón;-1.275875;41.05004
Teruel;Teruel;Aragón;-1.105558;40.33155
Alcañiz;Teruel;Aragón;-0.12917;41.04601
Teruel;Teruel;Aragón;-1.09353;40.33092
Puebla de Valverde, La;Teruel;Aragón;-0.943606;40.21485
Albentosa;Teruel;Aragón;-0.739011;40.11408
Monreal del Campo;Teruel;Aragón;-1.347556;40.78518
Mora de Rubielos;Teruel;Aragón;-0.7647954;40.24647
Caminreal;Teruel;Aragón;-1.3082305;40.837513
Toledo;Toledo;Castilla - La Mancha;-4.040235;39.872612
Toledo;Toledo;Castilla - La Mancha;-4.025467;39.882977
Lominchar;Toledo;Castilla - La Mancha;-3.91509;40.0476
Oropesa;Toledo;Castilla - La Mancha;-5.18534;39.926884
Toledo;Toledo;Castilla - La Mancha;-3.9607;39.86924
Oropesa;Toledo;Castilla - La Mancha;-4.811045;39.963722
Torrijos;Toledo;Castilla - La Mancha;-4.281154;39.989574
Toledo;Toledo;Castilla - La Mancha;-3.969728;39.864708
Maqueda;Toledo;Castilla - La Mancha;-4.371031;40.05906
Toledo;Toledo;Castilla - La Mancha;-4.040725;39.87848
Illescas;Toledo;Castilla - La Mancha;-3.835956;40.13496
Olías del Rey;Toledo;Castilla - La Mancha;-4.010892;39.909615
Borox;Toledo;Castilla - La Mancha;-3.522898;39.4658
Ocaña;Toledo;Castilla - La Mancha;-3.546863;39.96833
Olías del Rey;Toledo;Castilla - La Mancha;-3.997653;39.953857
Fuensalida;Toledo;Castilla - La Mancha;-4.200123;40.055553
Valmojado;Toledo;Castilla - La Mancha;-4.077914;40.203766
Consuegra;Toledo;Castilla - La Mancha;-3.604866;39.46402
Fuensalida;Toledo;Castilla - La Mancha;-4.201505;40.054436
Yuncos;Toledo;Castilla - La Mancha;-3.870298;40.08609
Quintanar de la Orden;Toledo;Castilla - La Mancha;-3.046712;39.59099
Ocaña;Toledo;Castilla - La Mancha;-3.496912;39.95763
Argés;Toledo;Castilla - La Mancha;-4.057859;39.811226
Corral de Almaguer;Toledo;Castilla - La Mancha;-3.16098;39.755085
Yébenes, Los;Toledo;Castilla - La Mancha;-3.861525;39.58151
Sonseca;Toledo;Castilla - La Mancha;-3.972045;39.681026
Ontígola;Toledo;Castilla - La Mancha;-3.57628;40.005474
Toledo;Toledo;Castilla - La Mancha;-3.942633;39.862667
Seseña;Toledo;Castilla - La Mancha;-3.692156;40.104443
Miguel Esteban;Toledo;Castilla - La Mancha;-3.076138;39.53005
Magán;Toledo;Castilla - La Mancha;-3.922025;39.942818
Borox;Toledo;Castilla - La Mancha;-3.532954;39.46448
Oropesa;Toledo;Castilla - La Mancha;-4.82912;39.962723
Oropesa;Toledo;Castilla - La Mancha;-4.8307586;39.963467
Toledo;Toledo;Castilla - La Mancha;-3.975312;39.86302
Oropesa;Toledo;Castilla - La Mancha;-4.843849;39.961124
Toledo;Toledo;Castilla - La Mancha;-4.020664;39.861443
Toledo;Toledo;Castilla - La Mancha;-4.020643;39.861378
Toledo;Toledo;Castilla - La Mancha;-3.97615;39.86298
Oropesa;Toledo;Castilla - La Mancha;-4.827191;39.96428
Oropesa;Toledo;Castilla - La Mancha;-4.796599;39.96623
Oropesa;Toledo;Castilla - La Mancha;-4.81433;39.965733
Illescas;Toledo;Castilla - La Mancha;-3.835079;40.101227
Toledo;Toledo;Castilla - La Mancha;-3.970643;39.86494
Quintanar de la Orden;Toledo;Castilla - La Mancha;-3.042161;39.594162
Cazalegas;Toledo;Castilla - La Mancha;-4.703472;39.988556
Yuncos;Toledo;Castilla - La Mancha;-3.867484;40.084797
Illescas;Toledo;Castilla - La Mancha;-3.824799;40.15005
Bargas;Toledo;Castilla - La Mancha;-4.02252;39.933254
Oropesa;Toledo;Castilla - La Mancha;-4.847665;39.953747
Illescas;Toledo;Castilla - La Mancha;-3.828316;40.154034
Miguel Esteban;Toledo;Castilla - La Mancha;-3.444313;39.703747
Toledo;Toledo;Castilla - La Mancha;-4.054778;39.889664
Sonseca;Toledo;Castilla - La Mancha;-3.971777;39.679665
Cazalegas;Toledo;Castilla - La Mancha;-4.731859;39.98403
Toledo;Toledo;Castilla - La Mancha;-3.9590676;39.85964
Toledo;Toledo;Castilla - La Mancha;-4.020704;39.8651
Corral de Almaguer;Toledo;Castilla - La Mancha;-3.174745;39.76781
Toledo;Toledo;Castilla - La Mancha;-4.023586;39.86889
Toledo;Toledo;Castilla - La Mancha;-4.020642;39.861294
Toledo;Toledo;Castilla - La Mancha;-4.047692;39.878708
Ocaña;Toledo;Castilla - La Mancha;-3.506935;39.953373
Borox;Toledo;Castilla - La Mancha;-3.523388;39.52184
Torrijos;Toledo;Castilla - La Mancha;-4.268037;39.978848
Lagartera;Toledo;Castilla - La Mancha;-5.202213;39.91263
Ontígola;Toledo;Castilla - La Mancha;-3.587198;39.990463
Tembleque;Toledo;Castilla - La Mancha;-3.504286;39.68679
Villacañas;Toledo;Castilla - La Mancha;-3.3554678;39.61269
Tembleque;Toledo;Castilla - La Mancha;-3.4993548;39.697765
Cazalegas;Toledo;Castilla - La Mancha;-4.742954;39.976116
Oropesa;Toledo;Castilla - La Mancha;-4.8390927;39.9776
Toledo;Toledo;Castilla - La Mancha;-4.0423713;39.877518
Oropesa;Toledo;Castilla - La Mancha;-4.8176303;39.962193
Cuerva;Toledo;Castilla - La Mancha;-4.0701504;39.77085
Toledo;Toledo;Castilla - La Mancha;-4.026384;39.872448
Quart de Poblet;Valencia/València;Valencia;-0.484402;39.476
Quart de Poblet;Valencia/València;Valencia;-0.484446;39.476
València;Valencia/València;Valencia;-0.383267;39.49761
Benifairó de les Valls;Valencia/València;Valencia;-0.267946;39.727306
Massamagrell;Valencia/València;Valencia;-0.329959;39.57045
Aldaia;Valencia/València;Valencia;-0.484438;39.470974
Burjassot;Valencia/València;Valencia;-0.40979;39.501263
Xàtiva;Valencia/València;Valencia;-0.528028;38.994987
Algemesí;Valencia/València;Valencia;-0.431049;39.197067
València;Valencia/València;Valencia;-0.324736;39.46583
València;Valencia/València;Valencia;-0.3877;39.4815
Albaida;Valencia/València;Valencia;-0.524154;38.83598
Algemesí;Valencia/València;Valencia;-0.43335;39.19834
Alfara del Patriarca;Valencia/València;Valencia;-0.38711;39.5419
Albuixech;Valencia/València;Valencia;-0.325253;39.544254
Burjassot;Valencia/València;Valencia;-0.404743;39.50058
Burjassot;Valencia/València;Valencia;-0.41049;39.50449
Canet d'En Berenguer;Valencia/València;Valencia;-0.203517;39.6809
Carcaixent;Valencia/València;Valencia;-0.438924;39.124596
Xàtiva;Valencia/València;Valencia;-0.525901;38.99558
Carlet;Valencia/València;Valencia;-0.489723;39.233288
Chiva;Valencia/València;Valencia;-0.734921;39.4531
Llíria;Valencia/València;Valencia;-0.592143;39.63316
Massalfassar;Valencia/València;Valencia;-0.325699;39.55786
Oliva;Valencia/València;Valencia;-0.11685;38.92155
Paiporta;Valencia/València;Valencia;-0.406393;39.434723
Paterna;Valencia/València;Valencia;-0.460703;39.513454
Puçol;Valencia/València;Valencia;-0.30446;39.62452
Paterna;Valencia/València;Valencia;-0.463818;39.54828
Turís;Valencia/València;Valencia;-0.71008;39.39264
Tavernes de la Valldigna;Valencia/València;Valencia;-0.243436;39.077614
Pobla de Farnals, la;Valencia/València;Valencia;-0.287715;39.564163
Alfafar;Valencia/València;Valencia;-0.379577;39.417534
Almussafes;Valencia/València;Valencia;-0.41657;39.30447
Canet d'En Berenguer;Valencia/València;Valencia;-0.217164;39.679188
Almussafes;Valencia/València;Valencia;-0.415473;39.288483
Cofrentes;Valencia/València;Valencia;-1.058818;39.229603
València;Valencia/València;Valencia;-0.345657;39.45667
Benissanó;Valencia/València;Valencia;-0.576326;39.611332
Aldaia;Valencia/València;Valencia;-0.46363;39.470486
Alfafar;Valencia/València;Valencia;-0.388949;39.41445
Albal;Valencia/València;Valencia;-0.40333;39.40691
Cullera;Valencia/València;Valencia;-0.262033;39.176617
Eliana, l';Valencia/València;Valencia;-0.531599;39.57919
Gandia;Valencia/València;Valencia;-0.162188;38.989227
Gandia;Valencia/València;Valencia;-0.173655;38.962044
Gandia;Valencia/València;Valencia;-0.17394;38.95783
Ontinyent;Valencia/València;Valencia;-0.590753;38.826496
Real de Gandía, el;Valencia/València;Valencia;-0.195079;38.94926
València;Valencia/València;Valencia;-0.39135;39.49539
Villargordo del Cabriel;Valencia/València;Valencia;-1.43873;39.53626
Benaguasil;Valencia/València;Valencia;-0.587299;39.60214
Museros;Valencia/València;Valencia;-0.3333;39.560738
València;Valencia/València;Valencia;-0.35514;39.4364
Benissanó;Valencia/València;Valencia;-0.572824;39.61156
Benavites;Valencia/València;Valencia;-0.260278;39.741333
Llíria;Valencia/València;Valencia;-0.611058;39.633434
Chiva;Valencia/València;Valencia;-0.734942;39.45311
Oliva;Valencia/València;Valencia;-0.097143;38.92657
Jarafuel;Valencia/València;Valencia;-1.07874;39.13942
Pobla Llarga, la;Valencia/València;Valencia;-0.477298;39.090775
Pobla de Vallbona, la;Valencia/València;Valencia;-0.53381;39.58031
Rafelbunyol;Valencia/València;Valencia;-0.335976;39.58732
Siete Aguas;Valencia/València;Valencia;-0.91746;39.47373
Alzira;Valencia/València;Valencia;-0.430424;39.16191
Manises;Valencia/València;Valencia;-0.46266;39.490856
Tous;Valencia/València;Valencia;-0.586654;39.13945
Aldaia;Valencia/València;Valencia;-0.469818;39.46307
Xirivella;Valencia/València;Valencia;-0.405479;39.462288
Albal;Valencia/València;Valencia;-0.385702;39.40417
Alzira;Valencia/València;Valencia;-0.423511;39.166275
Alcàsser;Valencia/València;Valencia;-0.438243;39.364357
Benifaió;Valencia/València;Valencia;-0.425035;39.28678
Gandia;Valencia/València;Valencia;-0.185155;38.98472
Alzira;Valencia/València;Valencia;-0.429202;39.15545
Albalat de la Ribera;Valencia/València;Valencia;-0.389655;39.203194
Paiporta;Valencia/València;Valencia;-0.404827;39.4246
Montaverner;Valencia/València;Valencia;-0.48548;38.89132
Villargordo del Cabriel;Valencia/València;Valencia;-1.43924;39.53624
València;Valencia/València;Valencia;-0.3707;39.469
Meliana;Valencia/València;Valencia;-0.35023;39.52414
Eliana, l';Valencia/València;Valencia;-0.531595;39.57919
Almussafes;Valencia/València;Valencia;-0.412575;39.306152
Chelva;Valencia/València;Valencia;-0.995171;39.7531
Museros;Valencia/València;Valencia;-0.33704;39.561554
València;Valencia/València;Valencia;-0.401583;39.49538
Xirivella;Valencia/València;Valencia;-0.407027;39.45503
Albuixech;Valencia/València;Valencia;-0.30699;39.53964
Llíria;Valencia/València;Valencia;-0.584106;39.61992
Cullera;Valencia/València;Valencia;-0.255504;39.162834
Chiva;Valencia/València;Valencia;-0.61209;39.47483
Riba-roja de Túria;Valencia/València;Valencia;-0.575422;39.542957
València;Valencia/València;Valencia;-0.371307;39.482433
Cullera;Valencia/València;Valencia;-0.254669;39.185043
Sagunto/Sagunt;Valencia/València;Valencia;-0.264522;39.671146
Paterna;Valencia/València;Valencia;-0.441728;39.52922
Petrés;Valencia/València;Valencia;-0.26344;39.67416
València;Valencia/València;Valencia;-0.374625;39.46828
València;Valencia/València;Valencia;-0.386447;39.458996
Alboraia/Alboraya;Valencia/València;Valencia;-0.353505;39.49663
Mogente/Moixent;Valencia/València;Valencia;-0.388208;39.466965
Xirivella;Valencia/València;Valencia;-0.409922;39.46718
València;Valencia/València;Valencia;-0.356764;39.47087
València;Valencia/València;Valencia;-0.370565;39.470055
Alaquàs;Valencia/València;Valencia;-0.469211;39.45644
Sagunto/Sagunt;Valencia/València;Valencia;-0.26435;39.66721
Paterna;Valencia/València;Valencia;-0.453566;39.512207
Paterna;Valencia/València;Valencia;-0.453566;39.512207
Cofrentes;Valencia/València;Valencia;-1.094675;39.486664
Cofrentes;Valencia/València;Valencia;-1.094705;39.486694
València;Valencia/València;Valencia;-0.3235797;39.44272
Petrés;Valencia/València;Valencia;-0.2486565;39.671707
Riba-roja de Túria;Valencia/València;Valencia;-0.5376735;39.549885
Foios;Valencia/València;Valencia;-0.3503835;39.537495
Piles;Valencia/València;Valencia;-0.1342492;38.944252
Vallés;Valencia/València;Valencia;-0.5147624;39.57606
Daimús;Valencia/València;Valencia;-0.1539121;38.971004
Nàquera/Náquera;Valencia/València;Valencia;-0.4292653;39.647507
Pobla de Vallbona, la;Valencia/València;Valencia;-0.5602954;39.598907
Manises;Valencia/València;Valencia;-0.4646875;39.496437
Alcàntera de Xúquer;Valencia/València;Valencia;-0.558851;39.06725
Sant Joanet;Valencia/València;Valencia;-0.4869963;39.07142
València;Valencia/València;Valencia;-0.3851317;39.483925
Alboraia/Alboraya;Valencia/València;Valencia;-0.3580497;39.50364
Paterna;Valencia/València;Valencia;-0.4523188;39.507084
Montserrat;Valencia/València;Valencia;-0.5976413;39.356606
Bétera;Valencia/València;Valencia;-0.4709532;39.561207
Alcàsser;Valencia/València;Valencia;-0.4392179;39.36622
Paterna;Valencia/València;Valencia;-0.4735454;39.5312
Paiporta;Valencia/València;Valencia;-0.4210382;39.42416
Torrent;Valencia/València;Valencia;-0.4690182;39.42469
Vallés;Valencia/València;Valencia;-0.4821315;39.551704
València;Valencia/València;Valencia;-0.39103;39.494923
Xirivella;Valencia/València;Valencia;-0.3995867;39.462402
Chiva;Valencia/València;Valencia;-0.6045962;39.451954
Canet d'En Berenguer;Valencia/València;Valencia;-0.2072014;39.680145
Guardamar de la Safor;Valencia/València;Valencia;-0.1441463;38.951046
Benaguasil;Valencia/València;Valencia;-0.5934455;39.59478
Riba-roja de Túria;Valencia/València;Valencia;-0.560998;39.544838
Alfara del Patriarca;Valencia/València;Valencia;-0.3868845;39.542778
Catadau;Valencia/València;Valencia;-0.5710578;39.27756
Alcàsser;Valencia/València;Valencia;-0.4606862;39.366016
València;Valencia/València;Valencia;-0.370837;39.48311
Almussafes;Valencia/València;Valencia;-0.4154916;39.294865
Aldaia;Valencia/València;Valencia;-0.4583169;39.466335
Aldaia;Valencia/València;Valencia;-0.4624084;39.46003
València;Valencia/València;Valencia;-0.3878905;39.461292
Alfafar;Valencia/València;Valencia;-0.3810352;39.42597
Alfafar;Valencia/València;Valencia;-0.3978611;39.4187
València;Valencia/València;Valencia;-0.3793068;39.495
València;Valencia/València;Valencia;-0.3856652;39.491337
Torrent;Valencia/València;Valencia;-0.4756177;39.432022
València;Valencia/València;Valencia;-0.3755711;39.460766
València;Valencia/València;Valencia;-0.391744;39.432274
Alginet;Valencia/València;Valencia;-0.4709115;39.26068
Sueca;Valencia/València;Valencia;-0.2764022;39.27368
Ontinyent;Valencia/València;Valencia;-0.6028774;38.82447
Paterna;Valencia/València;Valencia;-0.453621;39.51246
Sagunto/Sagunt;Valencia/València;Valencia;-0.264082;39.667255
València;Valencia/València;Valencia;-0.355657;39.468494
València;Valencia/València;Valencia;-0.355627;39.468475
València;Valencia/València;Valencia;-0.368243;39.445683
València;Valencia/València;Valencia;-0.368293;39.4457
Gandia;Valencia/València;Valencia;-0.169601;38.971737
Vilamarxant;Valencia/València;Valencia;-0.62426;39.57302
Enguera;Valencia/València;Valencia;-0.69095;38.97914
Ontinyent;Valencia/València;Valencia;-0.611658;38.82638
Xàtiva;Valencia/València;Valencia;-0.513357;38.996304
Mogente/Moixent;Valencia/València;Valencia;-0.386719;39.473232
Torrent;Valencia/València;Valencia;-0.456288;39.440575
Torrent;Valencia/València;Valencia;-0.457441;39.441044
València;Valencia/València;Valencia;-0.360141;39.490685
Carcaixent;Valencia/València;Valencia;-0.442552;39.127094
Bétera;Valencia/València;Valencia;-0.483861;39.57415
Paiporta;Valencia/València;Valencia;-0.412355;39.429012
Carcaixent;Valencia/València;Valencia;-0.45311;39.11793
Albal;Valencia/València;Valencia;-0.385212;39.404274
Mislata;Valencia/València;Valencia;-0.419061;39.471222
Petrés;Valencia/València;Valencia;-0.271665;39.679577
València;Valencia/València;Valencia;-0.390977;39.456745
València;Valencia/València;Valencia;-0.336058;39.464993
València;Valencia/València;Valencia;-0.352494;39.466087
Canet d'En Berenguer;Valencia/València;Valencia;-0.207923;39.679558
Alaquàs;Valencia/València;Valencia;-0.469147;39.4479
Xirivella;Valencia/València;Valencia;-0.3954605;39.45723
Cullera;Valencia/València;Valencia;-0.261959;39.178024
Torrent;Valencia/València;Valencia;-0.456123;39.441216
Torrent;Valencia/València;Valencia;-0.491817;39.400677
Villargordo del Cabriel;Valencia/València;Valencia;-1.433511;39.52892
Torrent;Valencia/València;Valencia;-0.49283;39.400467
Alfafar;Valencia/València;Valencia;-0.380054;39.415997
Alboraia/Alboraya;Valencia/València;Valencia;-0.32543;39.4898
Alboraia/Alboraya;Valencia/València;Valencia;-0.34468;39.50201
Alboraia/Alboraya;Valencia/València;Valencia;-0.34633;39.49975
Museros;Valencia/València;Valencia;-0.334236;39.56415
Xirivella;Valencia/València;Valencia;-0.400144;39.46081
Caudete de las Fuentes;Valencia/València;Valencia;-1.312051;39.53936
València;Valencia/València;Valencia;-0.404345;39.48779
Torrent;Valencia/València;Valencia;-0.456419;39.439144
València;Valencia/València;Valencia;-0.383738;39.495743
València;Valencia/València;Valencia;-0.35446;39.4626
València;Valencia/València;Valencia;-0.357665;39.49362
València;Valencia/València;Valencia;-0.336531;39.47374
València;Valencia/València;Valencia;-0.352265;39.47619
València;Valencia/València;Valencia;-0.360979;39.489624
Puçol;Valencia/València;Valencia;-0.3034;39.6229
València;Valencia/València;Valencia;-0.362534;39.483475
Sagunto/Sagunt;Valencia/València;Valencia;-0.248213;39.64332
Paiporta;Valencia/València;Valencia;-0.407543;39.434788
Aldaia;Valencia/València;Valencia;-0.458678;39.46943
Alfafar;Valencia/València;Valencia;-0.379089;39.421425
Alfafar;Valencia/València;Valencia;-0.381149;39.41072
Aldaia;Valencia/València;Valencia;-0.465302;39.471493
Cofrentes;Valencia/València;Valencia;-1.105832;39.4841
Albal;Valencia/València;Valencia;-0.407479;39.410748
Alcàsser;Valencia/València;Valencia;-0.456342;39.361874
València;Valencia/València;Valencia;-0.401191;39.478752
València;Valencia/València;Valencia;-0.379573;39.449585
Utiel;Valencia/València;Valencia;-1.212855;39.56358
Llíria;Valencia/València;Valencia;-0.590102;39.635918
Burjassot;Valencia/València;Valencia;-0.405687;39.501263
Benaguasil;Valencia/València;Valencia;-0.582584;39.599453
Ador;Valencia/València;Valencia;-0.211568;38.93423
Rafelbunyol;Valencia/València;Valencia;-0.324102;39.585125
Massalavés;Valencia/València;Valencia;-0.527742;39.15396
Massalavés;Valencia/València;Valencia;-0.529238;39.154736
València;Valencia/València;Valencia;-0.39824;39.48787
Mislata;Valencia/València;Valencia;-0.429718;39.47214
Beniparrell;Valencia/València;Valencia;-0.414043;39.378624
Sagunto/Sagunt;Valencia/València;Valencia;-0.215688;39.663025
Torrent;Valencia/València;Valencia;-0.483439;39.426952
Sagunto/Sagunt;Valencia/València;Valencia;-0.225545;39.666435
Ontinyent;Valencia/València;Valencia;-0.58802;38.82691
Gandia;Valencia/València;Valencia;-0.18166;38.9716
València;Valencia/València;Valencia;-0.334149;39.45245
Alcàsser;Valencia/València;Valencia;-0.46643;39.364147
Puig de Santa Maria, el;Valencia/València;Valencia;-0.2992;39.5876
Xirivella;Valencia/València;Valencia;-0.4041;39.4572
Sagunto/Sagunt;Valencia/València;Valencia;-0.2247;39.668
Alcàsser;Valencia/València;Valencia;-0.4555;39.3606
Bétera;Valencia/València;Valencia;-0.4868136;39.57055
Xeraco;Valencia/València;Valencia;-0.2283297;39.04079
Xeraco;Valencia/València;Valencia;-0.2266238;39.039024
Carlet;Valencia/València;Valencia;-0.520903;39.223717
Alginet;Valencia/València;Valencia;-0.466469;39.263733
Buñol;Valencia/València;Valencia;-0.779574;39.43008
Mislata;Valencia/València;Valencia;-0.420218;39.474457
Alaquàs;Valencia/València;Valencia;-0.466796;39.45703
Mogente/Moixent;Valencia/València;Valencia;-0.392447;39.47118
Vallés;Valencia/València;Valencia;-0.48794;39.55267
Alfafar;Valencia/València;Valencia;-0.398247;39.42059
Torrent;Valencia/València;Valencia;-0.461493;39.43867
Canet d'En Berenguer;Valencia/València;Valencia;-0.212935;39.674812
Eliana, l';Valencia/València;Valencia;-0.533692;39.566208
Puçol;Valencia/València;Valencia;-0.30842;39.61576
Benaguasil;Valencia/València;Valencia;-0.590118;39.594173
Canet d'En Berenguer;Valencia/València;Valencia;-0.22109;39.678646
Carcaixent;Valencia/València;Valencia;-0.45384;39.11987
València;Valencia/València;Valencia;-0.36745;39.46622
València;Valencia/València;Valencia;-0.355463;39.455303
Burjassot;Valencia/València;Valencia;-0.416926;39.507072
Rafelbunyol;Valencia/València;Valencia;-0.341129;39.59063
València;Valencia/València;Valencia;-0.334413;39.46833
Almussafes;Valencia/València;Valencia;-0.42517;39.50463
Alzira;Valencia/València;Valencia;-0.43929;39.14999
Almussafes;Valencia/València;Valencia;-0.414043;39.294426
Massalfassar;Valencia/València;Valencia;-0.327617;39.557007
Petrés;Valencia/València;Valencia;-0.25192;39.67227
Almussafes;Valencia/València;Valencia;-0.412893;39.295704
Canet d'En Berenguer;Valencia/València;Valencia;-0.22109;39.678646
Paterna;Valencia/València;Valencia;-0.459495;39.5475
València;Valencia/València;Valencia;-0.37483;39.44452
Vallada;Valencia/València;Valencia;-0.6899;38.8994
Carcaixent;Valencia/València;Valencia;-0.450848;39.12293
Carcaixent;Valencia/València;Valencia;-0.44861;39.122536
Torrent;Valencia/València;Valencia;-0.503541;39.420467
Algemesí;Valencia/València;Valencia;-0.418498;39.21742
Losa del Obispo;Valencia/València;Valencia;-1.101528;39.706196
Albal;Valencia/València;Valencia;-0.41327;39.39038
Pobla de Farnals, la;Valencia/València;Valencia;-0.326583;39.57775
Oliva;Valencia/València;Valencia;-0.059757;38.899868
Petrés;Valencia/València;Valencia;-0.28426;39.681686
Burjassot;Valencia/València;Valencia;-0.411241;39.50835
Massamagrell;Valencia/València;Valencia;-0.34901;39.58301
Eliana, l';Valencia/València;Valencia;-0.525195;39.56848
Oliva;Valencia/València;Valencia;-0.0965;38.93065
València;Valencia/València;Valencia;-0.326176;39.474712
València;Valencia/València;Valencia;-0.40434;39.47053
València;Valencia/València;Valencia;-0.382481;39.45925
Alzira;Valencia/València;Valencia;-0.433659;39.14984
Alzira;Valencia/València;Valencia;-0.42725;39.150955
València;Valencia/València;Valencia;-0.359909;39.48954
València;Valencia/València;Valencia;-0.388777;39.44857
Benifaió;Valencia/València;Valencia;-0.422372;39.28854
Burjassot;Valencia/València;Valencia;-0.410323;39.5122
Oliva;Valencia/València;Valencia;-0.113484;38.918655
Petrés;Valencia/València;Valencia;-0.283116;39.685776
Gandia;Valencia/València;Valencia;-0.193337;38.96711
Algemesí;Valencia/València;Valencia;-0.431819;39.19069
València;Valencia/València;Valencia;-0.364019;39.465477
València;Valencia/València;Valencia;-0.37407;39.45323
València;Valencia/València;Valencia;-0.363981;39.47677
Alberic;Valencia/València;Valencia;-0.524327;39.11977
Sollana;Valencia/València;Valencia;-0.374695;39.27355
Godella;Valencia/València;Valencia;-0.424502;39.528557
Bétera;Valencia/València;Valencia;-0.465495;39.593998
Godella;Valencia/València;Valencia;-0.435384;39.53329
Godella;Valencia/València;Valencia;-0.435384;39.53329
Godella;Valencia/València;Valencia;-0.435384;39.53329
Godella;Valencia/València;Valencia;-0.435384;39.53329
Eliana, l';Valencia/València;Valencia;-0.536569;39.559948
Puig de Santa Maria, el;Valencia/València;Valencia;-0.302122;39.585934
València;Valencia/València;Valencia;-0.3798492;39.471226
Pobla de Vallbona, la;Valencia/València;Valencia;-0.548423;39.58092
Gandia;Valencia/València;Valencia;-0.180889;38.97103
València;Valencia/València;Valencia;-0.3626;39.49429
Canet d'En Berenguer;Valencia/València;Valencia;-0.20363;39.68087
València;Valencia/València;Valencia;-0.3966454;39.49189
València;Valencia/València;Valencia;-0.3798492;39.471226
València;Valencia/València;Valencia;-0.368263;39.468575
Sueca;Valencia/València;Valencia;-0.30527;39.20267
Canals;Valencia/València;Valencia;-0.5854224;38.96444
València;Valencia/València;Valencia;-0.422867;39.500484
València;Valencia/València;Valencia;-0.36965;39.44521
Gandia;Valencia/València;Valencia;-0.162346;38.991703
Sagunto/Sagunt;Valencia/València;Valencia;-0.238852;39.66278
Museros;Valencia/València;Valencia;-0.337907;39.55851
Torrent;Valencia/València;Valencia;-0.504355;39.42112
Cullera;Valencia/València;Valencia;-0.25463;39.156116
Mislata;Valencia/València;Valencia;-0.424249;39.4797
Albal;Valencia/València;Valencia;-0.398896;39.413258
Vilallonga/Villalonga;Valencia/València;Valencia;-0.20852;38.88811
Alcúdia, l';Valencia/València;Valencia;-0.503851;39.198395
Puig de Santa Maria, el;Valencia/València;Valencia;-0.30269;39.592735
Enguera;Valencia/València;Valencia;-0.687532;38.98227
Ontinyent;Valencia/València;Valencia;-0.604652;38.81847
Olleria, l';Valencia/València;Valencia;-0.556926;38.91571
Alcúdia de Crespins, l';Valencia/València;Valencia;-0.592242;38.974754
Cullera;Valencia/València;Valencia;-0.253646;39.15738
Ayora;Valencia/València;Valencia;-1.053334;39.05966
Riba-roja de Túria;Valencia/València;Valencia;-0.574961;39.545345
València;Valencia/València;Valencia;-0.403438;39.494816
Ontinyent;Valencia/València;Valencia;-0.592146;38.82668
Torrent;Valencia/València;Valencia;-0.456391;39.439117
València;Valencia/València;Valencia;-0.37555057;39.471
Real;Valencia/València;Valencia;-0.61;39.34
Almussafes;Valencia/València;Valencia;-0.4183;39.3086
Petrés;Valencia/València;Valencia;-0.309552;39.68352
Eliana, l';Valencia/València;Valencia;-0.5336;39.5662
València;Valencia/València;Valencia;-0.405658;39.467625
Alfafar;Valencia/València;Valencia;-0.385786;39.421402
València;Valencia/València;Valencia;-0.37065;39.454758
Chiva;Valencia/València;Valencia;-0.726079;39.462826
València;Valencia/València;Valencia;-0.401345;39.49456
València;Valencia/València;Valencia;-0.348026;39.458378
Alfafar;Valencia/València;Valencia;-0.373873;39.420708
Massalavés;Valencia/València;Valencia;-0.52138;39.13749
Manises;Valencia/València;Valencia;-0.48537;39.498158
València;Valencia/València;Valencia;-0.343238;39.463135
València;Valencia/València;Valencia;-0.357268;39.455803
Xàtiva;Valencia/València;Valencia;-0.526966;38.998245
València;Valencia/València;Valencia;-0.391125;39.481106
Llosa de Ranes, la;Valencia/València;Valencia;-0.54416;39.01688
Carlet;Valencia/València;Valencia;-0.488846;39.23243
Cullera;Valencia/València;Valencia;-0.2421496;39.169056
Cullera;Valencia/València;Valencia;-0.2516016;39.159218
Cullera;Valencia/València;Valencia;-0.24415039;39.165436
Cullera;Valencia/València;Valencia;-0.24218868;39.158104
Cullera;Valencia/València;Valencia;-0.2570794;39.16417
Cullera;Valencia/València;Valencia;-0.2544519;39.161552
Cullera;Valencia/València;Valencia;-0.2421401;39.166126
Cullera;Valencia/València;Valencia;-0.2427057;39.16117
Cullera;Valencia/València;Valencia;-0.25598446;39.16237
València;Valencia/València;Valencia;-0.38302;39.48999
València;Valencia/València;Valencia;-0.38272;39.46331
València;Valencia/València;Valencia;-0.36179;39.45802
Xàtiva;Valencia/València;Valencia;-0.5204636;38.997143
Tavernes de la Valldigna;Valencia/València;Valencia;-0.2733101;39.068558
Alberic;Valencia/València;Valencia;-0.537396;39.09007
Chiva;Valencia/València;Valencia;-0.6453448;39.471542
València;Valencia/València;Valencia;-0.3477778;39.46389
València;Valencia/València;Valencia;-0.4003787;39.49158
València;Valencia/València;Valencia;-0.3587912;39.463383
Riba-roja de Túria;Valencia/València;Valencia;-0.5560481;39.542507
Xirivella;Valencia/València;Valencia;-0.4053986;39.456352
València;Valencia/València;Valencia;-0.4063998;39.481575
Quintanilla de Onésimo;Valladolid;Castilla y León;-4.324344;41.629387
Valladolid;Valladolid;Castilla y León;-4.710149;41.629353
Cistérniga;Valladolid;Castilla y León;-4.684803;41.611687
Tordesillas;Valladolid;Castilla y León;-4.730014;41.64822
Valladolid;Valladolid;Castilla y León;-4.742118;41.63622
Valladolid;Valladolid;Castilla y León;-4.718668;41.61918
Valladolid;Valladolid;Castilla y León;-4.735924;41.64872
Valladolid;Valladolid;Castilla y León;-4.746889;41.63624
Valladolid;Valladolid;Castilla y León;-4.719545;41.654957
Laguna de Duero;Valladolid;Castilla y León;-4.726251;41.58724
Simancas;Valladolid;Castilla y León;-4.82411;41.5916
Valladolid;Valladolid;Castilla y León;-4.724331;41.652752
Zaratán;Valladolid;Castilla y León;-4.780455;41.661484
Valladolid;Valladolid;Castilla y León;-4.736001;41.648735
Valladolid;Valladolid;Castilla y León;-4.731015;41.655773
Valladolid;Valladolid;Castilla y León;-4.727333;41.643585
Laguna de Duero;Valladolid;Castilla y León;-4.71882;41.58686
Valladolid;Valladolid;Castilla y León;-4.747645;41.619064
Valladolid;Valladolid;Castilla y León;-4.705924;41.616333
Valladolid;Valladolid;Castilla y León;-4.719507;41.648315
Mayorga;Valladolid;Castilla y León;-5.26236;42.16892
Quintanilla de Onésimo;Valladolid;Castilla y León;-4.324344;41.629456
Valladolid;Valladolid;Castilla y León;-4.745014;41.645046
Cistérniga;Valladolid;Castilla y León;-4.682474;41.611973
Simancas;Valladolid;Castilla y León;-4.829591;41.591373
Olmedo;Valladolid;Castilla y León;-4.67961;41.2892
Olivares de Duero;Valladolid;Castilla y León;-4.26251;41.62972
Tordesillas;Valladolid;Castilla y León;-4.725323;41.648754
Tordesillas;Valladolid;Castilla y León;-4.731884;41.65283
Valladolid;Valladolid;Castilla y León;-4.747981;41.618774
Aldeamayor de San Martín;Valladolid;Castilla y León;-4.658719;41.54151
Valladolid;Valladolid;Castilla y León;-4.740017;41.65314
Laguna de Duero;Valladolid;Castilla y León;-4.719399;41.57954
Valladolid;Valladolid;Castilla y León;-4.746001;41.638195
Valladolid;Valladolid;Castilla y León;-4.720923;41.674225
Valladolid;Valladolid;Castilla y León;-4.748989;41.61237
Valladolid;Valladolid;Castilla y León;-4.737783;41.65585
Valladolid;Valladolid;Castilla y León;-4.73668;41.62838
Cubillas de Santa Marta;Valladolid;Castilla y León;-4.597436;41.82064
Olivares de Duero;Valladolid;Castilla y León;-4.318316;41.642696
Medina del Campo;Valladolid;Castilla y León;-4.896514;41.31145
Medina del Campo;Valladolid;Castilla y León;-4.908572;41.30156
Valladolid;Valladolid;Castilla y León;-4.723978;41.67503
Valladolid;Valladolid;Castilla y León;-4.723948;41.67503
Valladolid;Valladolid;Castilla y León;-4.757864;41.620457
Valladolid;Valladolid;Castilla y León;-4.748319;41.621502
Valladolid;Valladolid;Castilla y León;-4.748299;41.62154
Valladolid;Valladolid;Castilla y León;-4.725237;41.67135
Mojados;Valladolid;Castilla y León;-4.666631;41.43393
Íscar;Valladolid;Castilla y León;-4.506628;41.36833
Valladolid;Valladolid;Castilla y León;-4.735722;41.619473
San Miguel del Pino;Valladolid;Castilla y León;-4.897237;41.542202
Valladolid;Valladolid;Castilla y León;-4.756304;41.621506
Valladolid;Valladolid;Castilla y León;-4.718901;41.674446
Valladolid;Valladolid;Castilla y León;-4.728412;41.667873
Valladolid;Valladolid;Castilla y León;-4.727401;41.62987
Arroyo de la Encomienda;Valladolid;Castilla y León;-4.773732;41.622746
Valladolid;Valladolid;Castilla y León;-4.724259;41.67259
Valladolid;Valladolid;Castilla y León;-4.6945;41.6467
Íscar;Valladolid;Castilla y León;-4.540019;41.359295
Medina del Campo;Valladolid;Castilla y León;-4.909067;41.301678
Mojados;Valladolid;Castilla y León;-4.666846;41.452637
Valladolid;Valladolid;Castilla y León;-4.746664;41.638054
Ataquines;Valladolid;Castilla y León;-4.807545;41.18201
Tordesillas;Valladolid;Castilla y León;-4.945926;41.51741
Tordesillas;Valladolid;Castilla y León;-5.00457;41.501053
Valladolid;Valladolid;Castilla y León;-4.721865;41.637203
Valladolid;Valladolid;Castilla y León;-4.734207;41.641174
Quintanilla de Onésimo;Valladolid;Castilla y León;-4.369998;41.623886
Olivares de Duero;Valladolid;Castilla y León;-4.258472;41.638935
Valladolid;Valladolid;Castilla y León;-4.727157;41.666275
Olivares de Duero;Valladolid;Castilla y León;-4.258888;41.64033
Valladolid;Valladolid;Castilla y León;-4.726406;41.63261
Valladolid;Valladolid;Castilla y León;-4.708112;41.64558
Valladolid;Valladolid;Castilla y León;-4.729794;41.66616
Valladolid;Valladolid;Castilla y León;-4.762734;41.60424
Castronuño;Valladolid;Castilla y León;-5.264096;41.390682
Valladolid;Valladolid;Castilla y León;-4.761447;41.615334
Tordesillas;Valladolid;Castilla y León;-5.019691;41.515945
Pedrosa del Rey;Valladolid;Castilla y León;-5.213608;41.518276
Valladolid;Valladolid;Castilla y León;-4.73224;41.642452
Valladolid;Valladolid;Castilla y León;-4.764117;41.641186
Valladolid;Valladolid;Castilla y León;-4.694335;41.646385
Tordesillas;Valladolid;Castilla y León;-4.942309;41.518215
Alaejos;Valladolid;Castilla y León;-5.224892;41.301476
Valladolid;Valladolid;Castilla y León;-4.717486;41.61983
Valladolid;Valladolid;Castilla y León;-4.69666;41.62076
Valladolid;Valladolid;Castilla y León;-4.769253;41.628284
Valladolid;Valladolid;Castilla y León;-4.741015;41.65771
Valladolid;Valladolid;Castilla y León;-4.736955;41.657055
Valladolid;Valladolid;Castilla y León;-4.719697;41.620743
Zamora;Zamora;Castilla y León;-5.746492;41.512802
Villalpando;Zamora;Castilla y León;-5.379479;41.826984
San Cebrián de Castro;Zamora;Castilla y León;-5.751601;41.70422
Rabanales;Zamora;Castilla y León;-6.278484;41.739582
Zamora;Zamora;Castilla y León;-5.74612;41.51463
Muelas del Pan;Zamora;Castilla y León;-5.96703;41.52116
Vezdemarbán;Zamora;Castilla y León;-5.365855;41.654823
Benavente;Zamora;Castilla y León;-5.678612;41.993324
Muelas del Pan;Zamora;Castilla y León;-5.96704;41.52112
Trabazos;Zamora;Castilla y León;-6.496523;41.74375
Cobreros;Zamora;Castilla y León;-6.642669;42.061142
Villalpando;Zamora;Castilla y León;-5.416823;41.859493
Villalpando;Zamora;Castilla y León;-5.378892;41.82612
Zamora;Zamora;Castilla y León;-5.755018;41.521126
Zamora;Zamora;Castilla y León;-5.74736;41.51141
Bermillo de Sayago;Zamora;Castilla y León;-6.102296;41.368122
Zamora;Zamora;Castilla y León;-5.759514;41.526314
Alcañices;Zamora;Castilla y León;-6.342305;41.697346
Zamora;Zamora;Castilla y León;-5.747546;41.51543
Benavente;Zamora;Castilla y León;-5.660117;42.003227
Carbajales de Alba;Zamora;Castilla y León;-5.9935;41.6506
Andavías;Zamora;Castilla y León;-5.854606;41.593483
Fermoselle;Zamora;Castilla y León;-6.39916;41.315086
Galende;Zamora;Castilla y León;-6.647703;42.092625
Villafáfila;Zamora;Castilla y León;-5.595424;41.855495
Zamora;Zamora;Castilla y León;-5.718848;41.521973
Zamora;Zamora;Castilla y León;-5.720748;41.52189
San Esteban del Molar;Zamora;Castilla y León;-5.545129;41.939377
Tábara;Zamora;Castilla y León;-5.9502416;41.820766
Zaragoza;Zaragoza;Aragón;-0.860039;41.6363
Zaragoza;Zaragoza;Aragón;-0.860318;41.6358
Borja;Zaragoza;Aragón;-1.519394;41.83104
Zaragoza;Zaragoza;Aragón;-0.87599;41.616703
Almonacid de la Sierra;Zaragoza;Aragón;-1.299314;41.410625
Cetina;Zaragoza;Aragón;-1.964591;41.305973
Zaragoza;Zaragoza;Aragón;-0.93704;41.65639
Zaragoza;Zaragoza;Aragón;-0.86065;41.67022
Zaragoza;Zaragoza;Aragón;-0.902135;41.638287
Zaragoza;Zaragoza;Aragón;-0.98919;41.65956
Calatayud;Zaragoza;Aragón;-1.64168;41.32703
Zuera;Zaragoza;Aragón;-0.78359;41.88304
Cariñena;Zaragoza;Aragón;-1.206406;41.362667
Alberite de San Juan;Zaragoza;Aragón;-1.475241;41.7622
Ariza;Zaragoza;Aragón;-2.003104;41.3113
Ariza;Zaragoza;Aragón;-2.001533;41.31289
Zaragoza;Zaragoza;Aragón;-0.92309;41.66782
Villanueva de Gállego;Zaragoza;Aragón;-0.83822;41.75521
Zaragoza;Zaragoza;Aragón;-0.890016;41.670433
Nuévalos;Zaragoza;Aragón;-1.782325;41.19347
Calatayud;Zaragoza;Aragón;-1.667795;41.325336
Burgo de Ebro, El;Zaragoza;Aragón;-0.741913;41.569695
Burgo de Ebro, El;Zaragoza;Aragón;-0.741883;41.569664
Zaragoza;Zaragoza;Aragón;-0.870981;41.666134
Calatayud;Zaragoza;Aragón;-1.667825;41.325367
Zaragoza;Zaragoza;Aragón;-0.906568;41.66184
Anento;Zaragoza;Aragón;-1.333968;41.06982
Anento;Zaragoza;Aragón;-1.333968;41.06982
María de Huerva;Zaragoza;Aragón;-0.994009;41.541286
María de Huerva;Zaragoza;Aragón;-0.994148;41.541405
Zaragoza;Zaragoza;Aragón;-0.846066;41.62368
Illueca;Zaragoza;Aragón;-1.628813;41.536125
Caspe;Zaragoza;Aragón;-0.06765;41.24909
Zaragoza;Zaragoza;Aragón;-0.923986;41.633415
Zaragoza;Zaragoza;Aragón;-0.890011;41.67084
Almunia de Doña Godina, La;Zaragoza;Aragón;-1.377524;41.477905
Zaragoza;Zaragoza;Aragón;-0.8086724;41.665634
Calatayud;Zaragoza;Aragón;-1.623128;41.3584
Calatayud;Zaragoza;Aragón;-1.6401507;41.33122
Zaragoza;Zaragoza;Aragón;-0.8614023;41.632866
Zaragoza;Zaragoza;Aragón;-0.9271814;41.66084
Zaragoza;Zaragoza;Aragón;-0.9258108;41.660816
Calatayud;Zaragoza;Aragón;-1.642669;41.33558
Zaragoza;Zaragoza;Aragón;-0.887544;41.662277
Zaragoza;Zaragoza;Aragón;-0.922777;41.62692
Zaragoza;Zaragoza;Aragón;-0.881957;41.609787
Zaragoza;Zaragoza;Aragón;-0.898183;41.64973
Zaragoza;Zaragoza;Aragón;-0.909311;41.633404
Gallur;Zaragoza;Aragón;-1.32052;41.834705
Sobradiel;Zaragoza;Aragón;-1.031231;41.730312
Sobradiel;Zaragoza;Aragón;-1.030398;41.73174
Zaragoza;Zaragoza;Aragón;-0.861833;41.63453
Almunia de Doña Godina, La;Zaragoza;Aragón;-1.370204;41.4846
Ejea de los Caballeros;Zaragoza;Aragón;-1.143566;42.11976
Zaragoza;Zaragoza;Aragón;-0.942887;41.669907
Tarazona;Zaragoza;Aragón;-1.723078;41.894474
Zaragoza;Zaragoza;Aragón;-0.939128;41.622868
Cariñena;Zaragoza;Aragón;-1.239903;41.34212
Calatayud;Zaragoza;Aragón;-1.6241;41.3533
Zaragoza;Zaragoza;Aragón;-0.892006;41.6073
Alagón;Zaragoza;Aragón;-1.12663;41.76583
Zaragoza;Zaragoza;Aragón;-0.904963;41.65572
Zaragoza;Zaragoza;Aragón;-0.87109;41.67312
Zaragoza;Zaragoza;Aragón;-0.887957;41.660934
Zaragoza;Zaragoza;Aragón;-0.864655;41.647743
Almunia de Doña Godina, La;Zaragoza;Aragón;-1.372926;41.479416
Zaragoza;Zaragoza;Aragón;-0.937227;41.622734
Zaragoza;Zaragoza;Aragón;-0.862638;41.66407
Alagón;Zaragoza;Aragón;-1.125518;41.76558
Utebo;Zaragoza;Aragón;-0.997137;41.702736
Zaragoza;Zaragoza;Aragón;-0.94712;41.63745
Puebla de Alfindén, La;Zaragoza;Aragón;-0.754753;41.64069
Épila;Zaragoza;Aragón;-1.20842;41.554
Villanueva de Gállego;Zaragoza;Aragón;-0.831585;41.76181
Zaragoza;Zaragoza;Aragón;-0.885972;41.65148
Calatayud;Zaragoza;Aragón;-1.615368;41.358727
Pina de Ebro;Zaragoza;Aragón;-0.367479;41.496403
Épila;Zaragoza;Aragón;-1.237256;41.540104
Cariñena;Zaragoza;Aragón;-1.224383;41.340824
Zaragoza;Zaragoza;Aragón;-0.881977;41.657764
Zaragoza;Zaragoza;Aragón;-0.895417;41.649822
Borja;Zaragoza;Aragón;-1.523313;41.83176
Utebo;Zaragoza;Aragón;-0.988313;41.695015
Ariza;Zaragoza;Aragón;-2.0027764;41.313244
Paracuellos de Jiloca;Zaragoza;Aragón;-1.6430013;41.316273
Calatorao;Zaragoza;Aragón;-1.2892926;41.516155
Ariza;Zaragoza;Aragón;-2.0019095;41.311134
Calatayud;Zaragoza;Aragón;-1.5811791;41.372723
Zaragoza;Zaragoza;Aragón;-0.887669;41.655144
Zaragoza;Zaragoza;Aragón;-0.8767695;41.645836
Zaragoza;Zaragoza;Aragón;-0.914973;41.6566